country,year,sci_literacy,sci_trust,tech_acceptance,relative_salary,rd_budget_per_researcher,innovation_score,rd_gdp_pct,researchers_per_m,patent_apps,journal_articles,gdp_per_capita,gov_edu_exp_pct,internet_users_pct,hi_tech_export_pct,tertiary_enroll,mobile_subs_per100,secure_servers_per_m,youth_unemp_pct,tertiary_attainment,population,articles_per_m_log,patents_per_m_log,pisa_math,pisa_reading,country_name
AUS,2012,521.0,0.7532352837067715,0.7252246989881479,1.0321664141764384,,51.9,,,2627.0,46728.07,68301.4402512587,,79.0,17.2855553325245,,106.499711805776,3187.89942492269,11.728,29.0356309258349,22733465.0,7.62874865303287,4.758376266723163,504.0,512.0,Australia
AUS,2013,,,,1.1074788992314233,,53.07,2.17733,,3061.0,50921.2,68476.6788496118,,83.453497167,18.0075143774834,,107.332200908321,3505.12572806905,12.22,26.7437896728516,23128129.0,7.697439127804435,4.892974697835266,,,Australia
AUS,2014,,,,1.0772239063918911,,55.01,,,1988.0,52854.67,62817.2061751737,,84.0,18.9961304703814,,106.206237340596,3938.58564985066,13.311,28.6151294708252,23475686.0,7.719780160213816,4.450658656575331,,,Australia
AUS,2015,510.0,,,1.1044997647491075,,55.22,1.91969,,2291.0,54235.21,56970.3613028094,,84.5605149091408,19.6921472541598,119.679389953613,107.608142007003,4574.11080242501,13.11,29.7797794342041,23815995.0,7.731167221580917,4.576728065789476,494.0,503.0,Australia
AUS,2016,,,,1.1312298663562363,,53.07,,,2620.0,55173.81,50084.4440606385,,86.54000092,20.6275044745549,119.682777404785,109.128813718295,9810.21505311893,12.642,30.0298099517822,24190907.0,7.732705197404895,4.694143583471197,,,Australia
AUS,2017,,,,1.137861247041198,,51.83,1.88102,,2503.0,55219.84,54117.547718609,,86.5450488476768,18.0967924595604,109.993309020996,107.799761578952,21552.9166755447,12.592,31.3911895751953,24592588.0,7.717077749939492,4.632577485743885,,,Australia
AUS,2018,503.0,0.7346889705671269,0.6913043663662511,1.1546154043589116,,51.98,,,2757.0,56691.37,57410.1737346009,,90.0082016,18.1371018191307,103.322090148926,110.033134941946,32929.1953798659,11.935,31.7493305206299,24963258.0,7.728412448918986,4.713507101521651,491.0,503.0,Australia
AUS,2019,,,,1.1320605806196231,,50.34,1.82826,,2637.0,58770.26,55194.7585097428,,93.60990143,21.2199332352628,109.759559631348,109.752830879788,36763.583850941,11.452,33.0947799682617,25334826.0,7.749642242219984,4.65477879997512,,,Australia
AUS,2020,,,,1.127068067518234,,48.35,,,2368.0,58870.89,51983.4523666382,5.38625001907349,94.6934967,21.4757898705835,110.139221191406,104.930155780087,39862.7281392421,14.142,35.0234107971191,25649248.0,7.739023358064561,4.536060108986595,,,Australia
AUS,2021,,,,1.1488112715637442,,48.3,1.85783,,2966.0,61975.95,60758.9044397144,5.34109020233154,96.97219849,22.3940766008599,112.688293457031,105.118514623956,46481.5592601746,11.134,35.9570999145508,25685412.0,7.788992837011106,4.757668986237179,,,Australia
AUS,2022,507.0,,,1.0925066226416789,,47.1,,,,62305.03,65169.5191118657,5.05915021896362,96.11940002,25.8318704116272,106.240760803223,109.469171081514,48266.9382557275,8.468,36.8401489257812,26018721.0,7.781398637582474,,487.0,498.0,Australia
AUS,2023,,,,1.1101155011030766,,49.7,,,,,65058.3773146674,,96.1160965,25.2582777120781,104.64835357666,112.513177133796,47565.8931035132,8.388,35.7648347818291,26659922.0,,,,,Australia
AUT,2012,506.0,0.5757882356441866,0.5840008630702572,1.3610965440003515,299849.27598500607,53.1,2.93372,4720.81116,2258.0,12181.72,48250.4059142637,5.51612997055054,80.0299939169903,14.5446789024689,79.5471267700195,161.155633431895,1613.40623020831,9.561,,8429991.0,7.276587822431943,5.594165476911556,506.0,490.0,Austria
AUT,2013,,0.6033621853306917,0.5934771242159369,1.3877203837174177,313472.4907413455,51.87,2.97993,4782.1241,2162.0,12414.79,50305.3545774973,5.59404993057251,80.6188,15.3690648693427,80.9616012573242,156.483488704585,1857.46801554702,9.767,,8479823.0,7.289637014666282,5.545013961737231,,,Austria
AUT,2014,,0.5609011320438255,0.5810563691371182,1.2958524009261123,318846.9343083943,53.41,3.11263,5009.44199,2092.0,12632.76,51314.9722616322,5.49767017364502,80.9958249574764,15.4904490132481,81.0195693969727,151.531145320495,2345.32706103046,10.508,11.8733901977539,8546356.0,7.29922002004015,5.504447766127378,,,Austria
AUT,2015,495.0,0.5423316870074893,0.6200821660444623,1.3712505276338336,265665.1188148564,54.07,3.06917,5073.42857,2205.0,13137.08,43915.228020857,5.49143981933594,83.9401419315026,15.0327319949068,82.2563095092773,155.837138171172,3081.90763093797,10.91,13.0816698074341,8642699.0,7.327136796362695,5.545679799386103,497.0,485.0,Austria
AUT,2016,,0.5509264971330289,0.5990504955897765,1.3534883138401896,261470.0374050279,52.65,3.13356,5400.34772,2078.0,12976.33,45061.4993920192,5.50954008102417,84.3237425711653,14.4532591877111,82.8496932983398,126.797525496643,4449.98024418463,11.424,13.4557199478149,8736668.0,7.304026377034774,5.475827840547504,,,Austria
AUT,2017,,0.5601232180639275,0.5819318270869824,1.3975235874528291,267665.9607183165,53.1,3.07376,5416.07999,2073.0,13072.27,47163.7425775142,5.40181016921997,87.9355865856062,12.8851997037889,83.8392562866211,123.414865109678,7431.71463561626,9.971,14.2486295700073,8797566.0,7.304446147559575,5.466511921583418,,,Austria
AUT,2018,490.0,0.647734091973055,0.5863618727704113,1.3056354791071658,280030.2247433175,51.32,3.10828,5682.44087,2039.0,13121.29,51194.0749841299,5.25437021255493,87.4791372262556,11.6500759838374,85.8698883056641,124.230205900482,16705.0109377038,9.572,14.7956089091719,8840521.0,7.303319096353215,5.445195300957417,499.0,484.0,Austria
AUT,2019,,0.5612383996232685,0.6358776375316635,1.323997985524034,263211.6809503546,50.94,3.14405,5958.85643,2066.0,13708.07,49885.9947355204,5.23678016662598,87.7522047870069,11.4825348767666,86.3234329223633,120.776373862218,26298.32250741,8.767,15.3636302947998,8879920.0,7.34259501957317,5.453866013156266,,,Austria
AUT,2020,,0.6130346761120904,0.684072737692313,1.2641741064455871,268063.3352278676,50.13,3.20758,5829.2859,2124.0,14005.41,48716.4098900349,5.57961988449097,87.52942813,12.2718957660446,88.7071990966797,120.131806593244,33802.6911703487,10.325,15.9696032098267,8916864.0,7.3598911174928,5.477301426351605,,,Austria
AUT,2021,,0.5627921846573892,0.647499748407203,1.264063568134826,276231.40241520153,50.9,3.25565,6323.00331,1872.0,14969.64,53648.6437976214,5.48071002960205,92.52915104,11.017122140568,93.940071105957,121.357731973824,39775.2427840872,12.023,14.8791799545288,8955797.0,7.422076482048749,5.347234297180016,,,Austria
AUT,2022,491.0,0.6198271903862274,0.6451408502167033,1.2829162214560057,250762.19051068797,50.2,3.17775,6632.30683,,14537.08,52336.7725223758,5.27749013900757,93.61409139,14.9141702472602,94.5116882324219,121.16645744796,39544.447259748,10.327,,9041851.0,7.38321578754004,,487.0,480.0,Austria
AUT,2023,,0.605428528983176,0.6632747841880762,1.2579015162110134,277638.9077454831,53.2,3.25517,6633.64894,,,56579.504175468,,95.33467117,15.9232697881169,91.6818237304688,121.746207105931,42281.0014410145,10.98,,9131761.0,,,,,Austria
BEL,2012,505.0,0.5760348644258934,0.6538205064249255,1.1470901745258029,247532.95580296137,54.3,2.27079,4116.61624,755.0,16327.84,44874.1709182123,6.56625986099243,80.7199905482042,8.9420007987591,69.7490615844727,110.856223685615,957.330070986299,19.738,,11106932.0,7.293737501190155,4.233752340007933,515.0,509.0,Belgium
BEL,2013,,0.5836953519580211,0.5619841578525159,1.1612908623877771,261868.97785359016,52.49,2.32047,4161.62059,715.0,16589.95,46964.5946777056,6.60135984420776,82.1702,10.6406117548271,71.7841110229492,110.348677756715,1260.55085185082,23.689,30.2483501434326,11159407.0,7.304941984517811,4.175486740252933,,,Belgium
BEL,2014,,0.5812406786537935,0.6399148404109456,1.1204983185063695,249076.3540343704,51.69,2.35858,4544.86674,889.0,16888.19,47995.7786961339,6.55866003036499,85.0012379539925,11.9393517315379,74.0397262573242,113.600257053471,1610.03731179171,23.225,31.2590198516846,11209057.0,7.3183112292961185,4.385904909680332,,,Belgium
BEL,2015,502.0,0.595376875363074,0.6101442433063132,1.133708776906568,210436.7202340174,50.91,2.43496,4731.81573,949.0,16730.49,40893.804537772,6.46963977813721,85.0529417508701,12.3351739681226,76.423942565918,113.29233233425,2038.46021481266,22.125,31.7094802856445,11274196.0,7.303145151900904,4.444702289871151,507.0,499.0,Belgium
BEL,2016,,0.6369447591897947,0.6241602696251346,1.1469828699037214,220939.1231230222,51.97,2.53291,4798.32663,1054.0,16792.56,41854.5498296444,6.48613023757935,86.5164766644457,13.3312451633933,77.2435073852539,110.74871736226,3047.27862045911,20.108,32.1669616699219,11331422.0,7.301786196163931,4.543461649432086,,,Belgium
BEL,2017,,0.517800246772061,0.6004130446788816,1.1439525407957252,247749.9895414025,49.85,2.67654,4757.30821,1001.0,16305.94,44035.3239358548,6.44915008544922,87.6796808175598,11.4917903557909,80.7738189697266,99.8303971992992,8300.54404519041,19.236,34.68994140625,11375158.0,7.268550247756564,4.488622635787355,,,Belgium
BEL,2018,499.0,0.5896944920647095,0.6279663148293237,1.1155425736395592,269814.94129302533,50.5,2.86365,5040.00069,892.0,16529.95,47487.2100392561,6.38883018493652,88.6473429951691,11.7058640594516,79.1237487792969,100.164027018171,13973.2427973124,15.748,33.7888681088514,11427054.0,7.277636519294397,4.370211667836307,508.0,493.0,Belgium
BEL,2019,,0.6040953726411734,0.6830013378409687,1.1437188912560683,278270.01054453966,50.18,3.15154,5290.87935,876.0,16644.86,46716.6227467964,6.32381010055542,90.275428012141,14.1440138847213,79.3044815063477,100.164960666171,19655.5307781892,14.236,35.3040084838867,11488980.0,7.279158427770501,4.347007789296903,,,Belgium
BEL,2020,,0.609679819690613,0.6674796572596312,1.0978913972418034,285339.4158599812,49.13,3.36823,5418.91258,862.0,16947.47,45906.2875805246,6.75470018386841,91.52641629,15.2618615789713,79.4996032714844,99.9100614924974,24215.3210215031,15.326,35.4660797015242,11538604.0,7.29285616945934,4.326854039991739,,,Belgium
BEL,2021,,0.5916425625603613,0.7079693481622984,1.0919062858676736,304878.9137729003,49.2,3.40589,5770.89032,799.0,18319.58,51658.238294958,6.38081979751587,92.78867618,21.3799638763737,82.6882019042969,101.462935633736,28369.365438783,18.206,37.5813460756875,11586195.0,7.366543657823493,4.247943380264076,,,Belgium
BEL,2022,491.0,0.5520983465256425,0.6973223566693307,1.1207183149492184,277951.41104275454,46.9,3.19592,5818.71223,,17612.3,50605.7496677086,6.27611017227173,94.00783071,22.8179135173265,83.5736465454102,101.680355820653,30850.8151822613,16.41,36.307492413537,11680210.0,7.319119808890451,,489.0,479.0,Belgium
BEL,2023,,0.6166398645114233,0.6811726003678872,1.1423089585706152,302052.0511444518,49.9,3.27235,5990.12849,,,55291.4754541329,,94.62625074,18.6668227645892,82.1475601196289,103.196426365374,33664.5855592207,16.119,37.4110337879949,11779946.0,,,,,Belgium
BRA,2012,402.0,,,1.9751076748502827,176064.66054645507,36.6,1.12684,801.40894,4798.0,48166.15,12521.7238454434,5.85510015487671,48.56,11.8872212915256,43.8344116210938,126.131962754994,71.4103906694906,15.854,,196876111.0,5.5039162247015865,3.2335932354338834,389.0,407.0,BRA
BRA,2013,,,,1.9256208521416744,174697.1338336329,36.33,1.19567,852.71699,4959.0,50197.15,12458.8903396625,5.8388500213623,51.04,11.9698618012495,44.9966697692871,136.589138644321,87.9491616360537,15.7,,198478299.0,5.536979940984303,3.2575232680639945,,,BRA
BRA,2014,,0.6219241979139796,0.6969661700806952,2.002558415786326,172560.55365861423,36.29,1.26971,903.20079,4659.0,52367.03,12274.9941630213,5.94848012924194,54.5510018796392,12.3711688680768,47.8131904602051,140.304679417776,113.841545053971,15.496,,200085127.0,5.571103104523704,3.1898625427097302,,,BRA
BRA,2015,401.0,,,1.9564680077914,,34.95,1.28464,,4641.0,53504.24,8936.1955889444,6.24105978012085,58.3279517340924,14.4858996246715,49.0805015563965,127.83616904008,161.164815967859,19.493,,201675532.0,5.584618304585511,3.178562514116012,377.0,407.0,BRA
BRA,2016,,,,1.9812675608499035,,33.19,1.19584,,5200.0,55719.12,8836.28546025694,6.31403017044067,60.8725400681261,16.0001642772964,48.9665794372559,120.101181531485,415.986539467638,26.596,15.3451795578003,203218114.0,5.617439332368363,3.280470146651436,,,BRA
BRA,2017,,,,1.9861481507041767,,33.1,1.1175,,5480.0,59143.03,10080.5078722821,6.32047986984253,67.4712845236305,14.3118892236086,50.7326316833496,108.092570205646,1605.82544177505,28.593,15.734580039978,204703445.0,5.669606887638605,3.323971918323901,,,BRA
BRA,2018,404.0,0.6074737508145004,0.6576775379750752,1.9881908051229995,,33.44,1.15016,,4980.0,63130.11,9300.66072904004,6.08851003646851,70.4342825404361,14.7442418256611,52.05712890625,101.602460284017,2069.60200203718,27.958,16.5433902740479,206107261.0,5.727815879391315,3.225341930938089,384.0,413.0,BRA
BRA,2019,,,,2.0386406446902963,,33.82,1.15115,,5464.0,66506.17,9029.83304401079,5.96346998214722,73.9124399133589,14.0668052120423,53.6215400695801,97.3747376780285,2788.39613470957,27.098,,207455459.0,5.773247829579283,3.3082843972830487,,,BRA
BRA,2020,,,,1.973214013408649,,31.94,1.21907,,5280.0,70490.47,7074.19407495707,5.7714900970459,81.34269353,11.3500942678804,55.529109954834,98.6456198619193,3144.86893520731,30.267,,208660842.0,5.825478389897934,3.269729409668271,,,BRA
BRA,2021,,,,1.9612751707041272,,34.2,1.13371,,4666.0,73727.34,7972.53696080695,5.4969801902771,80.68989314,9.00155420026002,57.6311988830566,104.824727184587,3546.59010881655,28.311,,209550294.0,5.866003397075208,3.1470244805053613,,,BRA
BRA,2022,403.0,,,1.9824049388571623,,32.5,1.18873,,,67030.59,9281.33282136864,5.61920976638794,80.52775094,9.11134627987528,61.0000915527344,101.245468903076,4685.09246377482,20.732,,210306415.0,5.767471332721895,,379.0,410.0,BRA
BRA,2023,,,,1.9699239606711925,,33.6,1.1938,,,,10377.5897719195,,84.15060238,9.849149349554,,101.020256020808,5628.66295682819,17.938,,211140729.0,,,,,BRA
CAN,2012,525.0,,,1.179373189705011,200725.46730483053,56.9,1.77303,4652.42914,4709.0,59761.57,52670.3447335415,,83.0,15.6186928492244,63.603271484375,79.3757242462141,2146.14560171945,14.036,24.7599844678335,34713395.0,7.451573151902173,4.917449889125292,518.0,523.0,Canada
CAN,2013,,,,1.235778580264247,193245.96208736577,57.6,1.70624,4647.61399,4567.0,60074.83,52638.1187235237,4.58899021148682,85.80000305,15.4941329115402,65.7477188110352,80.3548920843149,2363.0175566301,13.243,25.3839152221772,35080992.0,7.446270569954787,4.8766044244197255,,,Canada
CAN,2014,,,,1.1901108071269284,191464.6199388166,56.13,1.71482,4564.22043,4198.0,60858.96,50960.8431174661,4.84358978271484,87.12000275,14.6664530922053,67.1677017211914,80.790219211487,2698.08155801256,13.203,25.6870322073392,35434066.0,7.449222724205245,4.783095104819248,,,Canada
CAN,2015,528.0,,,1.217681083813192,162410.10705462488,55.73,1.6936,4545.96875,4277.0,61391.62,43594.1941045394,4.73936986923218,90.0,14.8286795335378,67.2690963745117,82.767383138656,3386.74415755684,12.759,26.577805675299,35704498.0,7.450333364291914,4.7940438047946925,516.0,527.0,Canada
CAN,2016,,,,1.2001786722242924,166259.2931163597,54.71,1.72903,4400.49278,4078.0,61324.12,42314.0615817218,4.81642007827759,91.16000366,14.0996116936098,69.2459411621094,84.5919452304565,10221.068747765,12.597,25.7544403076172,36110803.0,7.437925124841613,4.7355859303558665,,,Canada
CAN,2017,,,,1.2036336967534318,171897.9203092328,53.65,1.68702,4429.05796,4053.0,61601.66,45129.628116623,4.95998001098633,92.70140076,14.3488055729531,70.2687072753906,86.1024018448784,26565.3853494623,11.236,27.9425660305866,36545075.0,7.43049073933139,4.71764258404955,,,Canada
CAN,2018,518.0,,,1.1872707041309831,171436.0732362401,52.98,1.7372,4715.91861,4349.0,63648.46,46539.1761570405,4.88898992538452,94.64,15.4222842964733,69.3507232666016,89.0494584998715,30940.812923392,10.709,28.520011309014,37072620.0,7.448834006577239,4.77331079430579,512.0,520.0,Canada
CAN,2019,,,,1.243662054358302,167772.62368738683,53.88,1.75578,4850.93689,4238.0,64546.67,46352.8693445211,4.77293014526367,91.91290283,17.1309209127166,73.1128768920898,90.9589210049458,35872.9396271701,10.744,29.7712155335756,37618495.0,7.448230630281789,4.733188230342778,,,Canada
CAN,2020,,0.7016619655992478,0.709957966926608,1.2003885124325693,163331.17588128464,52.26,1.93413,5155.65021,4452.0,65331.55,43537.839298904,4.88794994354248,92.3,16.7587089775244,75.2389068603516,84.7747749116615,39858.7243645171,20.125,30.9708342335825,38028638.0,7.449472763317523,4.771274851422027,,,Canada
CAN,2021,,,,1.269073409452537,179628.4351141445,53.1,1.87064,5507.58596,4710.0,69684.17,52886.6616372703,4.74858999252319,93.93710327,16.33762888714,79.7657318115234,87.4056019628826,43542.2312171403,13.557,29.3322296142578,38239864.0,7.508398532233208,4.821650741717348,,,Canada
CAN,2022,515.0,,,1.2938614801778363,181336.4895733488,50.8,1.81291,5624.26883,,69051.87,56256.8007264015,4.84426021575928,94.0,15.1489765380468,78.8488311767578,91.2386689983444,43653.2998026964,10.082,32.3500860763309,38935934.0,7.481259368962164,,497.0,507.0,Canada
CAN,2023,,,,1.2731112562894893,,53.8,1.81048,,,,54220.3285039875,,94.14530182,16.3717954388263,76.2666931152344,94.1497268194785,42565.0375102124,10.806,32.8881839878328,40083484.0,,,,,Canada
CHE,2012,515.0,0.5998125400242598,0.6353055369205989,1.2886109870635498,548620.4680661204,68.2,2.87456,4497.48676,1480.0,20963.19,85836.2076767359,4.89862012863159,85.2,26.0587678960902,54.835620880127,132.03116268359,3486.49301269586,8.327,,7996861.0,7.871855630658559,5.226137016167178,531.0,509.0,Switzerland
CHE,2013,,0.653972199081932,0.6364823801690284,1.2840312707346937,,66.59,,,1525.0,21599.81,87304.3305813557,4.91392993927002,86.34,26.7510678341774,56.1812400817871,136.551244178553,3954.9550730059,8.743,,8089346.0,7.890266350020701,5.244492271715141,,,Switzerland
CHE,2014,,0.5923071748684247,0.6155105507773394,1.2711516684726276,,64.78,,,1480.0,22166.96,88724.9909402638,4.93057012557983,83.6172512621702,26.6587283403628,58.0650596618652,136.137729869778,4897.99965781901,8.597,34.0826565106592,8188649.0,7.903978583612068,5.202566060605962,,,Switzerland
CHE,2015,506.0,0.5877075034499627,0.6067125156600586,1.261902760587476,480645.42708743614,68.3,3.04577,5310.67497,1477.0,22207.15,83806.4476003837,4.99560022354126,87.4790555978675,27.0515100038866,60.8185615539551,135.723075533919,6938.08892982176,8.815,35.4597988324787,8282396.0,7.894410180808584,5.189227900296321,521.0,492.0,Switzerland
CHE,2016,,0.5763141725892786,0.648752837624894,1.2617410900800448,,66.28,,,1462.0,22401.11,82153.0745447889,4.98164987564087,89.1346877351392,27.335457169438,61.1939888000488,134.235676338144,17196.7260846272,8.579,36.6043286063333,8373338.0,7.892186901297172,5.168219008699496,,,Switzerland
CHE,2017,,0.5699521198826649,0.6439392076245831,1.2592784318611625,476655.8510219113,67.69,3.04671,5257.57173,1337.0,23044.72,82254.3769269767,5.01765012741089,89.6861476710225,14.0238568621919,62.4597206115723,131.169694242519,32951.9962517038,8.059,37.864109457113,8451840.0,7.911174476755299,5.070101006997043,,,Switzerland
CHE,2018,495.0,0.5655858463719677,0.6008561822175486,1.2531703315467366,,68.4,,,1283.0,22749.87,85217.3691512274,4.9300799369812,91.80000305,13.3182169315591,64.3533935546875,126.681143927488,68154.7541796893,7.937,38.9846808461516,8514329.0,7.89093838952258,5.021820198429611,515.0,484.0,Switzerland
CHE,2019,,0.5782560806030724,0.6482605923204678,1.2522851429728885,476406.08050868654,67.24,3.14983,5561.84719,1369.0,23076.47,84121.9310304414,5.01438999176025,93.1460869535177,12.9094936723953,66.3093414306641,126.920635838501,95783.2280695208,7.993,39.555597158669,8575280.0,7.898056650805864,5.079196543681467,,,Switzerland
CHE,2020,,0.6047995885504379,0.6641610743622314,1.233357645928406,,66.08,,,1384.0,23656.76,85897.7843338323,5.27676010131836,94.34999847,12.8450867094278,68.0676422119141,127.376373489656,120002.310675401,8.603,40.4104658667547,8638167.0,7.915578859810821,5.082764781610752,,,Switzerland
CHE,2021,,0.6189488538549315,0.6353091564053673,1.2221050895547982,506847.2730517082,65.5,3.24862,6003.41115,1288.0,25078.21,93664.7736696111,5.02535009384155,95.56937154,14.2350632729725,71.893928527832,123.21236546636,140348.158307165,8.315,39.9859430595539,8704546.0,7.966256238424413,5.003735942445597,,,Switzerland
CHE,2022,503.0,0.6124542617565649,0.6739953017851232,1.2360061320395808,,64.6,,,,24247.97,94394.5106803525,4.86427021026611,96.45279694,29.9881397976664,74.1526794433594,123.971228075124,151274.203927316,6.835,39.9547282957949,8777088.0,7.924305398335138,,508.0,483.0,Switzerland
CHE,2023,,0.5899539416771087,0.6306553254422662,1.2412188090574146,530761.5367136531,67.6,3.22178,6107.95842,,,100623.549627296,,97.34436623,29.3340286978728,74.0060882568359,130.221876609608,163621.681253151,7.865,41.2647756874978,8888822.0,,,,,Switzerland
CHL,2012,445.0,0.6103951343905316,0.6966939175727431,,141572.3154510481,42.7,0.36213,389.87508,336.0,5059.05,15241.9069981119,,55.04999924,5.4362793557559,75.0770721435547,136.656261082535,102.231168131229,16.927,14.042525992784,17519119.0,5.669098143275931,3.0046447698839582,423.0,441.0,CHL
CHL,2013,,,,2.2617339844944206,182845.18733036643,40.58,0.39031,334.78846,340.0,5099.24,15683.5486369155,4.54814004898071,58.0,6.69462231509352,79.8703384399414,133.778091102587,126.59010801489,16.682,11.7153797149658,17687006.0,5.667479098019519,3.006828073389732,,,CHL
CHL,2014,,,,,128232.83946337114,40.64,0.37668,426.80476,452.0,5871.42,14529.6767206336,4.75168991088867,61.11000061,7.09179365119211,83.6629791259766,132.559670334991,164.183160786142,16.976,15.2283789799715,17864195.0,5.798091310111314,3.269645275855812,,,CHL
CHL,2015,447.0,,,2.0428957794309173,112996.846826603,41.2,0.38296,455.29183,443.0,6161.44,13433.9202987032,4.90390014648438,76.6295919508796,6.72253052606446,86.4181137084961,128.583971575207,223.021034623669,15.813,13.1031398773193,18047625.0,5.835976541264326,3.24048724851252,423.0,459.0,CHL
CHL,2016,,,,,102237.96479594176,38.41,0.37103,495.36438,386.0,6774.99,13649.8520452803,5.36645984649658,83.5585860244169,8.42437955941115,88.8458862304688,127.565123343064,1233.24724652973,15.799,15.7262938444243,18267221.0,5.91857756253062,3.096967845885445,,,CHL
CHL,2017,,,,2.109085791784253,107332.8692184666,38.7,0.35679,494.62971,425.0,6921.66,14879.9086227187,5.43278980255127,82.3274869338464,7.1060964752424,89.921989440918,124.000811902967,7223.60868130535,17.732,14.6437301635742,18558868.0,5.924140856060662,3.173882793884428,,,CHL
CHL,2018,444.0,0.5750946704641683,0.6274296141034599,1.6966124671269178,110394.41433824367,37.79,0.36916,523.65457,406.0,7572.42,15659.4808675628,5.473060131073,84.90000153,6.91141099413123,91.1974792480469,133.270134198082,8003.20072982907,18.138,17.8410684297064,18893191.0,5.995958278761704,3.11303622944085,417.0,452.0,CHL
CHL,2019,,,,,97844.80984267124,36.64,0.34243,507.31033,438.0,8012.18,14495.716721687,5.62629985809326,85.01760101,7.63288202076965,92.0659713745117,130.492770400522,10872.7358797992,18.953,18.5991363585684,19197744.0,6.036318594688767,3.1703232253952094,,,CHL
CHL,2020,,,,1.8738318596148145,85320.57106584964,33.86,0.33525,515.32026,372.0,9032.26,13114.815470545,5.62992000579834,87.45929718,15.9750583433893,89.1124877929688,129.413740104604,12744.8656274573,24.377,19.1731123093964,19370624.0,6.146942508245997,3.005897306826637,,,CHL
CHL,2021,,,,1.7074567700500949,91489.07609270408,35.1,0.36063,638.83802,402.0,9990.88,16206.8325493421,5.00225019454956,90.23280334,12.4417748590856,96.2227935791016,136.571581265001,12724.956304718,20.477,19.6066035468373,19456334.0,6.24320079896781,3.075543502819679,,,CHL
CHL,2022,444.0,,,1.7287355939919336,85421.44528602954,34.0,0.39205,707.0557,,9057.77,15405.6165774073,4.91201019287109,92.31819916,6.93672684116693,99.3372802734375,135.114280974065,11563.2682310819,18.287,20.2839308500317,19553036.0,6.140404039811504,,412.0,448.0,CHL
CHL,2023,,,,1.6184274252389914,,33.3,,,,,17067.0364799154,,94.45742345,10.7195633423709,104.734062194824,135.871118507277,12299.9658931976,21.973,21.5449905281817,19658835.0,,,,,CHL
COL,2012,,0.6168621957470094,0.6617361440827383,1.43152821360539,,35.5,0.22116,,213.0,4076.94,8108.59838244229,4.37038993835449,48.98,5.6774289147471,47.4669914245605,107.329081558437,30.645853152334,20.086,9.47169971466064,45715810.0,4.5018086588142605,1.733286010650677,,,COL
COL,2013,,,,1.393108040130012,367374.1505101024,37.38,0.25761,58.0547,251.0,4525.2,8279.10255642981,4.87855005264282,51.7,7.76843663280142,50.7474899291992,108.978088379372,41.6670422406304,18.729,10.0754098892212,46151584.0,4.595632908364656,1.8623111092194689,,,COL
COL,2014,,,,1.3800540483568045,420307.3696691898,35.5,0.30317,59.05478,260.0,4993.33,8187.20824890084,4.62945985794067,52.568136539247,8.11983496308117,53.1794395446777,118.822639860142,55.2126342484679,18.245,10.5114498138428,46565429.0,4.684282213776534,1.8845728051870063,,,COL
COL,2015,416.0,,,1.3298639895609106,323100.977880103,36.41,0.36542,70.66931,321.0,5383.5,6248.51490534512,4.47038984298706,55.9049725142924,9.8493456203733,54.7961311340332,122.051401385652,72.1525298946518,17.316,10.3048801422119,46969940.0,4.7502731316759,2.0584934274229645,390.0,425.0,COL
COL,2016,,,,1.3119977429279082,176659.18210539786,34.16,0.27051,91.2603,545.0,6417.19,5959.84250367574,4.47721004486084,58.1364935728703,10.1857957756345,57.1437492370605,123.709953422515,324.953804491264,18.274,10.9017200469971,47437512.0,4.914687365339224,2.524832094348318,,,COL
COL,2017,,,,1.3199529319966612,187456.1653409651,34.78,0.26109,90.24729,595.0,6701.16,6479.53231292429,4.53551006317139,62.2598803162841,8.96236276389192,58.3960418701172,129.272014227481,470.382151008544,18.467,,48131078.0,4.943264672132369,2.592420476535356,,,COL
COL,2018,413.0,0.5755116959064328,0.6498903508771929,1.3283329734477074,,33.78,0.31233,,415.0,7531.98,6816.96818309544,4.44910001754761,64.1263768204459,7.22139251354653,57.3205413818359,131.595473810882,659.629839917682,19.45,11.7552995681763,49024465.0,5.041081525805288,2.247617817906104,391.0,412.0,COL
COL,2019,,,,1.3680435700856477,,33.0,0.32201,,422.0,8752.82,6472.54544924705,4.51068019866943,65.0069007159493,9.04845616228861,56.6663017272949,132.810761644655,787.409068909514,20.658,12.0679597854614,49907985.0,5.172635940726496,2.246603009551302,,,COL
COL,2020,,,,,,30.84,0.2894,,369.0,9599.78,5339.68711357943,5.26166009902954,69.79533474,9.91355157220335,55.7331085205078,133.661019178018,407.78197162445,27.248,12.846360206604,50629997.0,5.250211453437838,2.114829136752302,,,COL
COL,2021,,,,1.353531703581034,,31.7,,,432.0,10300.11,6222.62164397614,,73.02837449,8.20914960906244,58.3159217834473,146.627837254516,646.067207751291,24.757,,51188173.0,5.3093587089031535,2.244897660645764,,,COL
COL,2022,411.0,,,1.9750855663064983,,29.2,,,,9683.4,6680.44506854481,,72.79637855,8.40182637186439,59.2901382446289,156.195161137443,669.643927095364,20.972,16.2004612243704,51737944.0,5.237305648787255,,383.0,409.0,COL
COL,2023,,,,1.9216855786764828,,29.4,,,,,7000.83660501046,,77.33686322,8.59989159781141,,166.980107777443,1109.11166481961,19.365,16.4727370334322,52321152.0,,,,,COL
CRI,2012,,,,2.149907330138783,162512.9429204828,36.3,0.54713,340.94423,9.0,311.7,10126.9991024177,6.58239984512329,47.5,39.7898301713494,46.6885414123535,115.312137778965,164.453442094163,22.372,,4663934.0,4.217033942769635,1.074900508819106,,,CRI
CRI,2013,,,,2.2057409145333877,163259.146963902,41.54,0.54253,359.00481,18.0,275.45,10803.2401962173,6.68738985061646,45.96,43.4415513820508,47.5057106018066,150.800664186252,274.376519646228,21.559,,4716147.0,4.08439065665774,1.5720838405311723,,,CRI
CRI,2014,,,,2.1231258114905662,105575.80458843232,37.3,0.55627,574.91761,15.0,365.39,10911.497878334,6.67953014373779,53.0,36.5061833752317,50.3342781066895,147.26739567441,306.893954189102,24.23,22.7862701416016,4767119.0,4.352185422247252,1.422277761515848,,,CRI
CRI,2015,,,,2.287758779102397,102106.19981222604,38.59,0.43665,500.97138,17.0,363.09,11714.7105980732,6.87349987030029,59.7629501371681,16.9840779616817,51.2845802307129,156.403893036958,314.858454831614,22.363,21.3045806884766,4818038.0,4.335466218948752,1.5103702676035735,,,CRI
CRI,2016,,,,2.3636284539390973,100867.3789427975,38.4,0.44335,531.44617,9.0,425.5,12091.0301606154,6.89395999908447,65.8804491942718,18.4424705219172,51.6516418457031,171.166374015358,493.117112437687,21.65,20.6339893341064,4866998.0,4.482161008477936,1.04703445262394,,,CRI
CRI,2017,,,,1.9001704502471235,136237.7990346862,37.09,0.42587,385.02378,19.0,483.69,12317.0902771304,7.06981992721558,71.5816646195022,18.4952181840988,54.4492301940918,179.931274611112,1170.11864217389,20.736,,4913177.0,4.599629881648777,1.5825088665130884,,,CRI
CRI,2018,416.0,,,2.1187348480485717,133809.45301205377,35.72,0.37144,349.49117,8.0,542.38,12590.2493781614,6.76992988586426,73.4797284369906,18.4668840173132,52.6140899658203,171.357339055205,1216.05916151016,25.071,21.3097190856934,4957818.0,4.704100470387867,0.9607335879626656,402.0,426.0,CRI
CRI,2019,,,,2.132688287186112,,36.13,,,16.0,631.94,12884.6859951989,6.73809003829956,81.2025964435269,17.5649349958823,55.0202903747559,144.514079558713,1322.91826889324,31.194,,4999553.0,4.847326249382225,1.435152643344911,,,CRI
CRI,2020,,,,1.9852110618198764,109962.65809242924,33.51,0.33002,371.97029,12.0,702.29,12394.0493969492,6.62899017333984,80.53018608,15.681961032421,,142.481526800044,1335.23494732158,40.11,21.6056900024414,5034320.0,4.945210825296907,1.2189516700677787,,,CRI
CRI,2021,,,,2.018009347057257,86470.27574134272,34.5,0.27385,406.58119,15.0,753.03,12838.1185358931,6.24842977523804,82.74901607,16.9670005542705,,140.788061157457,1720.95269791154,39.201,,5059988.0,5.0094379845190256,1.3773630725731667,,,CRI
CRI,2022,411.0,,,2.068915418161083,99552.7002016714,28.7,0.33789,462.47421,,711.36,13625.9008491328,5.5472297668457,82.59801121,21.9748960011818,,136.518375013406,1892.8462847062,30.718,,5081765.0,4.9486383247322525,,385.0,415.0,CRI
CRI,2023,,,,2.0823622473441827,112571.33181186368,27.9,0.33738,507.75814,,,16942.0268119375,5.31208992004395,85.39514799,24.177789153066,,133.527658761832,1956.70376699752,24.308,,5105525.0,,,,,CRI
CZE,2012,508.0,,,1.3570507911300715,111206.25561856176,49.7,1.757,3162.1117,867.0,13617.94,20014.0354015165,4.19049978256226,73.4300078241036,18.5892063440962,66.9287719726562,128.69010077246,834.666487802766,19.508,,10510785.0,7.167512983217876,4.424687372992445,499.0,493.0,CZE
CZE,2013,,,,1.373973146133596,116028.86540948327,48.36,1.86743,3260.83143,984.0,13764.71,20260.4954999375,4.02132987976074,74.1104,17.334368506368,66.3243179321289,130.521237278882,1079.86553895505,18.958,,10514272.0,7.1778933426466685,4.549520876790329,,,CZE
CZE,2014,,,,1.3761963433505418,113621.85959467752,50.22,1.94392,3428.30846,910.0,15039.45,20038.4163180257,3.93603992462158,74.2317116367383,17.3712318028821,67.3959732055664,132.288685248373,1417.62547116024,15.841,18.8267307281494,10525347.0,7.265345283956474,4.471158188269578,,,CZE
CZE,2015,493.0,,,1.3684165737886549,94435.24366054343,51.32,1.906,3619.16017,880.0,16488.26,17931.5987670768,5.71913003921509,75.668838699279,17.7344072038512,67.2303619384766,118.339820565816,2048.8222188023,12.582,19.3418006896973,10546059.0,7.355291061579108,4.436082588389042,492.0,487.0,CZE
CZE,2016,,,,1.33357489747294,87459.14554438791,49.4,1.65411,3546.92776,792.0,16418.09,18753.9686718096,5.50080013275146,76.4811986951838,16.8728021438796,67.5056381225586,118.544499080322,11991.389254095,10.488,20.0784492492676,10566332.0,7.349109706522233,4.330141788496845,,,CZE
CZE,2017,,,,1.2966851129890136,98151.84340108636,50.98,1.74513,3718.34571,794.0,16387.57,20913.197632212,3.75574994087219,78.7191728513432,17.8292568189487,67.7142181396484,119.874291148129,25419.9420488373,7.936,20.7316493988037,10594438.0,7.34459553661132,4.330009200315358,,,CZE
CZE,2018,497.0,,,1.282548002114401,113868.2406903898,48.75,1.87652,3906.6782,678.0,15899.72,23705.9329811299,4.21541023254395,80.6881675434288,19.5549977904499,66.7902221679688,120.431679514249,42344.5953726121,6.714,21.001915509847,10629928.0,7.311051696259679,4.171030593009226,499.0,490.0,CZE
CZE,2019,,,,1.2875387922178878,113244.38280299785,49.43,1.89547,4027.58714,765.0,16546.99,24062.7190013343,4.46737003326416,80.8669444139622,20.7104130233292,66.8802185058594,124.126150238634,56186.8725912141,5.615,20.9109001159668,10671870.0,7.346992918855903,4.286118275129897,,,CZE
CZE,2020,,,,1.263077022210987,109055.27744381718,48.34,1.94537,4187.18471,673.0,15501.35,23472.8915454417,4.62503004074097,81.33889705,22.58251525965,67.1843719482422,123.219460160155,67601.7572863652,7.936,21.385169111864,10697858.0,7.279328747630173,4.157472557449894,,,CZE
CZE,2021,,,,1.3111644303935863,117395.87637174052,49.0,1.93302,4560.45106,541.0,15882.75,27696.4619527544,4.65163993835449,82.67062427,20.3560909262553,69.8369293212891,126.173145654465,75932.7348813586,8.134,22.2698001861572,10505772.0,7.321725312530121,3.960727484228959,,,CZE
CZE,2022,498.0,0.6328983421178275,0.6680191143841134,1.3002707697553837,113864.4936755395,42.8,1.89089,4696.6857,,14425.23,28282.2236715857,4.30291986465454,84.54009378,21.8353618959526,70.8145904541016,128.105295003482,85606.0624517083,6.72,22.2876637269128,10672118.0,7.209839039245952,,487.0,489.0,CZE
CZE,2023,,,,1.2709977439234574,129292.5577602559,44.8,1.83369,4504.58395,,,31761.5944102491,,85.99404818,20.302723987427,66.7282867431641,126.004753501387,80152.0281309664,8.507,21.9581005821149,10864042.0,,,,,CZE
DEU,2012,524.0,,,1.4251544793840454,290037.8935688861,56.2,2.82499,4355.567,46620.0,105639.02,44718.0159214069,4.83153009414673,82.3499984738392,17.2272861923698,,114.191945537857,2194.9044898179,8.119,,80425823.0,7.181208820563775,6.364173255671748,514.0,508.0,Germany
DEU,2013,,0.735499527104587,0.7671097578435896,1.3762722907155809,299668.99790029245,55.83,2.78067,4380.38742,47353.0,106118.13,47206.8353514242,4.83911991119385,84.17,17.2979906043683,60.8984489440918,123.435398879553,2601.18328828955,7.825,,80645605.0,7.183003550224378,6.377022770412337,,,Germany
DEU,2014,,,,1.3967250929577129,318662.80259709136,56.02,2.82218,4336.01915,48154.0,108118.23,48959.5991203133,4.82582998275757,86.1937006578756,17.2097149731509,65.1844787597656,122.308668591557,3352.78609576143,7.612,24.1829490661621,80982500.0,7.197496285231799,6.389606732849805,,,Germany
DEU,2015,509.0,,,1.384047302978645,253701.1467283248,57.05,2.87725,4755.29531,47384.0,108479.28,41929.7549110722,4.76157999038696,87.5897993525767,17.8243752766447,68.23291015625,117.401165117624,4297.92588653237,7.328,24.7420501708984,81686611.0,7.192177090015225,6.364872233451382,506.0,509.0,Germany
DEU,2016,,,,1.407993890056608,255920.7871640544,57.94,2.88393,4839.84645,48480.0,110725.54,42948.9381932694,4.76321983337402,84.1652066441212,18.0827014214761,67.9464111328125,125.024012174369,11624.9602042748,7.079,25.5801200866699,82348669.0,7.20459095436162,6.3796414971211455,,,Germany
DEU,2017,,,,1.3987896180806498,269141.65474094194,58.39,2.9886,5058.39528,47785.0,111426.61,45553.9341495339,4.77830982208252,84.3941537010844,15.850578794452,68.4692306518555,132.003261888443,34181.2784354313,6.77,26.0311390227061,82657002.0,7.207163439182358,6.361495796799059,,,Germany
DEU,2018,503.0,0.7099844181798917,0.7318374574906206,1.4339402835501354,286458.16439696844,58.03,3.05057,5209.2143,46617.0,111308.13,48916.1686612154,4.88401985168457,87.037112092841,15.7474335584013,69.1634292602539,128.945577229674,56406.6207107244,6.22,25.1498794555664,82905782.0,7.203097328102458,6.333792619747081,500.0,498.0,Germany
DEU,2019,,,,1.4036650580324703,274759.80780849163,58.19,3.11256,5398.63462,46632.0,113491.66,47656.199739747,5.02757978439331,88.1345169091916,16.3869405629417,72.705078125,128.292298108313,77970.0331298817,5.859,27.1979771669262,83092962.0,7.220256510382338,6.331862576072939,,,Germany
DEU,2020,,,,1.334975370546461,271678.13443658286,56.55,3.0897,5390.05249,42260.0,112179.45,47394.8734504469,5.51600980758667,89.81294133,15.5031959869375,72.3894195556641,128.424798814302,97517.56929049,7.862,28.3462200164795,83160871.0,7.207819208863225,6.232785259669394,,,Germany
DEU,2021,,,,1.3769174492239646,291930.3704614179,57.3,3.0786,5520.57631,39822.0,119603.62,52349.2459994422,5.36734008789062,91.43060973,15.3851048227765,75.6655426025391,127.125099449404,113297.576359309,6.665,29.4035109811968,83196078.0,7.271433536816978,6.173061614624896,,,Germany
DEU,2022,492.0,,,1.362503880870312,267344.9998215982,57.2,3.07096,5801.62324,,113976.3,50506.5179638543,5.23916006088257,91.62984383,17.4981505573659,77.3656997680664,124.158264349285,126884.076646738,6.049,29.575744126838,83177813.0,7.223494684930759,,475.0,480.0,Germany
DEU,2023,,,,,291525.95049599634,58.8,3.1539,5926.07432,,,54776.7668235491,,92.4763763,17.7818374796623,78.5947494506836,124.662572774586,139972.802327193,6.02,30.5294541601323,83287273.0,,,,,Germany
DNK,2012,498.0,0.565940222596124,0.631425694867855,1.1466380355643235,242869.77397508317,59.9,2.9845,7181.8507,1406.0,12398.11,58443.7747103968,7.24570989608765,92.2600117153012,15.826335095061,77.7465515136719,130.416027276514,3064.43340083969,15.775,,5591572.0,7.704489756826663,5.5312126571623645,500.0,496.0,Denmark
DNK,2013,,0.5873231316693507,0.5208149670069119,1.1526274763182078,255454.6232724373,58.34,2.96145,7115.41931,1341.0,12912.29,61377.5940590412,8.46860980987549,94.6297,15.822591156063,80.4186782836914,125.21344682497,3458.45684328857,14.774,,5614932.0,7.740940129523233,5.479919787018905,,,Denmark
DNK,2014,,0.5901961206855637,0.6188780162329247,1.1631928710112391,247715.861542416,57.52,2.91543,7358.18842,1377.0,14140.3,62520.4509747011,7.63833999633789,95.9935053764454,15.7179605296799,81.3143615722656,126.869141573913,4349.80220520158,14.196,28.9782695770264,5643475.0,7.826683171230088,5.501252496868299,,,Denmark
DNK,2015,502.0,0.5498171299672528,0.6598431460541072,1.1454133065083143,215017.04136280116,57.7,3.06422,7566.45783,1462.0,14343.41,53094.0133607574,,96.3305016195436,17.1655001970314,83.300407409668,124.553508356615,6004.944503221,12.152,30.3837299346924,5683483.0,7.833877798250437,5.553876325866113,511.0,500.0,Denmark
DNK,2016,,0.5715627662840377,0.5851665770532486,1.145203910363655,215315.2841712143,58.45,3.10209,7852.0565,1552.0,14395.75,54500.9260410217,7.71534013748169,96.9677852516645,14.8833242354843,82.1714935302734,121.941164424922,24041.3337267218,12.147,30.979829788208,5728010.0,7.829717944413467,5.605615459343613,,,Denmark
DNK,2017,,0.6311333081974939,0.6136058046463031,1.16202205529551,220813.1751492156,58.7,2.93576,7647.61749,1490.0,14654.73,57521.5514992225,7.3700098991394,97.0993621555621,12.4279222825429,81.3220062255859,123.86211468599,43757.82743392,12.384,30.1001661571119,5764980.0,7.841110054350031,5.558591362758362,,,Denmark
DNK,2018,493.0,0.5551376146179715,0.6084132424831413,1.175238574151638,240451.1991911596,58.39,2.97895,7597.52556,1262.0,14802.91,61324.7665045565,7.32747983932495,97.3192043651002,12.3547301877073,81.1405487060547,124.550124408336,123154.440492982,10.52,32.3588409423828,5793636.0,7.846210296649334,5.388273300355227,509.0,501.0,Denmark
DNK,2019,,0.5285003665308842,0.6101696186176742,1.1797565074670973,224385.08811886312,58.44,2.90605,7693.54905,1351.0,15073.24,59404.2663247723,7.27585983276367,98.0464347521549,12.039996737934,81.6945877075195,124.573359763273,277330.575592896,10.041,31.5225927146297,5814422.0,7.860720552562588,5.452553511481349,,,Denmark
DNK,2020,,0.5381446454027248,0.6332121398493088,1.1654525487147092,236355.2205112464,57.53,2.96533,7651.2843,1261.0,15427.2,60985.4885601514,7.38574981689453,96.54914573,13.2343925466707,82.6643295288086,124.370019531752,277081.814259482,11.634,33.0904998779297,5831404.0,7.881007593062391,5.381016309682586,,,Denmark
DNK,2021,,0.5968732983973002,0.6918245585105351,1.1731212082119749,246771.82724751567,57.3,2.74323,7708.2373,1090.0,16242.39,69340.7334922138,6.95915985107422,98.8658506,13.9247982031326,83.982292175293,125.604137839658,259654.486554193,10.8,32.7225268444934,5856733.0,7.928148348992299,5.2316998013070855,,,Denmark
DNK,2022,494.0,0.598927518340981,0.7101216002646257,1.1660562588603618,215032.0125009028,55.9,2.86709,9037.46818,,16126.02,67781.0940939514,6.35586023330688,97.86011812,15.988289228272,84.5866088867188,126.48354098254,258760.024712703,10.533,33.0808151718898,5903037.0,7.913088420915479,,489.0,489.0,Denmark
DNK,2023,,0.5964716743372465,0.6509218232487956,1.1573783209971316,234709.1734063887,58.7,3.04841,8837.51688,,,68043.5466971243,,98.77559197,17.1321575837404,81.2308197021484,126.717092547985,261262.408036924,11.499,33.6215669364704,5946952.0,,,,,Denmark
ESP,2012,496.0,,,1.5122036902921752,136574.88482396604,47.2,1.29268,2693.39973,3266.0,54679.57,28456.4438151477,4.46012020111084,69.8099999420024,7.25080663420199,82.89208984375,107.756074158579,403.629824906669,52.829,,46773055.0,7.064793174727284,4.260233609341378,484.0,488.0,ESP
ESP,2013,,,,1.5017896217986102,141333.36327007768,49.41,1.26864,2623.64689,3026.0,54727.56,29228.846559842,4.32852983474731,71.635,6.97005295956388,85.1826324462891,107.038567264134,488.496776374025,55.444,,46604197.0,7.069283304052808,4.188590152186048,,,ESP
ESP,2014,,,,1.5181787255756596,140219.66024845678,49.27,1.23401,2614.44648,2953.0,56177.8,29707.765509467,4.27524995803833,76.1867089778712,6.91215361464722,87.9358520507812,108.745818831037,626.120125999734,53.169,20.8782897073911,46460733.0,7.098496124142621,4.167580291595303,,,ESP
ESP,2015,493.0,,,1.5255953952579606,120042.823899926,49.07,1.21165,2622.53289,2799.0,55305.66,25982.4416197775,4.24903011322021,78.6896318703515,6.88833506484239,88.5305328369141,109.391040801705,890.003238314135,48.353,21.2608748317821,46422303.0,7.0836895462278,4.115686760599868,486.0,496.0,ESP
ESP,2016,,,,1.5204010457432815,116461.25274652043,49.19,1.1808,2712.74943,2745.0,55591.05,26755.6061149398,4.19327020645142,80.5613329432179,7.80248141094868,89.810791015625,110.247061960011,2764.10124822262,44.445,20.9353904724121,46458139.0,7.088061189032444,4.095767698179741,,,ESP
ESP,2017,,,,1.5113899256200534,119808.31028476606,48.81,1.20198,2847.3656,2167.0,55884.36,28381.3425596906,4.17846012115479,84.6022457016524,6.99949013494316,92.070182800293,112.030085134191,7250.46311851917,38.594,22.1227851569263,46571232.0,7.090889826188735,3.861379420920101,,,ESP
ESP,2018,483.0,,,1.5323798356322194,126425.49362176991,48.68,1.23288,2984.29629,1525.0,57270.34,30602.4212881113,4.15045022964478,86.107235525659,6.76693548745416,92.5194931030273,115.009066880916,11306.5682447896,34.362,21.9363403320312,46782011.0,7.110855922833818,3.5144665448376102,481.0,,ESP
ESP,2019,,,,1.4657268278984064,121374.98616184622,47.85,1.24207,3048.15265,1288.0,60307.51,29786.5245689007,4.20255994796753,90.718665325267,6.84640091103014,91.5387725830078,116.69612128516,17700.6267665434,32.555,23.0752325230941,47118501.0,7.155327191441319,3.3441096052455777,,,ESP
ESP,2020,,,,1.4372580379281557,124616.86335476428,45.6,1.39637,3051.64642,1431.0,65541.7,27233.9426461608,4.85118007659912,93.20564892,7.76842135531122,91.59912109375,116.712041523767,21589.3884182375,38.312,23.578010559082,47359424.0,7.233398355610539,3.4409224262837004,,,ESP
ESP,2021,,,,1.4992417632118855,133145.45439146867,45.4,1.39617,3229.64887,1308.0,70281.94,30799.4775937775,4.81316995620728,93.89752157,9.39320382214351,95.3768997192383,118.999806936801,24984.2229191447,34.999,24.9023668874483,47443821.0,7.301398672718751,3.352337927565833,,,ESP
ESP,2022,485.0,,,1.4735063642465127,125918.0126011721,44.6,1.40684,3387.49657,,67099.71,30319.4987196616,4.58553981781006,94.4855432,12.5837187911388,95.0271606445312,123.399528756795,27046.3366105902,29.713,24.1534196804545,47786102.0,7.247912069042668,,473.0,474.0,ESP
ESP,2023,,,,1.4231524025084776,136915.2804080131,45.9,1.49362,3653.80306,,,33493.2225409111,,95.44564516,9.56253561613111,93.7303466796875,127.715490236713,28733.8233897512,28.747,25.0426560264041,48352528.0,,,,,ESP
EST,2012,541.0,,,1.2291111280371696,106943.51517517204,55.3,2.10485,3457.75569,20.0,1497.43,17568.2137969714,4.67340993881226,78.3899259259259,20.5676117029777,72.9364700317383,151.196568013694,1255.76852126263,20.862,,1322696.0,7.03271642724451,2.7800999674088214,521.0,516.0,EST
EST,2013,,,,1.218855224381569,98415.18320576068,50.6,1.70141,3338.3961,25.0,1450.11,19310.3874900757,4.78006982803345,80.0043,20.6761148166196,75.4523162841797,146.247455268495,1613.81247453522,18.704,,1317997.0,7.004190016407664,2.9941398418358167,,,EST
EST,2014,,,,1.2853524805482546,88196.92645986812,51.54,1.40794,3285.59355,44.0,1687.96,20581.7898991695,4.32586002349854,84.2415280294352,23.652438820507,76.2024536132812,144.360615678625,2194.67572430004,14.975,,1314545.0,7.158563854292916,3.54013746448028,,,EST
EST,2015,534.0,,,1.295773259103182,80107.01598249013,52.81,1.44125,3188.49188,30.0,1544.89,17722.1557669523,5.05127000808716,88.4097035040431,22.7144676294333,74.5832824707031,144.802963084675,3120.70712714772,14.342,,1315407.0,7.069412960394409,3.169964089413086,520.0,519.0,EST
EST,2016,,,,1.2979138919844526,68991.52177499293,51.73,1.21835,3296.37262,29.0,1575.25,18666.3736521706,5.05511999130249,87.2402327514547,21.9072583684186,73.0334320068359,144.235470787302,10786.6756853297,14.125,,1315790.0,7.088566964096803,3.1372314531888814,,,EST
EST,2017,,,,1.2487060224664848,73459.11791697254,50.93,1.25152,3552.46537,37.0,1589.67,20851.5223496861,4.86288022994995,88.1024568740199,17.9646942764807,72.1369781494141,144.556616126155,29131.217625233,12.176,,1317384.0,7.096462146685978,3.3702557315326174,,,EST
EST,2018,530.0,,,1.2827256016757151,86730.49227879963,50.51,1.38298,3766.08146,24.0,1503.59,23618.1361254581,5.13962984085083,89.3570077747426,18.2045260067525,72.0659637451172,145.543490183174,48893.4376316683,12.076,,1321977.0,7.0373613450332,2.9525443314004143,523.0,523.0,EST
EST,2019,,,,1.2808704555035832,101357.73905647222,49.97,1.59093,3770.42028,31.0,1694.02,24021.2501413306,5.16415023803711,90.2289281997919,16.9644248677655,72.7060317993164,147.04692867619,83313.1107289332,11.623,,1326898.0,7.152798771175128,3.193055751811627,,,EST
EST,2020,,,,1.3113674140171967,107688.5700623332,48.28,1.72614,3836.37969,21.0,1794.38,23933.9939421065,5.44180011749268,89.05828666,20.6216264338951,72.0443572998047,144.832210121466,84354.3769866162,18.417,30.8465099334717,1329522.0,7.208336020562973,2.82109018030462,,,EST
EST,2021,,,,1.271086179073361,121296.91249069662,49.9,1.75152,4036.13127,25.0,1877.57,27951.1659277744,5.21514987945557,90.97970174,20.6301155577085,73.1502075195312,148.739589817601,96297.9325765704,16.622,31.8692302703857,1330932.0,7.252562825532863,2.98486492106604,,,EST
EST,2022,526.0,,,1.2996374047501713,107212.19091458556,50.2,1.76094,4654.85436,,1842.31,28340.3826549406,5.20733976364136,91.52016546,18.0186438315616,71.4251937866211,152.270772859015,104101.301859375,18.392,32.6601680552965,1348840.0,7.220262412337701,,510.0,511.0,EST
EST,2023,,,,1.306925334429285,115924.44846722527,53.4,1.83878,4800.4412,,,30264.0064885057,,93.18342241,16.581160524959,67.6179275512695,150.195729068839,112224.017467886,17.207,32.9437276359698,1370286.0,,,,,EST
FIN,2012,545.0,0.6234865720915516,0.6785062319549582,1.3006283989290293,216387.4241793377,61.8,3.4095,7492.46096,1698.0,10587.78,47551.6740841369,7.1715497970581,89.879997974222,10.4739136902235,91.5533828735352,172.147209506663,2205.22053036487,18.868,21.1388092041016,5413971.0,7.57898416097755,5.751406899810405,519.0,524.0,Finland
FIN,2013,,0.5045476152435566,0.6399308134858026,1.3119396222690527,225973.2363665105,59.51,3.28462,7222.80668,1596.0,10837.45,49691.0145200739,7.15288019180298,91.5144,9.02643257926868,91.2365264892578,136.259014207069,2525.47724091979,19.817,21.8909206390381,5438972.0,7.597674677395746,5.685067789125808,,,Finland
FIN,2014,,0.5642960977778375,0.611929680579276,1.3154007332479485,225578.43800864,60.67,3.16344,7022.1865,1419.0,11283.46,50073.7760815871,7.13832998275757,86.5303927529377,10.0525206084322,89.9938812255859,139.198825856641,3008.87373313471,20.454,22.5055408477783,5461512.0,7.633851452131024,5.5638234604723165,,,Finland
FIN,2015,531.0,0.6315530580282296,0.6447081764491713,1.2977813365545194,179296.75780562445,59.97,2.88826,6855.97138,1289.0,11122.9,42560.3456767103,7.07199001312256,86.4221333325445,10.1842827866076,89.6573791503906,134.974123663686,3395.18108392853,22.304,23.0319995880127,5479531.0,7.616234325614838,5.464844473428038,511.0,526.0,Finland
FIN,2016,,0.634325880118004,0.6529316779142973,1.283470397416826,182415.99459139607,59.9,2.74716,6543.69993,1260.0,11298.48,43451.2562442158,6.90873003005981,87.7036499599455,10.052829776298,89.3280029296875,131.382780978293,7131.36291119889,20.057,25.9672173040461,5495303.0,7.629016012187456,5.439325141029158,,,Finland
FIN,2017,,0.5871271365958022,0.6190577504339531,1.3101793404410678,188081.43627162412,58.49,2.74723,6731.45341,1390.0,10979.67,46085.0174739036,6.40826988220215,87.4689290730615,9.6573147330322,90.6983871459961,129.983392624641,22324.1144951885,20.041,24.3361492156982,5508214.0,7.598061775392917,5.534773506331662,,,Finland
FIN,2018,522.0,0.602636938743632,0.6583250378597754,1.3032343385421254,200562.95298859524,59.63,2.77601,6872.68968,1387.0,11150.48,49654.2497035329,6.31771993637085,88.8899599985585,9.01765355032152,92.3850021362305,129.629119305202,33999.120663944,16.958,28.0847371207921,5515525.0,7.612165504520208,5.531300277654203,507.0,520.0,Finland
FIN,2019,,0.6671162296584241,0.649734237180077,1.3098674035717364,187893.15732893787,59.83,2.81534,7245.85837,1321.0,11414.95,48358.1807773701,6.45300006866455,89.6073851129779,9.21470120593618,94.5891189575195,129.487723024493,57692.6350775481,17.128,25.9350891113281,5521606.0,7.634494018852132,5.481646701418458,,,Finland
FIN,2020,,0.6134790960528198,0.705730732715623,1.3069388870463818,189715.98217533567,57.02,2.93278,7548.32504,1588.0,11315.41,48828.6846862799,6.6812801361084,92.17027106,9.98230025285834,96.4726333618164,128.761294644181,81650.5089118576,21.193,30.2859658436355,5529543.0,7.624304174836529,5.663601501403341,,,Finland
FIN,2021,,0.6972876093720897,0.6850383562255578,1.2595328391256515,203164.30670099249,58.4,3.01133,7870.42868,1557.0,11810.95,53099.1351400148,6.58820009231567,92.80806082,10.2937538536253,100.868072509766,129.036333202492,104960.876315666,17.058,27.5905704498291,5541017.0,7.665073320693102,5.641890574227242,,,Finland
FIN,2022,511.0,0.6319424044047097,0.6815161275255729,1.242912751430912,186309.52381665027,56.9,2.982,8073.32591,,12012.73,50440.560224974,6.37578010559082,92.98879471,9.62392843667484,104.944221496582,128.023293416281,131286.012181913,14.138,28.8638220877644,5556106.0,7.679287107883658,,484.0,490.0,Finland
FIN,2023,,0.6462410853064381,0.6928145420813226,1.2187497833344083,196585.36672376885,61.2,3.0938,8314.89822,,,52834.2916752703,,93.51385075,9.71402259549133,108.130409240723,127.47302579722,153868.49826224,16.106,29.8881473990903,5583911.0,,,,,Finland
FRA,2012,499.0,0.5853125744120495,0.6188479675874689,1.425518639923524,224640.4099402741,51.8,2.22761,4052.17043,14540.0,72430.66,40863.5814412333,,81.44,26.6906319566323,57.9090118408203,97.1924631662654,622.48640329988,24.949,,65657659.0,7.006836790570493,5.404709985451858,495.0,505.0,France
FRA,2013,,0.5754625705976087,0.606410918290792,1.3968421012286316,230575.24120179817,52.83,2.23369,4133.56261,14690.0,73455.58,42669.1795111893,,81.9198,27.1817177565412,59.8487586975098,98.347924466483,821.359069250837,24.363,,65997932.0,7.015710811219472,5.409781510367982,,,France
FRA,2014,,0.5949778335517847,0.587318351900771,1.360205062445214,232826.29700505137,52.18,2.27173,4210.03605,14500.0,73314.26,43148.0459288416,,83.7510996681821,27.4702736686884,61.5104789733887,101.132290573498,1188.96912080874,24.828,16.3929500579834,66312067.0,7.009042607167549,5.392094862228816,,,France
FRA,2015,495.0,0.5858574945103988,0.6497887886694684,1.3664282179768918,189357.63427603687,53.59,2.22401,4310.70957,14306.0,72732.87,36702.4323733379,,78.0060377071902,28.2116908505326,62.7859306335449,102.718366606519,1898.47153356589,25.262,17.6630706787109,66548272.0,6.997535664319127,5.375147717063597,493.0,499.0,France
FRA,2016,,0.5893118717683666,0.666375565089449,1.3667830059015915,187536.7736291298,54.04,2.22468,4392.04699,14206.0,71971.68,37024.2157133669,,79.2698113207547,27.9331801598168,64.7276763916016,103.816661597799,6688.01787132278,24.938,17.4036998748779,66724104.0,6.984388379179318,5.365539322569164,,,France
FRA,2017,,0.5757500051152,0.6398366996596856,1.3670480776916103,187551.08665311016,54.18,2.20422,4546.76212,14415.0,70699.91,38687.1626407164,5.46482992172241,80.5024597243607,26.0180218998669,65.8022308349609,105.718368398783,14819.4761291503,22.572,18.0016708374023,66918020.0,6.963677350982345,5.377187828998757,,,France
FRA,2018,493.0,0.5480567102060345,0.6602099053403228,1.3716570065415508,195456.43321127284,54.36,2.20407,4670.53241,14303.0,69234.08,41418.1766484844,5.42540979385376,82.0431867788484,25.9347849255776,67.5435180664062,107.482434668386,20362.9338827691,20.953,19.2230115180777,67158348.0,6.939164820466028,5.365855764426398,495.0,493.0,France
FRA,2019,,0.5456912439243377,0.6742587999044143,1.334992377726448,185933.3529186684,54.25,2.19668,4773.97249,14103.0,68294.1,40408.2848574751,5.36638021469116,83.3397440866883,26.9265976407414,67.7331314086914,109.600780374596,29255.7243091748,19.929,19.7005405426025,67382061.0,6.922185992009395,5.348530469766748,,,France
FRA,2020,,0.6135973464984369,0.6769029794921354,1.347214407977971,182420.7435191114,53.66,2.2742,4883.2219,12771.0,67560.3,39169.8606000707,5.65871000289917,84.70639801,21.1920405248012,68.8709411621094,110.387215275645,36107.8390576723,20.398,20.9787726562609,67601110.0,6.908151512159184,5.24658722045694,,,France
FRA,2021,,0.5876989972974287,0.6674229753133787,1.3502919002649336,191287.0674087817,55.0,2.21278,5058.05374,13386.0,69471.16,43725.0999521245,5.41743993759155,86.09548575,22.305003085565,69.9397888183594,113.952719366702,39644.0530743928,19.252,22.9350666621263,67842811.0,6.932449639312645,5.289826628721086,,,France
FRA,2022,487.0,0.5801173330103151,0.6729504114122465,1.3630405108185997,175553.19353868018,55.0,2.21937,5181.84576,,65888.42,40988.6396406579,5.32434988021851,85.33331734,21.9264611257156,71.5107269287109,115.950519429629,47329.437557888,17.856,23.5888817236364,68184457.0,6.874535660878235,,474.0,474.0,France
FRA,2023,,0.6002551688016947,0.6765898172003951,1.3601326616399998,181370.48904011145,56.0,2.17832,5368.63555,,,44700.1384177544,,86.83635789,22.3835449721792,70.4536437988281,116.687800394775,52017.9916172468,17.419,24.3546212580131,68372286.0,,,,,France
GBR,2012,514.0,,,1.4450882974816108,167425.47183141662,61.2,1.57587,4017.98198,15370.0,98685.19,42688.3263728372,,87.4799984242111,23.460196722755,59.1535682678223,122.465231814068,2500.1177190752,22.106,,63711000.0,7.345978321459244,5.489952189820871,494.0,499.0,United Kingdom
GBR,2013,,,,1.4340017136794485,169435.3688203174,61.25,1.62096,4171.80763,14972.0,99858.85,43606.9837896348,5.52529001235962,89.8441,23.5876424891453,56.7794799804688,122.184696024755,2832.02107921857,20.944,28.3882904052734,64139000.0,7.351102455034639,5.457159245872702,,,United Kingdom
GBR,2014,,,,1.4215062235712097,252615.19639772477,62.37,2.26488,4280.79983,15196.0,99810.65,47746.2421759562,5.60134983062744,91.6133009176453,22.2044750130662,56.5240287780762,120.958261038047,3250.15475085113,17.512,29.3326206207275,64620000.0,7.3431534260477935,5.464506972712432,,,United Kingdom
GBR,2015,509.0,,,1.419577414572817,234615.13129004496,62.42,2.27566,4389.5625,14867.0,101175.14,45255.3449216209,5.55453014373779,92.0002998740234,22.3335907744673,56.4461288452148,121.211739725133,4388.16678957719,15.177,,65088000.0,7.349511266304709,5.435527532974351,492.0,498.0,United Kingdom
GBR,2016,,,,1.3915606319286893,215888.9337660384,61.93,2.32051,4434.65942,13876.0,101572.0,41257.9085545556,5.42795991897583,94.7758006318882,23.5591126028431,58.083869934082,119.786558760596,8697.02928041215,13.205,,65607000.0,7.345486495702281,5.358950559866462,,,United Kingdom
GBR,2017,,,,1.3779360899624518,212787.43763808368,60.89,2.32602,4472.69458,13301.0,102026.8,40916.8115070354,5.45254993438721,90.4245504868553,22.6194649609659,59.6282081604004,119.206737402819,21225.7223418124,12.519,33.9221305847168,65966000.0,7.344497691761705,5.311402260615627,,,United Kingdom
GBR,2018,505.0,,,1.3660584669671394,,60.13,2.70889,,12865.0,102782.03,43702.9976303165,5.20438003540039,90.692008988783,22.3331118559009,61.1377716064453,118.184381927412,27332.2874081673,11.647,,66289000.0,7.346986579849008,5.273381186531081,502.0,504.0,United Kingdom
GBR,2019,,,,1.331184528605963,,61.3,2.6707,,12061.0,103937.96,43158.7411267323,5.26116991043091,92.5166285497138,23.0942001089205,65.5119934082031,120.250108782533,36099.3681619667,10.688,,66631000.0,7.353020386663588,5.204071747241184,,,United Kingdom
GBR,2020,,,,1.3206291876479108,,59.78,2.93993,,11990.0,104648.2,40812.6794663879,5.43936014175415,94.81820132,23.0073604990707,69.4076614379883,117.304850715261,36636.6265132446,13.365,37.2764701843262,66744000.0,7.358132712687802,5.196515044813068,,,United Kingdom
GBR,2021,,,,1.2099066872566555,,59.8,2.89968,,11592.0,109939.22,47691.3768799404,5.90681982040405,96.19650269,23.8654057182193,76.7543563842773,117.887430294308,44113.2061387794,12.891,39.5936584472656,66984000.0,7.403838258282002,5.159378535699831,,,United Kingdom
GBR,2022,500.0,0.7003588904113432,0.6684968165007066,1.2446037687177989,,59.7,2.75224,,,105583.93,47057.043229179,,95.46530151,27.1597708192348,79.7695083618164,119.833999505569,44420.8922548962,10.589,,67604000.0,7.354234389683134,,489.0,494.0,United Kingdom
GBR,2023,,,,1.2547246818975069,,62.4,2.67614,,,,49944.4702124201,,95.44719696,28.8917146113567,80.4146499633789,122.781542240418,47354.4501547626,11.944,,68492000.0,,,,,United Kingdom
GRC,2012,467.0,,,1.1865747587101725,69576.77168314232,35.3,0.71953,2236.28739,628.0,11842.68,21624.346052551,,55.0699934418411,10.1435850577284,110.122978210449,120.926137220412,162.335736922308,55.656,,11045011.0,6.978418611289124,4.057996058849038,453.0,477.0,GRC
GRC,2013,,,,1.226252093881162,66851.66797092951,37.71,0.82288,2655.47213,698.0,11775.12,21573.3449762805,,59.8663,8.47893188139786,112.705833435059,114.142688333026,212.490211086681,58.491,,10965211.0,6.979947270489935,4.169078832896519,,,GRC
GRC,2014,,,,1.2349247044209966,66415.64020767785,38.95,0.84553,2733.92303,651.0,11537.0,21474.7257123892,,63.2073404784561,11.5060312558605,119.104209899902,111.488230327161,277.808048593089,52.645,22.1860599517822,10892413.0,6.966191732403961,4.107036532772175,,,GRC
GRC,2015,455.0,,,1.22254386715345,54653.37557753892,40.28,0.9716,3196.52298,550.0,11331.18,17980.7298238137,3.68238997459412,66.8349594911035,12.9218253082768,,116.133089816996,409.948060615756,49.731,22.929069519043,10820883.0,6.954790128204541,3.947923694679873,454.0,467.0,GRC
GRC,2016,,,,1.2358726916312472,66085.48596887517,39.75,1.00556,2726.60076,606.0,11175.8,17919.2426377048,,69.0879154723892,13.7270081175833,131.403213500977,116.365109232942,1411.84492794199,47.223,20.1387195587158,10775971.0,6.945151016462137,4.047187116028669,,,GRC
GRC,2017,,0.7330535969608143,0.7440416012185254,1.240894205859817,65870.25815518807,38.85,1.1492,3250.61522,498.0,11146.65,18631.9930129293,3.46778011322021,69.8929706543154,12.1148895809545,135.333923339844,120.305633506681,3695.69375338864,43.392,23.5572662762607,10754679.0,6.944517737553593,3.8566250180748183,,,GRC
GRC,2018,452.0,,,1.2451907504404365,70195.19499463755,38.93,1.2066,3416.08087,430.0,11287.46,19873.4015238771,3.57626008987427,72.2383733920483,12.9551889486437,140.950317382812,113.418450589721,5035.36701512231,40.011,24.1726354055762,10732882.0,6.959085956655953,3.71512686887132,451.0,457.0,GRC
GRC,2019,,,,1.258109322841617,66970.80523760949,38.9,1.26236,3644.60084,356.0,11908.61,19335.3602002969,3.55062007904053,75.6712066931757,12.5222555558252,143.96272277832,110.855033355177,6647.33991681452,34.754,24.4034378297833,10721582.0,7.013658144330033,3.5323442086135333,,,GRC
GRC,2020,,,,1.258170064556596,66434.90820521307,36.79,1.48872,4008.18457,400.0,12756.02,17886.733165236,,78.11584474,13.2518669714424,143.693344116211,106.669795200072,8907.70838312568,33.74,26.0435390472412,10698599.0,7.084484155983402,3.6477468113918663,,,GRC
GRC,2021,,,,1.2269563225072704,69760.98811013329,36.3,1.43353,4244.36826,394.0,14749.19,20654.7001960815,,78.49426371,12.2848681524393,150.605484008789,108.643525000707,11384.3924146816,35.39,28.1758626025841,10569207.0,7.241715010716615,3.6448780411550175,,,GRC
GRC,2022,441.0,,,1.242610296307066,62621.66302448653,34.5,1.47714,4926.78077,,15105.34,20886.5243087629,3.37547993659973,83.17066333,14.4708651762207,166.389556884766,109.026956114201,13068.1749587664,31.29,28.9304521780928,10436882.0,7.27814842513092,,430.0,438.0,GRC
GRC,2023,,,,1.228217264559898,66023.24953990894,37.5,1.4943,5283.3671,,,23343.7103964562,,85.0102229,15.1515337740903,165.113418579102,110.79216956747,14227.2514879146,26.543,28.0326523757238,10407351.0,,,,,GRC
HKG,2012,,,,2.9166666666666665,85146.91078649857,58.7,0.72733,3137.56656,171.0,,36730.796195815,3.50960993766785,72.9,18.4954233328322,60.9527896995708,227.571131531867,998.307715976,9.229,,7150100.0,,3.215500110754315,,,HKG
HKG,2013,,,,2.848,84724.43104687589,59.43,0.73017,3309.70489,226.0,,38403.7777145477,3.76031994819641,74.2,13.9010183381569,68.0858986854034,233.650196473593,1161.59857359763,9.444,,7178900.0,,3.4806598021276245,,,HKG
HKG,2014,,0.6801844709896463,0.6873190826096638,2.8,84943.57057032203,56.82,0.74014,3512.80511,192.0,,40315.3739510191,3.57254004478455,79.8662704309064,11.3905603813352,69.6881506285714,231.702338725003,1553.63441455149,9.202,,7229500.0,,3.3162875490693398,,,HKG
HKG,2015,523.0,,,2.676056338028169,92680.77498531084,57.23,0.76183,3487.89638,239.0,,42432.1619740441,3.26210999488831,84.9483529634062,12.3029118452087,68.7008718656545,227.03653842734,2331.82011438289,10.424,,7291300.0,,3.519833125128613,548.0,527.0,HKG
HKG,2016,,,,2.6666666666666665,94365.29067974287,55.69,0.7915,3668.25742,233.0,,43734.1980702999,3.29269003868103,87.47941467087,13.4708648681174,70.3316379391101,237.377770818344,3873.32006651583,9.728,,7336600.0,,3.489164920707237,,,HKG
HKG,2017,,,,,103630.11326909505,53.88,0.83519,3720.22457,324.0,,46160.429791493,3.30989003181458,89.4159446487565,61.5548639261037,72.9228515909643,247.078996858382,10482.7408970405,8.531,,7393200.0,,3.802744926945297,,,HKG
HKG,2018,,0.6902437460948099,0.682427767130522,,105331.00583308586,54.62,0.8633,3978.17159,314.0,,48537.5668888343,3.32624006271362,90.5073953294283,64.6544468445663,78.2463196011546,266.34009236007,19399.4042347637,8.731,,7452600.0,,3.7642871341085846,,,HKG
HKG,2019,,,,,105555.52835023728,55.54,0.92557,4240.38811,346.0,,48359.0011950597,3.81017994880676,91.7434003891587,65.5667246519625,83.8542119335773,286.618647834243,60542.0956592389,8.527,,7507900.0,,3.8519500335267,,,HKG
HKG,2020,,,,,105048.4084013116,54.24,0.99236,4355.79712,423.0,,46109.2299946609,4.40563011169434,92.41313602,69.6513217074644,89.9479038224414,291.916274990037,70629.594973934,15.533,,7481000.0,,4.05253671527649,,,HKG
HKG,2021,,,,,105168.09844849187,53.7,0.97026,4591.73346,401.0,,49770.5642374739,4.00030994415283,93.08715788,70.5506557214905,97.3813269493844,319.852066930488,100440.301628199,12.79,,7413100.0,,4.009030456772979,,,HKG
HKG,2022,520.0,,,,108794.45356274108,51.8,1.07293,4815.20071,,,48825.8441873536,3.72866988182068,95.61357052,72.6367726437239,100.776315789474,292.80765987826,126913.87266713,11.03,,7346100.0,,,540.0,500.0,HKG
HKG,2023,,,,,106062.44388148664,53.3,1.10625,5273.74369,,,50562.3633144379,3.80328011512756,95.97781908,72.3154885126867,105.461738484398,319.493898344345,131226.894547578,8.973,,7536100.0,,,,,HKG
HUN,2012,494.0,,,1.4851740743562691,67832.48194905864,46.5,1.25758,2400.89424,692.0,6506.75,12950.1594488143,4.15359020233154,70.579998153838,21.2196345000288,60.6758003234863,116.767825095297,393.130815185978,28.185,,9920362.0,6.487529431237614,4.259230540579608,477.0,488.0,HUN
HUN,2013,,,,1.45057466729788,75250.31906208384,46.93,1.38449,2527.84945,642.0,6306.37,13739.4620151401,4.19040012359619,72.6439,19.3691523112004,57.5212211608887,117.200126277309,516.472944576447,26.545,19.4259796142578,9872734.0,6.461102990138474,4.190072533521573,,,HUN
HUN,2014,,,,1.4550683761557974,72643.85639474636,44.61,1.3437,2654.79529,546.0,6670.04,14352.501883174,4.59878015518188,75.6531974544103,16.6901975118435,53.4245910644531,118.895659080821,670.393015871595,20.378,19.9017601013184,9833038.0,6.521106319734312,4.034720017458862,,,HUN
HUN,2015,477.0,,,1.4734059779146316,66601.23906777661,43.0,1.33884,2569.66887,569.0,6586.04,12782.9412577973,4.49287986755371,72.8347370323805,17.08325844517,50.9797401428223,100.623739037612,930.825479918614,17.272,20.6730899810791,9797755.0,6.512040808092976,4.0787998382345565,477.0,470.0,HUN
HUN,2016,,,,1.4931110578260818,59208.46422171883,44.71,1.17645,2625.94197,616.0,6531.06,13215.8605277789,4.60210990905762,79.2594121273057,17.5764530213374,50.7361488342285,101.442011503556,4148.87463875886,12.923,20.4075393676758,9759755.0,6.507550483746551,4.160699221832307,,,HUN
HUN,2017,,,,1.500834120483539,66768.2468721002,41.74,1.31498,2902.24254,496.0,6766.09,14736.1668157258,4.64034986495972,76.7505471201922,17.2630732776764,51.3840599060059,101.629260697653,13712.8966738756,10.699,20.8109029221453,9726756.0,6.546234754115737,3.951116076768335,,,HUN
HUN,2018,481.0,,,1.435567134939796,64838.73127120993,44.94,1.50196,3846.48666,407.0,6875.82,16605.0570511887,4.60567998886108,76.0743606365063,16.8209858629646,52.5629386901855,102.737202940663,19379.9008629269,10.115,21.8310533614892,9706964.0,6.56433338015563,3.759539684492417,481.0,476.0,HUN
HUN,2019,,,,1.3637776530388117,61970.4016476755,44.51,1.46473,4021.15293,427.0,7377.59,17012.8598553199,4.20140981674194,80.3716936050482,17.3787600622128,54.2122917175293,105.141557934591,26447.1020825133,11.472,22.6326181219748,9694824.0,6.635923399408869,3.807642473048565,,,HUN
HUN,2020,,,,1.3736894387081635,60103.570013173,41.53,1.58067,4309.61589,428.0,7762.07,16386.9308821258,4.12265014648438,84.77115202,17.4648807221778,56.6071815490723,105.981902376717,33083.571663234,12.882,24.0824909210205,9670419.0,6.689177772015753,3.812394520681009,,,HUN
HUN,2021,,,,1.3468491262566389,69808.52777401784,42.7,1.63327,4452.48668,433.0,8387.03,19030.628130329,4.65407991409302,88.64083466,16.3975126429279,58.6536102294922,105.137285804787,42102.778838019,13.549,25.8268891446559,9630932.0,6.770609395688773,3.827756310186036,,,HUN
HUN,2022,486.0,,,1.3090798608473728,54231.670094026646,39.8,1.39056,4725.1504,,8801.72,18428.028825614,3.8011999130249,89.14282688,18.4048917258431,60.2746810913086,105.793848314995,51406.6835924429,10.541,24.6647205352783,9605074.0,6.821501612784286,,473.0,473.0,HUN
HUN,2023,,,,1.3398156480194927,67049.8999804695,41.3,1.37748,4567.0829,,,22230.6277875187,,91.4500713,18.8624569621863,56.5924415588379,105.054424922699,53717.7865400025,12.779,26.3525127220673,9592186.0,,,,,HUN
IDN,2012,382.0,,,,,28.1,,,,2111.14,3632.27254030331,3.40748000144958,14.52,10.871757163658,29.0425391195214,111.581048999,5.22361576902754,15.673,5.77638038733417,252698525.0,2.235844892939185,,375.0,396.0,IDN
IDN,2013,,,,,,31.95,0.0847,,663.0,2815.34,3566.60284506078,3.35904002189636,14.94,9.67606262852233,29.894529174265,122.424816798816,7.69974987186659,15.977,6.18710368188552,255852467.0,2.485220213323207,1.2785245954424769,,,IDN
IDN,2014,,,,,,31.81,,,702.0,3354.32,3441.06808464008,3.28800988197327,17.1431598350566,9.32850761968047,29.9904910473273,125.767185647597,11.6116741423225,15.977,7.96649980545044,258877399.0,2.635993778721345,1.3114922376553175,,,IDN
IDN,2015,403.0,,,,,29.79,,,1058.0,4474.1,3288.22269725538,3.58361005783081,22.062742603379,8.88987824359938,32.4590200433758,129.468797674053,17.4523036924373,17.224,8.48301029205322,261799249.0,2.89534891803036,1.6176569350538506,386.0,397.0,IDN
IDN,2016,,,,,48611.28760335939,29.07,0.24535,177.73496,1101.0,6753.72,3521.46943457574,1.21023452496964,25.447353701827,7.99860974921307,34.8307173410877,145.704251250337,302.667050169382,15.997,8.79403018951416,264627418.0,3.2779601918931847,1.6410463820282857,,,IDN
IDN,2017,,,,1.3964598479114907,42241.79234467537,30.1,0.23805,214.08281,2271.0,13002.06,3798.88326174526,1.05324382490056,32.335806250688,8.44632702628773,35.967012362631,162.782511760443,1267.73606423762,14.553,8.23369979858398,267346658.0,3.904670252440613,2.2507220651745485,,,IDN
IDN,2018,396.0,0.7670336738492802,0.7928409989300275,,40606.94975684844,29.8,0.22632,215.18755,1407.0,21795.18,3860.95353090726,0.994436460846179,39.9046386385762,8.21299200751234,36.1494878042588,118.330216938024,1272.12317710915,16.369,9.37423038482666,269951846.0,4.403510302087061,1.8264894520957389,379.0,371.0,IDN
IDN,2019,,,,1.2785474917425472,28777.33972944784,29.72,0.27129,387.17063,3093.0,31005.34,4106.94856160358,0.964399077622927,47.6906489788375,8.09206094724751,37.3230862728703,125.244348145809,1672.32938886525,13.577,8.78998911544875,272489381.0,4.743065154524236,2.5137290196573145,,,IDN
IDN,2020,,,,1.300417508199613,27360.062984790093,26.49,0.28068,395.34168,1309.0,32895.71,3853.70288774146,1.01593221347809,53.72649449,8.4247469855579,38.1650601406923,129.40362112725,1868.76353333811,14.773,10.5170803070068,274814866.0,4.793319298920683,1.7514940316079597,,,IDN
IDN,2021,,,,1.3257683851839754,,27.1,,,1397.0,39566.05,4287.17313995098,1.03221750658374,62.10447842,7.20127970144306,40.6293239880732,132.199444256099,2189.14677796205,13.8,,276758053.0,4.969553522843026,1.799683038715851,,,IDN
IDN,2022,383.0,,,1.2824607700987838,,27.9,,,,31947.1,4730.83484836107,0.863943349575907,66.48461277,8.30819306709832,42.3260385456152,122.873012230307,2496.40884911853,14.054,9.48062106505868,278830529.0,4.749922529061137,,366.0,359.0,IDN
IDN,2023,,,,1.2370539680264598,,30.3,,,,,4876.30774512252,1.27517088245674,69.20836554,9.08308687782522,44.8813034886441,125.238194847046,2722.38990575723,13.015,9.32683739576692,281190067.0,,,,,IDN
IRL,2012,522.0,,,1.494736358553187,156450.15892149138,58.7,1.5455,4873.66344,,7018.56,49335.8408099555,5.70776987075806,76.919992540097,25.5863586944318,68.1972503662109,108.989828987516,2466.77217013119,30.792,,4599533.0,7.331013695089755,,501.0,523.0,IRL
IRL,2013,,,,1.490614582442944,156907.6638329187,57.91,1.53562,5141.73776,,7077.4,52537.6108648692,5.23177003860474,78.2477,24.9839328156584,71.6995468139648,105.53780299895,2641.75737096805,26.732,,4623816.0,7.334094657367238,,,,IRL
IRL,2014,,,,1.436291955561847,159778.30844666567,56.67,1.47756,5290.95054,,7186.57,57214.5379785709,4.73554992675781,83.4917223351728,24.9189231516136,73.813232421875,105.460883393918,2807.79949074014,23.416,31.0609990347078,4657740.0,7.342086840787587,,,,IRL
IRL,2015,503.0,,,1.4902639129487203,139801.72695971848,59.13,1.14062,5242.06636,,6896.82,64250.1385181257,3.62438988685608,83.4947916666667,28.3389494347801,77.2321472167969,104.242903808134,3194.41458099255,20.235,31.1764627730336,4701957.0,7.291518434709459,,504.0,521.0,IRL
IRL,2016,,,,1.459208360244692,143315.63550138005,59.03,1.14954,5143.85544,79.0,7148.95,64129.5571542383,3.65881991386414,83.5,32.8418171476767,77.5571365356445,102.558386941167,11725.2277164193,16.797,31.7892265802023,4762722.0,7.314567409196828,2.86716871010683,,,IRL
IRL,2017,,,,1.4676188610693068,170478.72067526763,58.13,1.20821,5114.19434,62.0,7288.93,72161.4047531385,3.37737011909485,84.1140070623844,29.3340262522775,77.5191116333008,101.842124574945,38437.1028566871,14.402,31.1619205474854,4827445.0,7.320456774576237,2.6277965072638683,,,IRL
IRL,2018,496.0,,,1.4790974628681834,187824.33206529915,57.19,1.08244,4656.77702,76.0,7457.08,80804.1123164826,3.30347990989685,87.0001401148942,25.0152782298751,76.7604675292969,102.030494877842,69157.3047242336,13.756,35.1531239019396,4898022.0,7.328744358304671,2.804357923678221,500.0,518.0,IRL
IRL,2019,,,,1.4280539824598455,187576.75854016095,56.1,1.13733,4961.4389,58.0,7999.14,81827.6688873996,3.22984004020691,87.0000552425146,25.9769791902199,74.444580078125,104.597515228061,94607.6886844775,12.457,35.4656977800903,4976456.0,7.382993254213331,2.538042951147648,,,IRL
IRL,2020,,,,1.3926214525367373,187253.3575199379,53.05,1.12466,5196.11055,75.0,8513.7,86514.0706108754,3.19163990020752,91.99989097,25.8991544690003,74.1961975097656,105.045612677382,114566.465340423,15.263,37.2187148537184,5039747.0,7.432667809453185,2.7651674663804005,,,IRL
IRL,2021,,,,1.3295851965014351,213641.22827853775,50.7,1.0732,5213.43167,75.0,9437.0,103783.446284479,2.90461993217468,93.50610352,28.4781475271992,78.4613265991211,106.86972424373,113930.009969504,15.612,38.4914834180722,5110585.0,7.521620933996878,2.7520941135873627,,,IRL
IRL,2022,504.0,,,1.3853541200726192,290131.85761625064,48.5,1.53215,5554.98837,,9254.27,105190.685952731,,95.03690338,46.7867801497714,77.5933380126953,110.608851322579,134764.070843587,9.389,38.4278214966169,5212836.0,7.482279431357448,,492.0,516.0,IRL
IRL,2023,,,,1.4343580089545738,294916.4006300196,50.4,1.58829,5752.79698,,,106818.917130804,,96.8660965,47.7737732849219,,110.798344311602,149934.162195583,10.161,41.8523570536881,5311538.0,,,,,IRL
ISL,2012,478.0,,,1.1386597945202666,,55.7,,,37.0,645.19,46594.9869146614,7.58223009109497,96.2097995545657,15.3938778989576,79.5824813842773,109.747195651429,4580.37640778757,13.201,,320716.0,7.607241093897131,4.756747843882271,493.0,483.0,ISL
ISL,2013,,,,1.1410872209505911,147937.21070403364,56.4,1.69237,5739.72216,33.0,589.16,50173.3360061057,7.44866991043091,96.5468,15.7355558714745,78.3723907470703,109.997066860151,5522.54111019137,10.415,,323764.0,7.506987601273513,4.634011199764738,,,ISL
ISL,2014,,,,1.063157894736842,,54.05,1.93616,,51.0,597.31,55140.364935793,7.6414098739624,98.1580233097118,17.1233939798944,80.3950881958008,112.987310388627,6576.33496850812,9.566,31.3356183131779,327386.0,7.509599568210589,5.054839825998534,,,ISL
ISL,2015,473.0,,,1.061389337641357,,57.02,2.18137,,40.0,615.26,53505.6964079339,7.45796012878418,98.19999695,20.1396578475779,75.6419982910156,116.004435688559,7611.50491966809,8.578,32.343291894634,330815.0,7.5287784536920865,4.8033117892043,488.0,482.0,ISL
ISL,2016,,,,1.053811659192825,,55.99,2.11011,,35.0,674.43,62854.0906407932,7.43221998214722,98.23999786,23.3894322573227,74.7006301879883,119.679414972554,35663.7123292163,6.317,34.919979784315,335439.0,7.606680289986556,4.657201555291056,,,ISL
ISL,2017,,,,1.1181467640541003,254287.90255504297,55.76,2.08365,5979.72684,36.0,641.27,72976.3729990975,7.58384990692139,98.2552011867973,26.3759840115862,71.3372497558594,116.796155223255,57638.322655795,7.544,36.9849307076824,343400.0,7.532845272139755,4.661871949924777,,,ISL
ISL,2018,475.0,,,1.1421264383053182,268044.5559811563,51.24,2.00081,5645.66563,56.0,720.82,75633.8651351915,7.56350994110107,99.0109539916991,23.4740318421698,69.3402328491211,116.581078859812,64762.2341737521,5.902,39.0388021816671,352721.0,7.622956568981036,5.073708429635362,495.0,474.0,ISL
ISL,2019,,,,1.16527933689468,,51.53,2.34018,,47.0,680.46,69296.3144361601,7.60129976272583,99.5049411693787,38.0792033549769,70.6093521118164,114.623232603271,70905.7779084376,8.449,36.142879486084,360563.0,7.543387361218445,4.877878458417866,,,ISL
ISL,2020,,,,1.164571753649456,,49.23,2.4864,,44.0,686.83,60127.9393575616,8.5838098526001,99.5327519,27.9589360661677,74.5906066894531,114.939418571031,75513.7626445235,9.872,36.6183090209961,366463.0,7.536477941414839,4.79634156392025,,,ISL
ISL,2021,,,,,282228.1487010159,51.8,2.78171,6941.30115,34.0,751.67,70425.4064277273,8.2265796661377,99.68701957,33.4874148657273,86.5232086181641,117.34255750797,78946.0968538602,11.831,,372520.0,7.6102574162332415,4.524721959258262,,,ISL
ISL,2022,447.0,,,,289324.3412116702,49.5,2.60089,6863.54747,,765.6,76350.4550416502,7.30798006057739,97.58339691,33.3116292542581,84.985237121582,120.114839781678,85331.790588032,8.421,34.2379611825299,382003.0,7.603485491689775,,459.0,436.0,ISL
ISL,2023,,,,,364300.32769746776,50.7,2.64005,5952.52033,,,82138.7892973557,,97.94860077,43.4245422764011,76.5200729370117,121.475495280706,87104.544641306,8.488,34.4636962573314,385663.0,,,,,ISL
ISR,2012,470.0,0.5259480894133546,0.562013636886496,1.586116075761537,,56.0,4.06028,,1319.0,11614.79,33321.4300881602,5.56122016906738,70.8,19.8939600431067,64.2354736328125,121.257449610793,900.448770621326,11.99,31.2236010686484,7910500.0,7.292524413530686,5.122417595785199,466.0,486.0,Israel
ISR,2013,,0.6282153326627024,0.5640868415871527,1.4542635658914729,,55.98,4.10651,,1201.0,11390.71,37034.3161080785,5.76972007751465,70.250311945,19.0362582405147,62.6519393920898,122.590468216873,960.35734226689,10.4,31.3936901092529,8059500.0,7.254409170105457,5.010746543775597,,,Israel
ISR,2014,,0.5707253041116407,0.5729898007996467,1.481378126006225,,55.46,4.19613,,1125.0,12086.64,38343.3046626235,5.69225978851318,75.0177531628076,19.4130528417277,62.6224403381348,120.296120931284,1008.6785057877,10.429,32.7910194396973,8215700.0,7.294488534582336,4.926767664590706,,,Israel
ISR,2015,467.0,0.5409514385579377,0.5836811196585665,1.4537514469115016,,53.54,4.29761,,1285.0,12249.84,36213.1041481958,5.79657983779907,77.3520896572253,23.6539775366063,61.6271781921387,131.256932278377,1304.99636042529,9.202,33.2059211730957,8380100.0,7.288092171908279,5.039154455492258,470.0,479.0,Israel
ISR,2016,,0.592397909068388,0.5859658040172517,1.4231797614150554,,52.28,4.59051,,1300.0,12479.66,37671.5389138798,5.80271005630493,79.6531241815281,21.8196172712291,61.4426498413086,128.745353991867,2119.58811139714,8.514,33.9819556680169,8546000.0,7.287076620673383,5.031208538887809,,,Israel
ISR,2017,,0.56364564545316,0.6307893432322369,,,53.88,4.74032,,1436.0,12507.34,41138.470964272,6.00425004959106,81.5811835871611,21.0679788533896,60.3434600830078,126.049460421008,6967.62420667256,7.151,34.8950401334066,8713300.0,7.269916769362819,5.110815578590559,,,Israel
ISR,2018,462.0,0.561333556610465,0.5573037269037304,1.468442932728647,,56.79,4.91965,,1506.0,12752.3,42362.6652754196,6.06919002532959,83.7331569615326,22.5362840096475,58.6109886169434,125.733440171505,9611.94668347818,7.025,35.7983778877423,8882800.0,7.270046425909577,5.13897653259711,463.0,470.0,Israel
ISR,2019,,0.5877881861574348,0.641160001512364,,,57.43,5.35528,,1368.0,13267.72,44250.6313628073,6.06899976730347,86.7878776180583,23.0916656017552,57.4564514160156,135.143345507015,11114.8663574111,6.525,36.2310266040996,9054000.0,7.290564822819658,5.024495064632248,,,Israel
ISR,2020,,0.5341635319530493,0.6099094042457232,,,53.55,5.83209,,1642.0,13675.43,44575.5719045492,6.51824998855591,90.12734091,28.197643074759,57.633861541748,139.425860895034,12351.7921672038,7.645,36.506782771464,9215100.0,7.303186244699811,5.188423277174917,,,Israel
ISR,2021,,0.5854988161175152,0.6386084335708612,1.4183748169838946,,53.4,5.75725,,1592.0,15132.89,52270.9040241956,6.16727018356323,90.29689758,29.5956758722761,60.2585487365723,139.775312861878,13021.9604328062,7.649,37.2001295681295,9371400.0,7.387582383645965,5.140953167996409,,,Israel
ISR,2022,465.0,0.6343086442319525,0.599490362693974,,,50.2,6.17831,,,15417.46,54949.621556429,5.93291997909546,91.85079615,29.1090540410523,58.9500617980957,151.1379631075,13050.1700235417,6.719,32.5107307434082,9557500.0,7.3865494477976625,,458.0,474.0,Israel
ISR,2023,,0.5929053298659193,0.679158932005483,,,54.3,6.34589,,,,52003.7200729997,,87.03842615,34.9377735824443,57.143440246582,153.336641345572,12925.0685348766,5.873,38.2999787289694,9849000.0,,,,,Israel
ITA,2012,494.0,,,,238965.8027209067,44.5,1.25559,1831.34278,8439.0,64130.5,34854.3949441965,4.03481006622315,55.829997993283,7.59501140176072,62.3447418212891,160.558717223582,300.010398521898,35.294,,60191247.0,6.972086539940179,4.950199347467573,485.0,490.0,ITA
ITA,2013,,,,,241125.10619197748,47.85,1.29425,1916.30366,8307.0,67380.42,35701.6746002376,4.12192010879517,58.4593,7.77207145281516,60.8925285339355,159.698153133449,374.504989611205,40.022,,60311613.0,7.019479768715678,4.932563246444668,,,ITA
ITA,2014,,,,1.3170537157410842,246340.74692237264,45.65,1.33148,1947.34437,8601.0,69089.63,36028.3494022349,4.04026985168457,55.6384602242293,7.73691381710463,60.8831481933594,148.21699121216,496.89404336723,42.669,13.9849236207505,60320707.0,7.044357179797708,4.966947052057227,,,ITA
ITA,2015,481.0,,,1.3056503228460932,196628.4899466108,46.4,1.33213,2075.80841,,70947.03,30639.8829751432,4.05422019958496,58.1417349568747,8.15204658018138,60.941291809082,144.763979440074,633.243402476241,40.316,14.4994360454762,60229605.0,7.072373389913699,,490.0,485.0,ITA
ITA,2016,,,,1.3005020318532123,193093.7424155821,47.17,1.35915,2209.59265,8848.0,70793.77,31391.5692898108,3.795490026474,61.3242527666303,8.29074616964551,61.3571014404297,142.127307324616,1316.22234853891,37.758,14.6699393451451,60115223.0,7.072111976942805,4.998454859094657,,,ITA
ITA,2017,,,,1.2873062395539814,192889.31799264625,46.96,1.36393,2322.42382,8643.0,72117.06,32844.115660604,4.02662992477417,63.0773469984291,7.8052686500986,62.69580078125,138.882433107903,7813.04008389552,34.726,15.5496869094545,60002252.0,7.09249548221263,4.977041236699751,,,ITA
ITA,2018,468.0,,,1.2779260853160594,196254.59526279315,46.32,1.41934,2524.31271,8921.0,73693.73,34904.1081923834,4.24094009399414,74.3871829234822,7.47655885813922,64.4753265380859,138.264671531909,12313.6246863563,32.185,16.1792738575987,60148658.0,7.111669733509685,5.006063934751327,487.0,476.0,ITA
ITA,2019,,,,1.2778042645899694,184289.05110149493,46.3,1.45558,2670.65345,9229.0,78131.55,33812.788724868,4.07843017578125,67.8507102874836,7.75802459594121,65.6895065307617,132.181234381376,15313.1771774623,29.102,16.4591872390133,59729081.0,7.177094378888563,5.046737996667396,,,ITA
ITA,2020,,,,1.2735472937840446,183942.8031423736,45.74,1.49869,2614.68181,10061.0,86301.61,32091.4866621366,4.41803979873657,70.48342785,8.587243012964,68.7231063842773,129.49000571147,20677.1830094764,29.629,16.5459804534912,59438851.0,7.28134395985145,5.137364236819113,,,ITA
ITA,2021,,,,1.2479285730530925,195517.4653054548,45.7,1.41065,2658.8949,10281.0,92877.32,36852.5425414951,4.17118978500366,74.8623274,7.77024565516253,71.2745208740234,130.781488497698,24823.3931231798,29.665,16.2955232275758,59133173.0,7.3598791695480354,5.163995957562872,,,ITA
ITA,2022,477.0,,,1.2083490843649858,174170.7992703004,46.1,1.36563,2795.53412,,90585.64,35653.9042103495,4.06775999069214,85.06074504,9.15916231271025,73.8962097167969,131.673965640047,28070.9043211973,23.704,16.4901719680437,59013667.0,7.336933175545983,,471.0,482.0,ITA
ITA,2023,,,,1.258945131532373,189752.96682240893,46.6,1.37935,2855.12509,,,39277.0838783918,,87.0278292,9.9836968942283,75.9496536254883,131.871674517747,30244.0571559008,22.727,17.5816398207436,58984216.0,,,,,ITA
JPN,2012,547.0,,,1.0195189170880343,308939.7583826258,51.7,3.1737,5048.63399,287013.0,109040.04,49145.2804308193,3.41945004463196,79.4964,18.2382479591573,,110.319058838317,909.613018984714,8.236,,127629000.0,6.751512609211144,7.718599753432917,536.0,538.0,Japan
JPN,2013,,,,0.930056092223466,259548.9148868894,52.23,3.27895,5166.83422,271731.0,108551.11,40898.6478964744,3.40874004364014,88.219428911,17.7587589107099,62.6422691345215,115.787169243408,1054.73733767508,6.809,,127445000.0,6.748464868555724,7.665351888035515,,,Japan
JPN,2014,,,,0.968339412509198,242137.22627129572,52.41,3.36788,5351.53211,265959.0,105286.6,38475.3952461838,3.41529989242554,89.1068330166075,17.7805347199635,62.8334884643555,123.822099584501,1376.66959992457,6.299,,127276000.0,6.719291600517988,7.645217924279661,,,Japan
JPN,2015,538.0,,,1.0742047458690134,217942.73917542992,53.97,3.24071,5198.48902,258839.0,102018.5,34960.6393843385,3.31221008300781,91.0580283929962,18.0454889300336,62.4498481750488,126.150959704287,1504.27478154175,5.471,,127141000.0,6.688858219972268,7.619155895583449,532.0,516.0,Japan
JPN,2016,,,,1.011114007079966,233771.48452474395,54.52,3.10665,5232.70894,260244.0,102449.32,39375.4731620781,3.14643001556396,93.1827212821617,17.620423854837,62.4975395202637,131.214861037498,2108.1872265416,5.12,,127076000.0,6.693577794101277,7.625077775207933,,,Japan
JPN,2017,,,,1.063146904205312,231139.8798078951,54.72,3.16636,5319.83455,260292.0,102425.45,38834.0529341227,3.13057994842529,91.7265472366635,17.5942774665502,63.287540435791,135.985843116605,5971.46615001733,4.611,,126972000.0,6.694162791259047,7.626080454095431,,,Japan
JPN,2018,529.0,,,1.0470282155487698,239659.96279134383,54.95,3.2192,5339.51713,253630.0,103957.43,39751.1330982711,3.07782006263733,88.7463508901772,17.2970528139362,62.6058502197266,141.728728918149,11644.8573073314,3.668,,126811000.0,6.710258070829014,7.601433861328084,527.0,504.0,Japan
JPN,2019,,0.6930802786799961,0.7368778013682472,1.041351673759993,241937.0323661474,54.68,3.21824,5376.11987,245372.0,104005.62,40415.9567649547,3.15533995628357,92.7303978145525,17.0303844450023,62.4008407592773,147.209910756974,18646.9956488435,3.938,,126633000.0,6.712123894455541,7.569753518722749,,,Japan
JPN,2020,,,,1.1081040129973077,239826.81092651188,52.7,3.26556,5450.44287,227348.0,102788.11,40028.7341726762,3.30628991127014,90.21945812,18.6333487896777,62.2987403869629,154.432206765516,22848.7181314895,4.679,25.5403995513916,126261000.0,6.703301378861701,7.4964411794381105,,,Japan
JPN,2021,,,,1.052083647013924,234826.9145519565,54.5,3.27383,5589.76698,222452.0,109074.89,40094.5599795288,3.33663988113403,82.91407928,18.0039913482614,62.0412483215332,159.516123485628,25729.8696078749,4.707,,125681593.0,6.767189907732596,7.479279781496749,,,Japan
JPN,2022,547.0,,,0.9983204756974612,205764.56240069616,53.6,3.40053,5629.79566,,103722.96,34065.6438962526,,84.92343147,18.2592615351902,63.3752288818359,168.602943650636,28934.0684777203,4.434,,125124989.0,6.721371239247246,,536.0,516.0,Japan
JPN,2023,,,,1.0454203963219315,207606.3562875309,54.6,3.44125,5608.63075,,,33836.1756271617,,85.00990295,17.1028060703212,64.4907608032227,178.432441299977,31701.7121806602,4.116,,124516650.0,,,,,Japan
KOR,2012,538.0,,,,153328.74710087452,53.9,3.6852,6393.34374,148136.0,56100.89,26600.5477433903,,84.07,28.2220757644767,98.286979675293,108.114681779859,268.327478966921,7.738,27.8424559265131,50199853.0,7.019789271242206,7.990212770700983,554.0,536.0,South Korea
KOR,2013,,,,,166296.81986479906,53.31,3.77487,6457.88851,159978.0,57320.12,28449.3591104972,,84.77,29.8181999078998,96.3375015258789,109.206248930023,337.108331923923,8.943,28.7843093426531,50428893.0,7.036722080518262,8.0625424743857,,,South Korea
KOR,2014,,,,1.1310664605873262,173706.09052933246,55.27,3.88983,6867.33385,164073.0,60152.58,30667.0912467447,,87.5568264944747,30.0608682657817,94.4421691894531,113.358579550833,406.608048817559,8.594,30.086553387602,50746659.0,7.078637106643881,8.081530191830748,,,South Korea
KOR,2015,516.0,,,1.1560110125420615,162843.1273455127,56.26,3.78907,7020.43916,167275.0,62722.77,30171.7906545222,4.24247980117798,89.8962557995106,31.2119270912605,93.9676513671875,115.595447050042,557.718897561532,9.899,28.6821708679199,51014947.0,7.115174159938863,8.09558070545624,524.0,517.0,South Korea
KOR,2016,,,,1.157266487615637,165423.3508604754,57.15,3.78638,7057.16003,163424.0,62915.13,30832.0628072516,4.11502981185913,92.8430256796075,30.5250266717443,93.6577224731445,119.489512998783,720.999297841807,10.145,31.7693627138952,51217803.0,7.114268514350842,8.068329498310334,,,South Korea
KOR,2017,,,,1.1500290191526408,181978.10440756037,57.7,4.07341,7453.21918,159084.0,64096.89,33296.9845439195,4.10775995254517,95.0694218761004,32.546316460744,93.7230224609375,123.642066127533,1198.94292873955,9.781,32.1544824650371,51361911.0,7.130055253015678,8.038613585164317,,,South Korea
KOR,2018,519.0,0.6846050870147256,0.6683623382418564,1.138324519899805,190767.78741590097,56.63,4.27155,7918.46916,162561.0,66892.64,35363.9508228687,4.21645021438599,96.0228595797887,36.3912233579129,93.3281784057617,128.494634504197,2065.98585194961,10.12,33.022081532099,51585058.0,7.168383032953886,8.055893815071833,526.0,514.0,South Korea
KOR,2019,,,,1.1346774193548388,177229.27298585436,56.55,4.36379,8328.96727,171603.0,70701.85,33826.9443301597,4.41813993453979,96.157579184239,32.4050621736765,93.9989166259766,133.079790493891,4538.9511819436,9.827,33.6001856179016,51764822.0,7.220248100495408,8.106529750844931,,,South Korea
KOR,2020,,,,1.1570401916422677,176480.08640722913,56.11,4.5214,8620.009,180477.0,73255.78,33645.7719545073,4.52706003189087,96.50506052,35.6022265413283,96.8767700195312,135.973274343048,5939.01112308707,10.143,33.8704405825543,51836239.0,7.2543302882532865,8.15555630229417,,,South Korea
KOR,2021,,,,1.139450492483152,190115.4073068952,59.3,4.59673,9071.4503,186245.0,77566.47,37518.4635305697,4.55590009689331,97.57132698,36.014503674486,100.359878540039,140.516382791931,7334.11978035964,8.055,34.2422507220894,51769539.0,7.31275579805503,8.188294290234293,,,South Korea
KOR,2022,528.0,,,1.1339525788315816,178915.65750206623,57.8,4.84753,9434.7613,,76935.71,34822.4048404971,5.40910005569458,97.16855335,36.118278931217,102.813056945801,148.68360770138,8821.91477648421,6.638,34.5359726980996,51672569.0,7.306469764232526,,527.0,515.0,South Korea
KOR,2023,,,,,186189.6720327612,58.6,4.94352,9471.82543,,,35674.095995632,,97.41597478,30.2762799912651,106.709167480469,162.11365652794,9728.36049939764,5.405,35.6374378641889,51712619.0,,,,,South Korea
LTU,2012,,,,1.32717396907037,48023.10470156155,44.0,0.8976,2670.60517,109.0,2247.28,14288.1853493139,4.78232002258301,67.2299893276414,11.0422224951685,79.7516326904297,167.226065135398,449.62780252106,26.684,,2989139.0,6.623819719310245,3.623416507310632,,,LTU
LTU,2013,,,,1.2908058616522835,51776.11866362424,41.39,0.95322,2878.7497,117.0,2240.39,15636.5252586048,4.62416982650757,68.4529,11.0243128207069,74.3968200683594,154.341459457267,635.542422963276,21.896,26.3852691650391,2961250.0,6.630114644074956,3.7015572974757074,,,LTU
LTU,2014,,,,1.2675496042634666,55221.99017227912,41.0,1.03495,3082.27902,123.0,2444.28,16446.1647181663,4.5076699256897,72.1335378644566,11.1391744920283,72.034538269043,145.49429149643,751.722783158277,19.258,31.4951000213623,2937253.0,6.7252320520813695,3.758309000020213,,,LTU
LTU,2015,,,,1.2443112137438694,53137.75611621359,42.26,1.04077,2794.92116,101.0,2474.04,14269.8039878287,4.21646022796631,71.3780590101754,12.7802328819912,72.1163330078125,143.991494147494,1182.71078135515,16.302,33.0973510742188,2911109.0,6.74624958306533,3.5750017042654,,,LTU
LTU,2016,,,,1.2496963174159603,42716.900574729705,41.76,0.84391,2950.39665,95.0,2335.81,14934.2702840428,4.01143980026245,74.3766455618662,12.6400013901436,74.0858306884766,146.550393676088,4363.77538164788,14.455,33.9425315856934,2877325.0,6.700484035642394,3.526853865734754,,,LTU
LTU,2017,,,,1.2564408788852108,49075.407649715016,41.17,0.8963,3068.33424,81.0,2400.43,16800.1510246099,3.81236004829407,77.6152565124514,12.5193567980791,76.5389785766602,154.147985747777,12992.8562860075,13.266,34.5394706726074,2842639.0,6.739853840999142,3.384208850636878,,,LTU
LTU,2018,482.0,,,1.2468116084819425,56139.66247380008,41.19,0.92781,3180.95498,81.0,2353.94,19247.2315367967,3.85628008842468,79.7225827680518,12.102708320773,77.3577728271484,134.333614750945,18152.6674233825,11.117,35.9516875448363,2819200.0,6.728589577189833,3.392208941430143,481.0,476.0,LTU
LTU,2019,,,,1.284299599481732,56175.21616443765,41.46,0.98701,3445.30515,90.0,2594.62,19608.7943945553,3.9415500164032,81.5818683764046,12.0304039362778,75.0942306518555,132.528841977519,31265.1075793047,11.85,37.327369377978,2811089.0,6.828706240127655,3.496994173434181,,,LTU
LTU,2020,,,,1.2684523190913148,63013.90016676802,39.18,1.12379,3643.24539,95.0,2888.91,20428.6478157394,4.47348022460938,83.05554724,12.0095660933711,73.5892868041992,131.341332336588,46868.5784678097,19.556,38.103458404541,2810369.0,6.936291095936261,3.549714802465325,,,LTU
LTU,2021,,,,1.291628303102845,66560.08450447902,39.9,1.10044,3946.51068,81.0,3102.55,23870.4594851722,4.23977994918823,86.93054425,11.508956927432,75.0314712524414,133.357273318046,53718.8699534963,14.304,36.2473106384277,2808380.0,7.008276603354092,3.395925197845437,,,LTU
LTU,2022,484.0,,,1.2990256221985923,63588.69372266497,37.3,1.05289,4153.6584,,3132.62,25085.784063499,4.25285005569458,87.72420219,12.9963941333635,76.9154586791992,135.834150715729,66487.2888104734,11.873,41.4149466041617,2831639.0,7.009672810212902,,475.0,472.0,LTU
LTU,2023,,,,1.2391875094033122,78752.68987288822,42.0,1.04977,3703.86273,,,27786.0057829276,,88.50287484,14.4028959953361,77.0064163208008,137.203719983084,96899.7957573953,13.712,41.3070548478587,2871585.0,,,,,LTU
LUX,2012,491.0,,,1.51462721156106,308609.14149314456,57.7,1.20664,4401.98152,109.0,593.83,112584.676270958,3.87815999984741,91.9499237417387,8.68486923570019,19.117790222168,143.387946442865,2320.38663065547,16.578,,530946.0,7.0205817458415805,5.32930207902822,490.0,488.0,LUX
LUX,2013,,,,1.4806981842264098,317610.50491312187,56.57,1.23381,4661.60191,113.0,765.94,120000.140729859,,93.7765,6.8438523675119,,145.093438163702,3248.30683156655,16.289,,543360.0,7.251796184308245,5.342167985698867,,,LUX
LUX,2014,,,,1.519714393799242,314695.56714691943,56.86,1.217,4782.93933,128.0,876.26,123678.702143275,3.85569000244141,94.6702052774766,5.97251741023821,,144.244165248014,4513.59741443309,24.278,32.4782052224114,556319.0,7.36271093626953,5.442780496725027,,,LUX
LUX,2015,483.0,,,1.5380484619196555,284846.9013121288,59.02,1.25226,4636.38043,128.0,816.06,105462.012584423,3.76792001724243,96.3767141704759,7.1063570044196,20.2907104492188,141.659175188223,5500.31249780549,17.5,29.7948332196253,569604.0,7.267999527420805,5.41928431949431,486.0,481.0,LUX
LUX,2016,,,,1.5399424235319752,282019.3272655888,57.11,1.2669,4802.1785,143.0,874.4,106899.293549552,,98.1366986657616,7.96708640448661,19.9203605651856,130.932672500368,11473.9507984344,21.98,,582014.0,7.315464107274975,5.50816717463042,,,LUX
LUX,2017,,,,1.4754483205396856,274745.1555502742,56.4,1.23898,4969.23004,156.0,831.12,110193.213797228,3.48645997047424,97.3629603241751,6.9688410293022,19.5990200042725,133.110922975046,43014.3409084811,15.473,,596336.0,7.24044245275906,5.570622398472277,,,LUX
LUX,2018,477.0,,,1.322449094222091,287806.8509880333,54.53,1.17039,4754.92191,152.0,911.61,116926.759593905,3.65772008895874,97.061298705829,6.97324123677991,19.3915195465088,131.326868398506,43151.5749650465,14.18,35.3018707883265,607950.0,7.313541579025965,5.525534851718649,483.0,470.0,LUX
LUX,2019,,,,1.3366441790412145,261682.2027111092,53.47,1.18209,5090.81552,117.0,955.34,112696.649059674,3.73705005645752,97.120635693272,6.57356994288018,19.3969497680664,131.870169616698,39864.4518315293,16.975,37.1256471674156,620001.0,7.340750260259002,5.24549328557484,,,LUX
LUX,2020,,,,1.4141131109312317,260352.0534708526,50.84,1.09627,4920.65038,129.0,980.18,116860.02817236,3.85499000549316,98.45962893,5.61923854995663,19.961389541626,132.908973559976,44903.4689627058,23.182,37.1187051096982,630419.0,7.349749789385119,5.326058072181954,,,LUX
LUX,2021,,,,1.3134137823422862,281876.60287979426,49.0,1.03153,4939.08633,112.0,1075.91,134965.815442152,3.68531990051269,98.66086333,6.0752020682151,20.7341499328613,136.87108956478,49199.7675232477,18.666,41.5808857989599,640064.0,7.427703929621441,5.170384568219475,,,LUX
LUX,2022,,,,1.304630934785766,248136.63137951912,49.8,1.0653,5311.53147,,1170.6,123719.658915996,3.74451994895935,98.24203749,5.9904603893658,21.032600402832,139.651285065505,63898.0375224122,17.599,42.0351303246455,653103.0,7.491849911462232,,,,LUX
LUX,2023,,,,1.2233872421477807,266122.3176828326,50.6,1.07045,5359.06637,,,133230.619178899,,99.34785707,5.979250210644,21.5371704101562,144.474949556306,60480.4705670513,18.848,41.8519604082982,666430.0,,,,,LUX
LVA,2012,502.0,,,1.435053941468717,48098.535935761305,47.0,0.68884,1908.95404,193.0,1147.24,13329.3499931271,6.83852005004883,73.1199437663748,11.406411147512,66.6435470581055,129.304547798055,560.875654211557,28.564,,2034319.0,6.336724876065262,4.563014418796056,491.0,489.0,LVA
LVA,2013,,,,1.3815236509462725,51387.9233042888,45.24,0.63536,1790.85926,225.0,1192.04,14484.4715282132,7.24962997436523,75.2344,15.4178071105596,69.0765991210938,127.073387613574,710.507108300661,23.237,27.6949100494385,2012647.0,6.385657614824008,4.725554958464545,,,LVA
LVA,2014,,,,1.3557316364834289,57938.782777278415,44.81,0.71433,1872.26628,103.0,1163.27,15185.814581236,5.47479009628296,75.8261041383556,17.7278751994184,70.8979415893555,119.549742772481,914.844250775662,19.595,26.6343803405762,1993782.0,6.370669425108778,3.963867791777432,,,LVA
LVA,2015,490.0,,,1.3718547466617168,46949.98468387727,45.51,0.641,1818.82619,136.0,1398.7,13321.9753140616,5.46670007705688,79.2005829239344,18.9245452005011,74.2998809814453,130.949148754694,1312.75072350466,16.316,27.6973896026611,1977527.0,6.562864272225999,4.2452437499004745,482.0,488.0,LVA
LVA,2016,,,,1.35529003672497,38962.988240293926,44.33,0.45065,1600.57848,95.0,1347.95,13838.5266823272,4.82350015640259,79.8420977843089,17.2405295215294,80.6048126220703,135.227462327724,2938.44923571231,17.271,29.1061897277832,1959537.0,6.535084638710369,3.901585526297356,,,LVA
LVA,2017,,,,1.3664374006598972,44928.569585874575,44.61,0.53004,1785.24003,90.0,1557.08,15132.4958333982,4.52905988693237,80.1140770037369,16.0817754609296,88.0574264526367,126.846989128969,11948.0107586673,16.971,,1942248.0,6.687968074527983,3.857314575693597,,,LVA
LVA,2018,487.0,,,1.4028405019214027,63877.209234694215,43.18,0.66138,1786.2773,86.0,1448.69,17252.1710428626,4.39430999755859,83.5771748630956,16.5920580401869,93.0244827270508,107.397431401316,14504.1392214714,12.192,30.0282802581787,1927174.0,6.62368970094578,3.820454222520413,496.0,479.0,LVA
LVA,2019,,,,1.3599187032560045,60373.61750648057,43.23,0.6602,1891.24705,82.0,1603.35,17294.9751600969,4.58675003051758,86.13545644343,17.1495055610295,94.8645324707031,108.221910991332,19857.6461133794,12.415,30.9353103637695,1913822.0,6.731941107382871,3.7806880538959273,,,LVA
LVA,2020,,,,1.37696131467631,62273.90327237919,41.11,0.75663,2134.06006,93.0,1549.52,17564.2321549354,4.99749994277954,88.89796078,20.0336000956914,94.5108337402344,107.902487108935,20328.8801751586,14.868,,1900449.0,6.70483603492402,3.910738262857101,,,LVA
LVA,2021,,,,1.4068369114398769,65207.07283093571,40.0,0.77085,2395.27344,104.0,1903.51,20261.8887788916,4.76774978637695,91.17964988,16.9803713630842,93.4839324951172,114.644670333429,22572.6854480523,14.785,32.1994808078856,1884490.0,6.918787120223604,4.028691555694052,,,LVA
LVA,2022,494.0,,,1.379221557256057,72348.04934036479,36.5,0.8122,2270.07923,,1690.44,20221.103686109,4.3196702003479,91.03009059,17.5505893709401,91.3303680419922,115.202627450543,22271.1389855075,15.27,32.5734919444113,1879383.0,6.802911751505535,,483.0,475.0,LVA
LVA,2023,,,,1.3425114621040035,85373.40973534623,39.7,0.8236,2190.86637,,,22710.2637544197,,92.18791291,18.554389354563,85.7360610961914,119.909944560018,26083.1019636781,12.323,33.2018814850714,1883710.0,,,,,LVA
MEX,2012,415.0,0.6648078620964112,0.7313933040904937,,172647.8484138635,32.9,0.40284,250.69335,1294.0,12602.76,10744.1335242686,4.88349008560181,39.75,21.3533236921301,29.3496494293213,86.2256233206385,26.9307332637734,9.357,,116818208.0,4.69027872794045,2.491306155775713,413.0,424.0,MEX
MEX,2013,,,,1.8112573729572972,179872.2606625078,36.82,0.40806,254.46546,1210.0,13186.8,11216.8008505428,4.50858020782471,43.46,20.5109447612712,30.3301601409912,90.2012422761648,31.7380986967497,9.398,14.3226099014282,118343573.0,4.722313944801282,2.418095981725999,,,MEX
MEX,2014,,,,1.8136265664282127,181805.8358803232,36.02,0.41962,262.92059,1246.0,14167.62,11391.3773497683,5.06807994842529,44.3856962723411,20.2220997751974,31.2052898406982,87.6144646415609,41.1573270047557,9.418,13.9571304321289,119784261.0,4.781441307433123,2.433791793056344,,,MEX
MEX,2015,416.0,,,1.839320674459054,146057.08372138042,38.03,0.41477,284.58114,1364.0,14570.29,10021.2386118827,5.05087995529175,57.4310429923633,19.5727021142392,31.9718608856201,88.9454290232153,58.2627046023225,8.516,14.7796497344971,121072306.0,4.798627064461367,2.506830803589856,408.0,423.0,MEX
MEX,2016,,,,1.805275626642175,107053.62599274104,34.56,0.37601,319.5511,1310.0,15194.65,9097.92397674769,4.75795984268188,59.5404459967255,20.6541116351274,38.589771270752,91.3941924453661,120.71850232559,7.621,14.7103900909424,122251351.0,4.830632981734194,2.4609236771406566,,,MEX
MEX,2017,,,,1.770900583434451,93253.50707727928,35.79,0.31955,330.64996,1334.0,16177.94,9649.27816772402,4.39752006530762,53.0317886110982,21.1680967750153,40.3390693664551,92.6493518556478,187.552587597265,6.849,15.3742599487305,123400057.0,4.883571022117854,2.468977770963266,,,MEX
MEX,2018,419.0,0.6286465345899853,0.6883223059421906,1.7605683316707816,87776.87563867969,35.34,0.29816,342.55971,1555.0,17182.13,10084.7937562021,4.13944005966187,56.6595667981289,20.8917456407643,41.6382789611816,96.4612204576614,228.675856015881,6.815,16.0160598754883,124573711.0,4.933951606240151,2.6013976998130848,409.0,420.0,MEX
MEX,2019,,,,1.7361153378714016,80635.40629634196,36.06,0.27629,355.30353,1305.0,18991.67,10369.5553585271,,69.6321092705209,20.4068584131191,43.0441398620605,97.0358606795758,275.399004136209,7.16,,125762982.0,5.02395687909651,2.431564094579028,,,MEX
MEX,2020,,,,1.7596852891087458,69919.5657301629,33.6,0.29185,369.04189,1132.0,20363.28,8841.27075039868,4.4996600151062,71.49017499,21.5074249745377,45.1654510498047,96.9237451881936,328.196454841059,8.053,17.1284694671631,126799054.0,5.0850925179927495,2.295309832273124,,,MEX
MEX,2021,,,,1.709386214673113,73193.99515744764,34.5,0.27305,384.76538,1117.0,21753.88,10314.0506722115,4.23823976516724,75.62650476,19.8113406398377,45.6506195068359,99.09481491263,348.79471968524,7.626,,127648148.0,5.14412046116663,2.277330521747525,,,MEX
MEX,2022,410.0,,,1.6496660000687315,73007.2315741638,31.0,0.25727,401.92849,,21027.1,11405.7940473759,4.05987977981567,78.63217894,20.5343692257849,46.4061317443848,105.720624125765,381.889508206228,6.465,16.9853992462158,128613117.0,5.10285646668598,,395.0,415.0,MEX
MEX,2023,,,,1.6578433517671438,88384.99895154519,31.0,0.26746,419.44361,,,13860.9597809326,,81.18318755,17.9938785812602,47.474681854248,111.735420288549,412.117306307005,5.844,,129739759.0,,,,,MEX
NLD,2012,522.0,0.6996059055349685,0.7025469090053527,1.2767516713899385,221274.682796874,60.5,1.90094,4336.14629,2375.0,31031.95,50473.9442002689,5.36694002151489,92.859992359525,25.4832942720764,75.8141632080078,116.563841951798,4852.83105983768,11.454,,16754962.0,7.524617925136673,4.961088215980676,523.0,511.0,Netherlands
NLD,2013,,,,1.2767849965046618,230274.5559114872,61.14,2.13953,4887.39056,2315.0,31621.17,52602.2860520766,5.48417997360229,93.9564,24.6659051147577,,114.73405856983,5668.32607017006,12.942,27.2189903259277,16804432.0,7.5404707394746815,4.932755020033564,,,Netherlands
NLD,2014,,,,1.2733582139891877,233387.50074433265,60.59,2.15067,4926.09272,2294.0,31939.52,53457.2234864322,5.40205001831055,91.6666666666667,24.5559687632591,,114.867279906758,7204.7401341286,12.529,28.0117092132568,16865008.0,7.546886340726772,4.920136252891304,,,Netherlands
NLD,2015,509.0,,,1.269046580644935,198266.4891574804,61.58,2.11792,4891.78146,2207.0,31744.65,45793.8135434697,5.27802991867065,91.7241379310345,24.074012919385,80.1601486206055,121.637501079209,9728.85177813382,11.104,28.8690700531006,16939923.0,7.536339830896911,4.877362498207013,512.0,503.0,Netherlands
NLD,2016,,,,1.2362058629075434,193810.13157581628,58.29,2.11546,5109.20509,2290.0,31496.18,46808.5291492503,5.38952016830444,90.4109589041096,24.0087404866077,79.8454895019531,121.420358968335,24130.7940652181,10.64,29.4067401885986,17030314.0,7.523167179393089,4.908721465540976,,,Netherlands
NLD,2017,,,,1.2163018599901474,201096.9520747897,63.36,2.14167,5273.17623,2241.0,31643.49,49513.6817346384,5.08747005462646,93.1972789115646,22.9219025245367,83.2009887695312,118.57673269471,70412.1276055238,8.716,31.5964205317811,17131296.0,7.52192199103075,4.881385923835148,,,Netherlands
NLD,2018,503.0,,,1.2237302376706949,206395.6097350884,63.32,2.1027,5496.79039,2111.0,32093.15,53955.0770024266,5.26723003387451,91.8918918918919,22.5132061163246,83.652473449707,121.162164892591,100581.523830836,7.046,31.0932102203369,17231624.0,7.530188371602639,4.8163003900969485,519.0,485.0,Netherlands
NLD,2019,,,,1.22329533066541,204979.02673067752,61.44,2.14036,5592.12175,2228.0,32282.4,53554.9007491475,5.0559401512146,93.2885906040269,23.0482346929973,,124.08833250929,130279.470464876,6.606,34.2848460261818,17344874.0,7.529517594487764,4.863317391032431,,,Netherlands
NLD,2020,,,,1.216527909580184,208840.4760270896,58.76,2.26514,5799.27532,2198.0,33060.81,53467.9277413737,5.29139995574951,91.33333333,23.1639760853804,85.3370819091797,121.422728509042,136862.999168649,8.879,34.7736282348633,17441500.0,7.54777886707309,4.844354561459615,,,Netherlands
NLD,2021,,,,1.1853303631383163,221923.27768021036,58.6,2.21542,6003.86605,2080.0,34933.42,60141.9880911492,5.37661981582642,92.05298013,22.0023211908273,89.3898620605469,123.447849713072,164133.506993994,9.335,35.4291463684265,17533044.0,7.597613687035891,4.784429863171861,,,Netherlands
NLD,2022,488.0,0.6848483820217047,0.6869167849815602,1.1801656013328576,203523.97260609036,58.0,2.17529,6319.17518,,34311.17,59123.318556487,5.17918014526367,92.51968504,21.9578380124342,,115.8205562749,181183.789690312,7.647,36.393924131785,17700982.0,7.570121880431789,,493.0,459.0,Netherlands
NLD,2023,,,,1.1842154422676334,219403.57824408,60.4,2.26719,6563.33599,,,63515.6030780019,,97.00680272,24.5106465274936,86.5938262939453,125.272736960305,194962.867894191,8.272,36.5573313987755,17877117.0,,,,,Netherlands
NOR,2012,495.0,0.5663142178002791,0.5417632084758599,1.08227567926747,294687.3948322522,56.4,1.61053,5584.13377,1009.0,10328.16,102175.919298374,7.32766008377075,94.6499780533304,21.1240532638067,71.7047576904297,115.523573177259,3000.05599201207,8.382,,5018573.0,7.629969587535508,5.308530870206369,489.0,504.0,Norway
NOR,2013,,0.5509690355782663,0.6160020850392992,1.081611603864748,303392.01450503897,55.64,1.64216,5605.02472,1101.0,10371.73,103553.840134417,7.43905019760132,95.0534,21.0205001240338,75.8635787963867,112.045532746838,3211.2619381399,9.043,,5079623.0,7.622091705145141,5.383340125115484,,,Norway
NOR,2014,,0.5568658176162148,0.5820932081169585,1.0514082862795902,290767.4965638013,55.59,1.70369,5722.57126,1106.0,10660.66,97666.6951838749,7.64402008056641,96.3005098242892,22.3154505616718,78.109977722168,111.690088069926,3571.3785166798,7.786,25.7266902923584,5137232.0,7.638282967280107,5.376624890152069,,,Norway
NOR,2015,498.0,0.5359481406567549,0.6259890505373454,1.067288774317925,242666.41043602853,53.8,1.92351,5929.85725,1153.0,10715.99,74809.9658049898,7.52335977554321,96.810325691365,22.2637499039318,79.206428527832,110.118346262292,4093.96973021853,9.804,26.650089263916,5188607.0,7.633511112883004,5.408147257546408,502.0,513.0,Norway
NOR,2016,,0.6146948636704659,0.5791639123343336,1.0729099129013682,235365.0907956013,52.01,2.03286,6120.84923,1227.0,11388.28,70867.3609970749,7.98443984985352,97.2982036675068,20.9563395259628,81.8827285766602,109.426806771527,7003.5088228737,11.044,27.325719833374,5234519.0,7.685524612119678,5.461309523774416,,,Norway
NOR,2017,,0.6490674362624831,0.6482857467343279,1.08216530550679,247776.61519064853,53.14,2.08168,6396.1696,1152.0,11973.4,76131.8384032764,7.84599018096924,96.3576012951191,21.5970984465797,83.7353363037109,108.392640087689,14572.5727349493,10.275,28.0698204040527,5276968.0,7.727531738489376,5.390473392807536,,,Norway
NOR,2018,490.0,0.6395598683041092,0.6687353802628007,1.1137228644573225,259812.45801036895,52.63,2.03482,6484.23611,1082.0,12413.22,82792.8427113304,7.59564018249512,96.4916579887094,21.1178200437435,85.3883514404297,107.702543341632,20886.248954238,9.599,30.4479349491915,5311916.0,7.756992546484216,5.321511198404436,501.0,499.0,Norway
NOR,2019,,0.5500174653412045,0.620504604148545,1.1014402755730686,242306.02612566765,51.87,2.13599,6737.55318,957.0,12827.31,76430.5889473338,7.86455011367798,98.0000043853142,22.4920145628444,85.7633819580078,108.00526578567,36180.9578944692,9.813,29.2899303436279,5347896.0,7.783045386213615,5.192672811015446,,,Norway
NOR,2020,,0.622545640146686,0.615892322557687,1.0751660142193824,226691.21845795904,49.29,2.24436,6766.01432,880.0,13480.21,68340.0181033702,8.37281036376953,94.60755647,22.0688842926826,87.1685333251953,108.296844518424,39030.0168696759,11.215,,5379475.0,7.826786162234694,5.103425552647535,,,Norway
NOR,2021,,0.6454631904977067,0.5913193087235006,1.105077384825071,243041.74734981736,50.4,1.88764,7228.72168,946.0,14194.52,93072.8925119571,6.9602198600769,99.0000036,20.5863715899543,93.9243011474609,109.585637519783,43861.1250813561,12.848,33.5931259553046,5408320.0,7.873053687101561,5.170004820379575,,,Norway
NOR,2022,478.0,0.5910957005778401,0.6540075939777447,1.08646083369256,229156.8095393074,48.8,1.55081,7394.77328,,14068.95,109269.520580298,5.43234014511108,98.99997764,23.8849460450338,97.6419830322266,111.657196221742,44150.8874541494,9.908,31.6725480402091,5457127.0,7.855190868911254,,468.0,477.0,Norway
NOR,2023,,0.6098434229195014,0.6505521819715517,1.0912359532926297,217424.38157499256,50.7,1.85142,7450.59492,,,87497.2179649556,,99.00000258,25.6746143774999,95.0573806762695,109.654228618195,37715.0449824181,10.975,32.1868255742863,5519601.0,,,,,Norway
NZL,2012,516.0,,,,,56.6,,,1425.0,7759.43,40053.6991536369,,81.644470179502,10.0832140526896,,111.567576585407,2862.4577482362,18.003,,4408100.0,7.473788333799512,5.781571963864431,500.0,512.0,NZL
NZL,2013,,,,,122574.99459629416,54.46,1.15275,4043.95577,1614.0,7808.07,43000.4646849189,5.88539981842041,82.77999878,10.7264399315762,80.388542175293,107.008519144444,3193.98482699624,15.302,,4442100.0,7.472354605242812,5.898092061261064,,,NZL
NZL,2014,,,,,,54.52,,,1636.0,7997.3,44618.266973847,5.8033299446106,84.0,9.91429177740434,80.7100067138672,112.757443483648,3485.66367762648,14.109,26.1462898254394,4516500.0,7.479686499779424,5.895029052651989,,,NZL
NZL,2015,513.0,,,,86627.63144173654,55.92,1.22707,5476.90357,1184.0,7892.26,38665.3723018158,5.70350980758667,85.19999695,10.1125452318052,82.1818466186523,121.368981425995,3921.11771597171,13.872,25.8641300201416,4609400.0,7.4461239847407805,5.552441634670775,495.0,509.0,NZL
NZL,2016,,,,,,54.23,,,1075.0,8203.8,40113.7195382428,5.49972009658813,86.5,10.8777020288641,81.8633575439453,129.380648472778,6401.64612545343,13.474,28.0957508087158,4714100.0,7.4623691817689055,5.43389354515512,,,NZL
NZL,2017,,,,,114966.32415488854,52.87,1.34788,5035.55839,1014.0,8178.13,42950.3841711138,5.27543020248413,87.69999695,9.2522910740142,81.2698593139648,132.980049668049,14919.1873026425,12.968,,4813600.0,7.438361973241851,5.354948847130284,,,NZL
NZL,2018,508.0,,,,,51.29,,,1017.0,8396.44,43257.0769238879,5.1896800994873,89.0,9.81175442917481,81.2513122558594,128.936896010016,17618.0467697833,11.83,,4900600.0,7.446788920735627,5.340061859159682,494.0,506.0,NZL
NZL,2019,,,,,110759.51697882384,49.55,1.4642,5665.38305,324.0,8890.78,42855.831861632,5.1741099357605,89.86370087,9.86594609152879,77.5843734741211,120.475335425902,20156.9321771322,11.294,,4970300.0,7.489848746841611,4.192487272674385,,,NZL
NZL,2020,,0.7000141795378103,0.6576344903756259,,,47.01,,,348.0,8813.47,41997.7830324279,5.64268016815185,90.92099762,9.60874974217951,75.7348327636719,123.000574962598,20581.3815945115,12.442,32.2832717895508,5072400.0,7.460797796194188,4.242859056674876,,,NZL
NZL,2021,,,,,145695.39419475824,47.5,1.48604,5094.76159,330.0,9152.02,49950.4251691316,5.5409197807312,91.99060059,9.76110781430146,79.4128875732422,114.454714130458,16145.0261574165,10.49,,5084600.0,7.496068952324689,4.188166673583401,,,NZL
NZL,2022,504.0,,,,,47.2,,,,9213.62,49099.7090423358,5.16741991043091,93.07289886,12.0543415422888,77.0104675292969,115.984187800849,18499.3210933349,9.362,,5081700.0,7.503343641908162,,479.0,501.0,NZL
NZL,2023,,,,,139809.92030917527,46.6,1.54848,5435.46099,,,49075.9562832927,5.21326017379761,93.32610321,12.6494857356401,76.3811416625977,126.854978584281,18993.6538461538,10.714,,5200000.0,,,,,NZL
PER,2012,,0.6178555969711148,0.6727008534546143,,,34.1,0.0553,,54.0,641.35,6519.37852981527,2.92276000976562,38.2,4.69465769063035,,99.4508054485687,24.7374262640266,6.848,,29550366.0,3.122524510542335,1.0393535060800148,,,PER
PER,2013,,,,,,35.96,0.08174,,73.0,667.12,6746.80025696601,3.29729008674622,39.2,5.00038314811373,,99.9174254916985,29.2441601977656,7.008,,29817919.0,3.151586816404546,1.2378501256469394,,,PER
PER,2014,,,,,,34.73,0.10805,,83.0,745.61,6667.13410360861,3.69599008560181,40.2446560091704,4.25218632647416,,105.858105967274,37.5217999997742,7.55,,30115826.0,3.24874832643028,1.323361488287555,,,PER
PER,2015,397.0,,,,,34.87,0.11702,,67.0,899.29,6231.71150338894,3.96933007240295,40.8526009090468,5.24340385328889,,112.404818501786,46.3595293128809,6.877,,30457600.0,3.4185775989581786,1.1630818591201688,387.0,398.0,PER
PER,2016,,,,,,32.51,0.12008,,72.0,1071.41,6217.03599995447,3.81316995620727,45.4617406869459,4.79971259913924,73.2223205566406,119.654538672257,72.667793109253,8.272,,30866494.0,3.575461601222694,1.2037607136953654,,,PER
PER,2017,,,,,,32.9,0.12085,,100.0,1389.87,6736.16693725487,3.93130993843079,50.4504121848143,5.12232328639173,71.2404708862305,124.232520236388,219.411959985362,8.319,,31324637.0,3.814848178041482,1.4332674901747844,,,PER
PER,2018,,0.5764963062226002,0.6339403610065294,,,31.8,0.12683,,89.0,1700.86,6978.49121548627,3.71392011642456,55.0543342443197,4.68019992138913,,132.156626658621,258.075972148862,8.342,,31897584.0,3.994939127400596,1.3324135037181564,,,PER
PER,2019,,,,,,32.93,0.15696,,137.0,2332.04,7037.00803692604,3.822429895401,59.9505036049006,4.07500438789898,,122.790350843591,385.370372978427,7.405,,32449303.0,4.2886383743522005,1.65287482101619,,,PER
PER,2020,,,,,,28.79,0.17229,,125.0,2892.98,6133.32552410183,4.25937986373901,65.25179796,4.79483390340119,,119.854099046125,457.388853518905,12.659,,32838579.0,4.48972556333584,1.5699688456401135,,,PER
PER,2021,,,,,,31.2,0.13754,,94.0,4064.96,6826.20255614477,3.92765998840332,71.10782643,4.46164505002167,,129.993736857913,597.239427984452,9.586,,33155882.0,4.817062469306055,1.3441936143311863,,,PER
PER,2022,408.0,,,1.861503237401216,,29.1,0.16206,,,4584.96,7350.63034300417,3.83975005149841,74.67495213,4.58946616439539,,124.119322949561,701.589027752228,7.681,,33475438.0,4.926999301054475,,391.0,408.0,PER
PER,2023,,,,1.8273195017371868,,27.7,0.17611,,,,7887.54185920108,4.24538993835449,79.48484477,5.01572012821525,,121.975084691173,749.75734671937,8.846,,33845617.0,,,,,PER
POL,2012,526.0,0.7539800708522323,0.7725767575841851,1.366589088586587,66088.49838638656,40.4,0.88476,1752.07893,4410.0,27711.05,13087.420943321,4.83311986923218,62.3099972714691,7.81151383868806,75.0382919311523,141.409735570098,399.283674893658,26.322,,38063164.0,6.591712170300114,4.760977046059416,518.0,518.0,POL
POL,2013,,,,1.3716551217389443,64211.98821024285,40.12,0.8807,1868.31303,4237.0,29634.94,13621.9023794031,4.99779987335205,62.8492,8.74501767247922,73.317268371582,148.912446350899,517.741811845554,27.167,22.6315097808838,38040196.0,6.659348762864648,4.721905393764757,,,POL
POL,2014,,,,1.355642920207924,65621.50959033165,40.64,0.9454,2054.74753,3941.0,31104.41,14262.2841914116,4.93858003616333,66.5987360557248,10.0686277870269,70.2389678955078,148.713283559361,681.131761020643,23.732,23.7001991271973,38011735.0,6.708431283789861,4.650893831813977,,,POL
POL,2015,501.0,,,1.3474389051919893,58438.00207072128,40.16,0.99807,2158.37831,4676.0,32723.75,12637.5220324406,4.78748989105225,67.9969871556415,10.7755213322015,69.3731994628906,142.520207198425,955.841788900726,20.686,24.3093259638662,37986412.0,6.759788023759224,4.821060684181775,504.0,506.0,POL
POL,2016,,,,1.3083886892207688,52019.766352993,40.22,0.9616,2304.00747,4261.0,34267.43,12464.0110508476,4.62726020812988,73.3007040962669,10.7154228014203,69.8503799438477,138.518696718641,2492.48836327396,17.592,24.9462203979492,37970087.0,6.806259392177235,4.729332092818599,,,POL
POL,2017,,,,1.3130829065318468,47876.72392525368,41.99,1.03055,2994.85672,3924.0,33886.6,13913.3402919927,4.54246997833252,75.9853659493832,10.6673187252222,70.6174621582031,131.901471911132,6534.93448528243,14.762,25.9318225118886,37974826.0,6.794971485351563,4.647574406867102,,,POL
POL,2018,511.0,,,1.2658942806967484,60724.21466094709,41.67,1.19426,3079.49249,4207.0,35457.24,15658.2120316794,4.55985021591187,77.5417345350006,10.3950333891095,71.0217437744141,126.266191655563,16227.0719359574,11.686,26.5329086902906,37974750.0,6.840231705421398,4.7165696853717405,516.0,512.0,POL
POL,2019,,,,1.2788904290744547,65768.09158168318,41.31,1.3088,3159.06604,3887.0,36493.83,15874.5220531254,4.62736988067627,80.4359068768673,9.8529348361967,70.9065017700195,126.597314882311,20606.063798754,9.835,27.3313870167182,37965475.0,6.869261075168828,4.638435639888778,,,POL
POL,2020,,,,1.2675288907437523,67933.72734219502,39.95,1.37128,3260.15498,4010.0,38445.19,16150.9304813473,4.80081987380981,83.18488715,9.86616548997166,70.9730377197266,129.288487295019,25438.6771123423,10.836,28.0126800537109,37515748.0,6.933203426513966,4.6810977848509,,,POL
POL,2021,,,,1.2595688460726224,74138.66931615585,39.9,1.41558,3558.20467,3377.0,41280.7,18635.5104895754,4.61998987197876,85.37490906,9.44556514280936,72.2060623168945,132.987203939653,31394.3768568545,11.817,27.7237205505371,36981559.0,7.018626429251495,4.525215118764515,,,POL
POL,2022,499.0,,,1.2758933868155249,73188.44924057314,37.5,1.44162,3721.07204,,37368.15,18891.2121169279,4.31372976303101,86.94113479,11.6325877772755,75.2911071777344,137.002148115476,34772.62853538,10.56,,36821749.0,6.923470232998126,,489.0,489.0,POL
POL,2023,,,,1.2818760156424995,93716.62771607972,37.7,1.55525,3675.06022,,,22145.2660647429,,86.414744,12.1223189735947,76.8794097900391,135.146301442691,37340.960521191,11.176,,36687353.0,,,,,POL
PRT,2012,489.0,,,1.6829084249810424,70304.46142571564,45.3,1.37661,4032.33558,621.0,13001.8,20593.4274224109,4.94226980209351,60.3399974868057,4.49299865197501,,113.358650832529,358.255433937013,37.978,15.2353897094727,10514844.0,7.12086351063861,4.095333474356563,487.0,488.0,PRT
PRT,2013,,,,1.628690198602955,79548.8996850275,45.1,1.32325,3605.75824,647.0,13889.26,21676.4859642714,5.26528978347778,62.0956,4.70027794789762,,114.655300508744,422.671446105326,38.452,15.8727903366089,10457295.0,7.192323959436303,4.141079990385756,,,PRT
PRT,2014,,,,1.5683229239923095,77935.94588802636,45.63,1.28892,3658.36239,722.0,14438.03,22120.6850127107,5.12005996704102,64.5924200648949,4.88070967963708,,114.312891767686,535.522238017618,34.663,17.4849891662598,10401062.0,7.236433194302924,4.25442034650809,,,PRT
PRT,2015,501.0,,,1.5370518883924675,64258.28015611616,46.61,1.24552,3724.60014,925.0,14810.29,19215.7813014347,4.89425992965698,68.6328614804299,5.07995277461314,61.7960205078125,112.964237082806,901.325690215055,31.786,18.1825294494629,10358076.0,7.266010122419929,4.503162919660151,492.0,498.0,PRT
PRT,2016,,,,1.5073340923368723,64138.342742391,46.45,1.2815,3992.10969,724.0,14398.94,19980.2808866516,,70.423567088723,5.80540001054449,63.2387504577637,111.846790353179,3180.29661074401,27.799,18.9961395263672,10325452.0,7.2410147976871375,4.264340410310715,,,PRT
PRT,2017,,,,1.5036014701602531,65205.306469217634,46.05,1.32224,4348.10903,644.0,14405.2,21442.3842768879,5.02685022354126,73.7912139515729,5.98812595371655,64.2040176391602,113.873619619075,12464.7825791482,23.802,19.2494506835938,10300300.0,7.243886295347742,4.151393399355839,,,PRT
PRT,2018,492.0,,,1.4774989688907778,68912.314513356,45.71,1.35078,4614.40041,661.0,14906.3,23541.1401075289,4.6793999671936,74.6609681487507,5.28353269409281,65.1127395629883,114.858523480989,15977.3282734765,20.235,18.6540298461914,10283822.0,7.279656900373512,4.178620050332337,492.0,492.0,PRT
PRT,2019,,,,1.460929387041375,67008.64534742605,44.65,1.39487,4859.21726,703.0,16534.56,23343.3628970034,4.6275200843811,75.3463779408712,6.94181475443009,66.0920562744141,115.145564535894,19150.5894803584,18.326,20.7237701416016,10286263.0,7.38302061250051,4.2390735149619365,,,PRT
PRT,2020,,,,1.4256304159812785,69955.72291264746,43.51,1.60979,5131.43982,695.0,17269.64,22299.4044062173,4.86407995223999,78.26166044,7.1147115711238,68.1568908691406,114.276382888841,22178.9068183498,22.46,22.5076999664307,10297081.0,7.425440944193065,4.226758648528652,,,PRT
PRT,2021,,,,1.3746436084126308,75855.62047617209,44.2,1.66711,5430.93667,711.0,19600.42,24711.4510062111,4.77341985702515,82.30902804,6.250331404512,72.5122375488281,119.768700781718,24123.9217277333,23.424,20.642879486084,10361831.0,7.545705828724204,4.243011898782641,,,PRT
PRT,2022,484.0,,,1.3495713600286725,73191.07652401639,42.1,1.69051,5686.65428,,19622.76,24620.5197587181,4.55160999298096,84.49690644,6.99049160072585,75.0714797973633,122.80130896654,27622.7553426515,19.183,23.1223938479372,10434332.0,7.539875477935248,,472.0,477.0,PRT
PRT,2023,,,,1.367526864659538,78281.92228828791,44.9,1.69491,5983.27041,,,27634.6183139773,,85.79012676,6.71084167998399,77.6778182983398,123.001507659381,28927.204260395,20.463,23.5028353899237,10578174.0,,,,,PRT
RUS,2012,487.0,,,,51469.14016896988,37.9,1.02766,3075.21492,28701.0,36531.93,15401.8515625,3.79310011863708,66.0,9.08148979631111,80.5323453975492,144.198197519265,57.505156266618,14.97,,143378447.0,5.544371396246464,5.304182781417405,482.0,475.0,RUS
RUS,2013,,,,,53690.08180356815,37.2,1.02732,3050.2782,28765.0,38952.94,15941.4482421875,3.76382994651794,67.97,10.6336135964435,82.8009567260742,150.964167004451,79.5657260670128,14.201,,143805638.0,5.605331858994166,5.303438869296701,,,RUS
RUS,2014,,,,,49051.51148514422,39.14,1.07241,3072.93883,24072.0,44778.75,14055.47265625,4.01387977600098,70.5175682574413,12.1254086015011,84.5181387513356,152.512941154001,120.010629988349,14.053,,144237223.0,5.741245581523317,5.123319320704871,,,RUS
RUS,2015,,,,1.1249430281668742,32988.63293571044,39.32,1.10085,3096.02745,29269.0,51956.58,9277.7138671875,3.83402991294861,70.0992412263947,15.992066533226,84.2355651240256,156.4185651494,320.19338178608,16.389,,144640716.0,5.886690810863642,5.314960968805125,494.0,495.0,RUS
RUS,2016,,,,,32406.179249463778,38.5,1.10238,2946.99732,26795.0,61137.3,8663.158203125,3.76044011116028,73.091434617897,15.7901190501232,83.860044350614,157.173982310184,1158.54544060337,16.688,,145015460.0,6.046406231195664,5.224527666405397,,,RUS
RUS,2017,,0.7427454918369859,0.7578805867958943,1.123080110854982,42062.63811953096,38.76,1.10967,2811.96725,22777.0,68641.1,10658.9130859375,4.68990993499756,76.0081385339105,12.3246991949294,81.7051021681418,155.485765168167,3521.68435067119,16.329,,145293260.0,6.1600070492638,5.061111038082956,,,RUS
RUS,2018,478.0,,,,40033.66563436647,37.9,0.99001,2772.63667,24926.0,77629.6,11211.8876953125,4.67819023132324,80.8647218726954,11.3552822642706,81.5681115998523,156.682905991229,5157.77007439148,16.99,,145398106.0,6.282099758533762,5.150007418806929,488.0,479.0,RUS
RUS,2019,,,,1.0920879071743164,43339.23045208308,37.62,1.03531,2734.68619,23337.0,90819.89,11447.701171875,3.69561429198336,82.6421618670668,12.9053155381414,80.9520697471091,163.646302441755,9269.6974453469,15.209,,145453291.0,6.438378858986535,5.084153741751115,,,RUS
RUS,2020,,,,,40691.58083487984,35.63,1.09099,2710.16353,23759.0,94909.93,10108.3271484375,4.01641864383637,84.99466978,9.19363897787208,57.2232854739754,163.101112466044,13239.9190367447,16.986,,145245148.0,6.483789802321385,5.103388352703009,,,RUS
RUS,2021,,,,1.1106394129979036,45331.44234463082,36.6,0.96602,2647.79283,19569.0,100841.94,12425.029296875,3.99480697864774,88.21384578,9.72984772707015,54.9542479280814,169.07261384221,16210.0206428107,16.144,41.2176399230957,144746762.0,6.547758226297375,4.914085729950776,,,RUS
RUS,2022,,,,,53767.30867661912,34.3,0.91494,2657.93662,,84251.73,15619.6142578125,4.05402755323777,90.41799163,,53.9151941239211,168.475831268436,19939.0332294434,14.388,,144236933.0,6.371817578791766,,,,RUS
RUS,2023,,,,,49911.98419066397,33.3,0.93518,2652.98533,,,14159.3876953125,4.16454853394225,92.24496346,,93.7277679443359,180.841776534047,23603.5969263721,11.147,,143826130.0,,,,,RUS
SGP,2012,,0.7054055125668829,0.7264890009258659,1.6376436781609196,163581.3791471856,63.5,1.91833,6514.09973,1081.0,10823.23,55547.5553077786,3.07084989547729,72.0,48.4626199153623,101.99681244982,152.410387392459,1898.94016625515,8.529,25.6777305603027,5312437.0,7.619890069892977,5.320493478972646,,,Singapore
SGP,2013,,,,1.6437246963562753,162490.3927443671,59.41,1.92104,6734.96456,1143.0,11085.5,56967.4257940383,2.85435009002686,80.90209961,50.3271857168025,,156.679270675737,2549.46971400377,8.903,27.3384494781494,5399162.0,7.627636399344538,5.359880462193164,,,Singapore
SGP,2014,,,,1.679310344827586,177415.09852852882,59.24,2.08228,6756.24778,1303.0,11333.21,57564.8023114977,3.01358665503678,79.0292358633435,50.6403255755208,,148.478352479892,2544.00404846753,8.378,27.74241065979,5469724.0,7.636746985926131,5.477385425635804,,,Singapore
SGP,2015,556.0,,,1.728285641934667,169586.13465081723,59.36,2.17445,7134.93412,1469.0,11536.92,55645.6068614606,2.99161870509909,79.0129570025584,52.2174549984101,,149.006215002154,3585.18388972579,8.894,28.2105293273926,5535002.0,7.642695328413859,5.585006038692447,564.0,535.0,Singapore
SGP,2016,,,,1.656311637080868,167223.02863032464,59.16,2.06892,7052.85651,1601.0,12074.78,57005.5887176547,2.94466258946576,84.4522678893074,52.2327295013631,83.9409778236648,151.681717052742,19060.746532679,8.723,29.1279201507568,5607283.0,7.675272242334552,5.657813668413746,,,Singapore
SGP,2017,,,,1.647211720226843,167126.5643472659,58.69,1.89683,6950.10748,1609.0,12189.62,61236.251270627,2.87916382421742,84.4522678893074,53.0720442885638,84.7929138455372,149.567868255938,58690.3334543186,9.338,30.7051792144775,5612253.0,7.683848112213852,5.661897872617355,,,Singapore
SGP,2018,,,,1.5821501014198782,172719.4036430329,59.83,1.80836,7002.45715,1575.0,12072.15,66881.6067035265,2.85314011573792,88.1656360313447,51.57228009959,88.8864453410769,152.07381696158,84713.8583596575,8.437,31.5955905914307,5638676.0,7.669474111930973,5.635934983482017,,,Singapore
SGP,2019,,,,1.549200087661626,165850.2652190271,58.37,1.88845,7509.61271,1727.0,12086.28,65952.0378959293,2.72783994674683,88.9492526850762,51.8165690079601,91.0889904414776,159.347378272364,122481.379641414,7.629,32.3696517944336,5703569.0,7.65920587781884,5.716346105058457,,,Singapore
SGP,2020,,0.6655447128814058,0.7036206610197642,1.5127922364358182,176768.70749547743,56.61,2.15983,7503.32643,1778.0,12347.41,61410.0792630788,2.69227004051208,92.00434653,55.2615580095711,93.134767179468,150.259334715266,128377.730724944,10.558,32.9779891967773,5685807.0,7.683688913639775,5.748464110842249,,,Singapore
SGP,2021,,,,1.4895299145299146,194959.51844404865,57.8,1.93761,7956.39818,2024.0,12611.05,80056.1288247844,2.82732009887695,96.92468156,54.9722752514087,97.0989103061521,157.977675166643,176692.094677134,9.499,36.0645790100098,5453566.0,7.746491336083264,5.919252149857195,,,Singapore
SGP,2022,561.0,,,,185930.82767876395,57.3,1.80821,8781.74332,,12700.34,90299.0694637269,2.47478008270264,95.95386476,56.8269189876243,98.02222650098,173.005291258141,212649.338604675,7.924,36.193660736084,5637022.0,7.720471881510893,,575.0,543.0,Singapore
SGP,2023,,,,,,61.5,,,,,85412.230345235,2.1037700176239,94.28518987,56.1383758562278,97.2886546863037,173.199932977376,228648.442759691,8.515,,5917648.0,,,,,Singapore
SVK,2012,471.0,,,1.1644963595735385,49181.86585908579,41.4,0.79377,2827.14865,168.0,4189.34,17516.9691054078,3.85490989685059,76.7099901181121,9.56862397042366,57.0384407043457,112.758768895687,357.646185104277,34.102,13.7725574976928,5407579.0,6.653786957142389,3.4678432835031816,482.0,463.0,SVK
SVK,2013,,,,1.1843529006721083,55036.18712990683,42.25,0.8184,2723.15005,184.0,4390.13,18312.7805149823,4.06078004837036,77.8826,11.0149736185922,55.253978729248,114.749126777911,493.775345702778,33.711,14.7576264787918,5413393.0,6.699470373212301,3.555055822856972,,,SVK
SVK,2014,,,,1.211182664669561,60276.84197951199,41.89,0.87462,2723.67121,211.0,4941.0,18770.9289896545,4.20446014404297,79.9843017656729,11.14773596298,53.8843002319336,117.780685215586,657.728522367845,26.745,18.0583992004394,5418649.0,6.8165725660659735,3.687368199244565,,,SVK
SVK,2015,461.0,,,1.1661102105328078,71339.87231091464,42.99,1.15366,2658.90096,228.0,5066.29,16442.0760860018,4.56416988372803,77.6346820339875,11.1586996928016,52.7206687927246,123.158867497202,1068.43890474595,26.571,18.9221496582031,5423801.0,6.840637206102867,3.762058828628817,475.0,453.0,SVK
SVK,2016,,,,1.211632279515689,50060.30112269271,41.7,0.78513,2609.14992,220.0,5485.35,16636.0769133073,3.88375997543335,80.475857275668,10.7371880441488,50.3014488220215,128.792489910653,3240.77603328277,22.274,19.6366405487061,5430798.0,6.918739661774877,3.725927144887245,,,SVK
SVK,2017,,,,1.2280395810612093,55493.32477368032,43.43,0.88153,2803.05136,183.0,5691.88,17645.5298716761,3.91876006126404,81.6256675172655,11.7654202302728,49.1256103515625,130.944551759663,6963.66692944886,18.962,20.6823902130127,5439232.0,6.9541131585857565,3.545137703824788,,,SVK
SVK,2018,464.0,,,1.2375442023830996,54211.81480139112,42.88,0.83184,3003.38839,217.0,5237.95,19573.3717031314,3.93534994125366,80.4489224826099,10.6364834767426,47.8138313293457,133.040480361667,12993.3863567974,14.971,21.8907604217529,5446771.0,6.869701850012529,3.70966488549817,486.0,458.0,SVK
SVK,2019,,,,1.1438648444257409,51140.985289124816,42.05,0.82138,3116.82472,206.0,5845.98,19406.0589683582,4.26779985427856,82.8536605021784,9.91238882702626,48.1902389526367,135.755672834643,20091.3176707558,16.12,22.8579196929932,5454147.0,6.978065826758619,3.657631939172198,,,SVK
SVK,2020,,,,1.1534922313848943,55418.80217641893,39.7,0.88944,3167.43232,206.0,5671.55,19735.4858280801,4.720290184021,89.92090413,9.99741446798114,48.3790016174316,133.632904273198,25918.3886941279,19.438,23.620490640406,5458827.0,6.946945826528449,3.656796376629,,,SVK
SVK,2021,,,,1.2411709263041937,62070.262969874966,40.2,0.90093,3211.13115,146.0,5844.28,22123.3342114545,4.71766996383667,88.92560523,9.00138940151075,50.7342491149902,135.268252737261,31322.794798914,21.211,24.5144290300275,5447247.0,6.979039971259016,3.325127016256168,,,SVK
SVK,2022,462.0,0.6633004808423552,0.6664658837351588,1.1881193371269154,61475.010463950406,34.3,0.97686,3387.47411,,5390.39,21317.7943982363,4.65688991546631,89.06766196,8.49041601420597,52.4959106445312,136.029289645522,36900.6169648393,19.924,25.7726848924658,5431752.0,6.901118449585386,,464.0,447.0,SVK
SVK,2023,,,,1.1446531009849552,72553.30486734018,36.2,1.03359,3506.62001,,,24614.8734642794,,87.2131343,9.7184584659913,53.417610168457,138.232946210214,39911.9913612961,19.867,25.2886278348116,5426740.0,,,,,SVK
SVN,2012,514.0,,,1.4127372259427144,133874.7983033672,49.9,2.58339,4330.67354,,3561.91,22442.1417859955,5.6702299118042,68.3499745287825,6.66177191299701,89.0215606689453,109.148058194505,967.353520073072,20.649,,2057159.0,7.457303669183705,,501.0,481.0,SVN
SVN,2013,,,,1.39600110110647,142293.34480967835,47.32,2.59426,4236.51087,,3573.94,23236.9655321695,5.46767997741699,72.6756,6.73818283854427,87.8572082519531,111.044907196462,1215.56171427212,21.665,,2059953.0,7.459316956142997,,,,SVN
SVN,2014,,,,1.369809122181208,137647.7265991248,47.23,2.38854,4166.88131,,3516.41,24013.0682060959,5.34328985214233,71.5862515855601,6.41719007974407,84.3780288696289,113.019086174171,1558.2110398743,20.236,18.2173099517822,2061980.0,7.44211539152735,,,,SVN
SVN,2015,513.0,,,1.3662768271003278,119554.17333896068,48.49,2.21611,3836.54008,,3602.54,20697.2748530619,4.95528984069824,73.0986599745829,7.00769445649105,82.1997833251953,114.271192414174,2188.96638819577,16.299,18.8112297058106,2063531.0,7.465548473023073,,510.0,505.0,SVN
SVN,2016,,,,1.3743916363905986,110467.56597843516,45.97,2.02922,3939.83347,,3440.93,21447.8377796036,4.84419012069702,75.4985042610791,7.14418674805758,79.4747467041016,115.736307790972,5630.87820974101,15.243,19.643310546875,2065042.0,7.418946458125038,,,,SVN
SVN,2017,,,,1.3720204885721443,97234.84290127912,45.8,1.88219,4510.81305,,3502.91,23303.077705959,4.82381010055542,78.8854263554775,6.50844824804584,79.2703475952148,118.461993493049,19594.093655209,11.24,20.681209564209,2066388.0,7.436136907202385,,,,SVN
SVN,2018,507.0,,,1.354136783857432,104159.75017817132,46.87,1.96365,4880.49036,255.0,3390.46,25888.0481065655,4.97948980331421,79.7499765956562,6.83053982321457,77.3015975952148,119.153401263409,33018.0809626721,8.817,20.7278361425149,2073894.0,7.399904382988262,4.819935569326523,509.0,495.0,SVN
SVN,2019,,,,1.322868377019967,104941.14830000086,45.25,2.05725,5060.56961,,3765.7,25814.1687167572,4.93479013442993,83.1083578026717,7.35392450360767,76.4720077514648,120.568876746571,42529.9932723133,8.136,21.5090999603271,2088385.0,7.497852433029358,,,,SVN
SVN,2020,,,,1.296308075148951,105519.9186595686,42.91,2.15559,5187.16109,232.0,3964.77,25392.0651093612,5.41901016235352,86.60130109,7.79985278570807,75.8166809082031,121.331428226248,49112.4747255423,14.179,23.7546282692119,2102419.0,7.542644672864393,4.712670121076388,,,SVN
SVN,2021,,,,1.2533358492821156,119247.11892745722,44.1,2.13847,5235.17998,222.0,4471.29,29192.8401933019,5.39167022705078,89.00399524,6.20930603257085,82.2400436401367,123.362924143622,55445.2655711669,12.846,26.5944067545062,2108079.0,7.660126489191064,4.66635132476948,,,SVN
SVN,2022,500.0,,,1.2723669186613662,110898.4816998115,40.6,2.1,5370.37458,,4073.69,28360.3041467268,5.28065013885498,88.91248552,8.56978643924213,82.3922576904297,126.45918075971,61863.7776292141,10.14,26.0893187512836,2112076.0,7.565151484727979,,485.0,469.0,SVN
SVN,2023,,,,1.2541715605279398,124088.7286006814,42.2,2.13385,5616.34857,,,32660.4753581346,,90.37794678,8.20345582131026,80.0806884765625,129.227963043737,63978.5405154822,9.948,22.0416035512248,2120461.0,,,,,SVN
SWE,2012,485.0,0.5922680173118997,0.5910686812132028,1.175241266519468,360758.2350992524,64.8,3.24636,5196.71759,2288.0,19421.58,57749.5615420853,7.57456016540527,93.1799880065108,17.9838317924104,68.742301940918,124.465204900222,2392.48925402027,23.608,,9519374.0,7.621301031698198,5.486256196499753,478.0,483.0,Sweden
SWE,2013,,0.6121891218692319,0.6118208742696946,1.1772923822407857,296680.6181699741,61.36,3.27557,6717.6193,2332.0,20023.76,60843.9888799369,7.6465802192688,94.7836,18.0253832958642,65.7820892333984,125.141584605994,2690.51878056064,23.518,22.0398502349854,9600379.0,7.64335160502638,5.496787320371629,,,Sweden
SWE,2014,,0.5983728450207072,0.6120947397668519,1.165022573269613,269445.9027901197,62.29,3.12457,6909.46438,1984.0,21042.01,59583.4584491714,7.62924003601074,92.5236065037579,17.8774672401497,64.9541931152344,126.980024510044,3148.78853478354,22.821,22.5353202819824,9696110.0,7.683012112035325,5.326020762553673,,,Sweden
SWE,2015,493.0,0.628573445480042,0.641944772238228,1.157543950916575,242318.80024884405,62.4,3.24088,6846.13413,2038.0,21197.56,51188.1652120493,7.49442005157471,90.6101966398616,18.1290954128906,66.4283218383789,128.974452830716,4207.90053377903,20.363,22.9988498687744,9799186.0,7.679804210836766,5.34222160663862,494.0,500.0,Sweden
SWE,2016,,0.5899510406822198,0.6005976772134795,1.1338148173669478,235697.06830442208,63.57,3.25643,7143.443,2032.0,21161.98,51703.5088332851,7.63991022109985,89.6509476102355,17.8376016375053,68.306037902832,126.401633330915,6205.93293315536,18.894,23.4782295227051,9923085.0,7.665566394606079,5.32678347065849,,,Sweden
SWE,2017,,0.5848349441048298,0.5997328314157095,1.13702521328653,246809.2946425224,63.82,3.39374,7316.6476,1992.0,21174.66,53210.2233318965,7.63849020004272,93.0062669652127,15.1103424459526,70.4342498779297,124.472904877796,13619.1203991212,17.873,23.9369201660156,10057698.0,7.652697025962417,5.2935924681907744,,,Sweden
SWE,2018,499.0,0.6779195532183816,0.6447289192154478,1.135602270912435,243408.14712082924,63.08,3.34602,7425.66896,1838.0,21255.37,54018.4554391861,7.69825983047485,89.2469631588137,14.1643140590828,73.4083786010742,124.086284526267,18608.4538369414,17.398,30.9924607148911,10175214.0,7.644888683341809,5.201999297429223,502.0,506.0,Sweden
SWE,2019,,0.6106271294832609,0.662028778540997,1.1463614247776683,228377.87426585183,63.65,3.39847,7685.83827,1802.0,21466.94,51648.9892820514,7.66307020187378,94.4934434072202,14.5057835745267,75.1148529052734,125.456729050381,25688.2870684346,20.092,25.07958984375,10278887.0,7.644656080022726,5.172248400224649,,,Sweden
SWE,2020,,0.5792155536206436,0.6599759693929292,1.1598066515682368,237386.98689175968,62.47,3.50181,7754.64384,1764.0,21766.86,52568.5726980146,7.95333003997803,94.53943122,15.1359508380239,79.1196365356445,123.548656971054,32739.7400787101,23.891,32.541038761967,10353442.0,7.651300422351223,5.143872352711374,,,Sweden
SWE,2021,,0.581972087132558,0.6317163881270802,1.146429393906612,253867.55861878907,63.1,3.41565,8159.79705,1771.0,22723.69,60647.5416365347,7.60224008560181,94.6703163,13.9348317468926,85.9426193237305,124.96149481991,38601.5068821813,24.555,32.6151400648583,10415811.0,7.688296594401852,5.141838786421541,,,Sweden
SWE,2022,494.0,0.5765196025640598,0.6823245452627418,1.134125538696243,220407.0893049678,61.6,3.47239,8639.24439,,22353.75,54836.8907235124,7.31909990310669,95.00970335,17.2566541363702,83.8976135253906,140.781664517726,45805.4450768818,21.597,33.6641523203769,10486941.0,7.665087628017621,,482.0,487.0,Sweden
SWE,2023,,0.6348970806757036,0.6456841721871309,1.1501807970854965,221989.3764484377,64.2,3.59978,8910.73864,,,54950.2834725622,,95.70327461,17.6238520277113,81.3998184204102,140.265691285045,52996.3464606147,21.941,34.883027208531,10536632.0,,,,,Sweden
TUR,2012,463.0,,,1.7764421338893592,88412.44481569683,34.1,0.82595,1100.18611,4434.0,27961.75,11776.7593362033,4.38721990585327,45.13,2.15485262575385,70.1044998168945,90.0040810031246,222.584847653222,17.342,,75175827.0,5.921447970055345,4.094039942526369,448.0,475.0,TUR
TUR,2013,,,,1.7774743117418668,87259.25765972072,36.03,0.81206,1175.90164,4392.0,30007.39,12635.5570016068,4.34479999542236,46.25,3.13055257636753,79.6469573974609,91.1758435342703,263.251812032901,18.442,,76147624.0,5.979059501050891,4.072055322651201,,,TUR
TUR,2014,,,,1.756647702106162,89864.94935920769,38.2,0.8564,1163.53689,4766.0,30611.18,12209.3862327674,4.41256999969482,51.0373665521645,3.37973172045524,86.9976806640625,92.1219361989572,298.865469518728,17.698,,77181884.0,5.985474003694895,4.139162431477736,,,TUR
TUR,2015,425.0,,,1.7247836083953292,94202.10052254352,37.81,0.96732,1136.18026,5352.0,32539.53,11064.6494504662,4.30550003051758,53.7449791423583,3.43610443571744,95.5645065307617,92.0327105332494,364.977692803257,18.299,,78218479.0,6.033105927093086,4.240228723678214,420.0,428.0,TUR
TUR,2016,,,,1.6413946504074353,97327.80803146953,39.03,1.11979,1263.789,6230.0,34932.25,10984.3643169061,4.62773990631104,58.3477340145685,3.03814599740941,103.71558380127,91.9286950751339,1310.01097127093,19.369,,79277962.0,6.0904724732498,4.376816338078544,,,TUR
TUR,2017,,,,1.6259581294288246,89067.94313634034,38.9,1.17632,1420.59574,8175.0,33087.1,10756.3877677883,4.32369995117188,64.6846176835371,3.23291293505096,110.534072875977,93.6407569517097,3384.80721940135,20.469,,80312698.0,6.023395387176487,4.632684495011062,,,TUR
TUR,2018,468.0,0.6782114699941383,0.7097216122233182,1.622981077562552,77647.88448504034,37.42,1.27093,1585.08328,7156.0,33902.25,9684.11819884721,4.29729986190796,71.0427608433809,2.67353129854845,115.462463378906,94.9085818111026,4383.72751384509,20.011,,81407204.0,6.0341712472476345,4.487554529923656,454.0,466.0,TUR
TUR,2019,,,,1.608660003943696,71351.98113759886,36.95,1.3196,1737.57621,7871.0,37976.86,9395.23378001368,4.44776010513306,73.9767022871511,3.02817669225913,117.005470275879,94.6498130829997,5494.176274385,25.039,,82579440.0,6.133143673286006,4.567616611212135,,,TUR
TUR,2020,,,,1.5553607412541497,61238.436271046165,34.9,1.36748,1964.65668,7920.0,40923.32,8798.11791709313,4.03382015228271,77.6695605,3.15277011329118,118.883682250977,95.3960853737199,6837.08326277681,24.919,,83384680.0,6.198026261652055,4.564155216741247,,,TUR
TUR,2021,,,,1.5086706092604083,63335.91426306758,38.3,1.40209,2209.69913,8234.0,47600.4,9981.76398411336,3.53787994384766,81.40843745,3.28362739970141,125.763786315918,99.5415432248525,7755.87404936661,22.36,20.4976116552789,84147318.0,6.339793620322849,4.5936257824226505,,,TUR
TUR,2022,476.0,,,1.5344417081760993,58185.97190448327,38.1,1.32342,2478.67633,,52657.73,10897.8397861365,3.09571003913879,83.43716576,3.66403554879462,127.577972412109,103.720593629066,9166.00138199718,19.289,20.9415740107689,84979913.0,6.430765930170452,,453.0,456.0,TUR
TUR,2023,,,,1.5424440479315429,71928.3921072044,38.6,1.42224,2644.6573,,,13375.0947282864,,85.96074155,4.51829098986852,105.88606262207,105.684032912794,9881.98609883873,17.306,21.8643391177776,85325965.0,,,,,TUR
USA,2012,497.0,,,1.4443484650782998,370052.8643809831,57.7,2.67272,3734.6577,268782.0,430163.93,51708.4011556577,,74.7,20.174250704896,,96.1284261999864,3836.05795090734,16.211,31.0561865240495,314339099.0,7.222179786971474,6.752352396061413,481.0,498.0,United States
USA,2013,,,,1.4336245030782813,375774.4677542726,60.31,2.69591,3815.20951,287831.0,432033.06,53179.0127634561,,71.4,20.188635370966,88.7264175415039,97.0595305732914,4294.07370746707,15.558,31.6606597900391,316726282.0,7.218952292915996,6.813190628933923,,,United States
USA,2014,,,,1.422698581262778,380362.2277709296,60.09,2.70882,3915.0339,285096.0,434412.33,54973.4207515712,,73.0,20.4843982208576,88.6268692016602,99.839569071329,5115.54683309614,13.411,31.9557991027832,319257560.0,7.216485904397838,6.795702267728772,,,United States
USA,2015,496.0,,,1.4198671699068657,397230.134121723,60.1,2.77328,3949.66371,288335.0,436908.38,56572.9188996063,4.93064022064209,74.5542024462761,21.3904480368657,88.8894119262695,101.831958781319,6337.61084209589,11.634,32.5007591247559,321815121.0,7.214237875410522,6.799016548270476,470.0,497.0,United States
USA,2016,,,,1.4164409804305584,419557.1467329634,61.4,2.83677,3897.11007,295327.0,437546.04,57638.1018367192,4.78327989578247,85.5444212887222,22.4192942002286,88.8350524902344,102.751864866695,11389.9150845803,10.432,33.4396896362305,324353340.0,7.207844762829281,6.815102701621528,,,United States
USA,2017,,0.711813450972729,0.6889234119799339,1.3981974529104988,427640.81140388624,61.4,2.88315,4020.59227,293904.0,440417.99,59635.0984397965,5.09296989440918,87.2748891687657,19.2659699620243,88.1673889160156,102.380562632686,30199.9571603454,9.238,32.0158805847168,326608609.0,7.207458305535516,6.803356582226961,,,United States
USA,2018,502.0,,,1.3847916213155531,432237.5128960796,59.81,2.98956,4322.78826,285095.0,447164.41,62499.8744390068,4.89502000808716,88.498903165152,18.4842699258676,88.2991790771484,103.935307364,65494.8762801956,8.607,34.9924697875977,328529577.0,7.216789168689717,6.7671025544333645,478.0,505.0,United States
USA,2019,,,,1.3886961872960264,465963.7745838322,61.73,3.14297,4367.20971,285113.0,451480.17,64746.4506778863,4.95746994018555,89.4302848575712,18.6853939276571,87.8887100219727,105.32074052965,123268.08312533,8.375,36.0551531503778,330226227.0,7.221239937483784,6.762020475003501,,,United States
USA,2020,,,,1.3409057238601043,475262.1409719448,60.56,3.41788,4567.79267,269586.0,457586.9,63515.9491807833,5.39530992507935,90.34470367,19.4939761609452,87.5676574707031,103.855170008567,140775.773474768,14.891,37.5242881774902,331577720.0,7.230584219389538,6.702009692054107,,,United States
USA,2021,,,,1.3528002596450053,496930.5071897719,61.3,3.4689,4900.77179,262244.0,472448.44,70205.050916026,5.42038011550903,91.2684021,19.9014614131792,84.8550872802734,106.324514306135,156949.432905341,9.704,35.0492286682129,332099760.0,7.260951178958334,6.672860817138887,,,United States
USA,2022,499.0,,,1.3387626560520034,541431.3440602795,61.8,3.48736,4937.49441,,457335.25,76657.2488844403,,92.72850037,20.5789833007379,79.361930847168,108.785640656159,180213.052484185,8.105,37.6611289978027,334017321.0,7.22270922757261,,465.0,504.0,United States
USA,2023,,,,1.3564999135796867,,63.5,3.44716,,,,81032.262117545,,93.52559662,21.8459878355521,,112.410910606372,186692.908896926,7.953,38.601131439209,336806231.0,,,,,United States
