country_iso3,year,total_publications,top10_cited_publications,field_normalized_citation_impact,counting_method,source,snapshot_date,notes
AUS,2012,87961,33326,,whole_multi,OpenAlex API works group_by=authorships.countries (type:article|review; cited_by_percentile_year.min:90),2026-06-30,type=article|review; top10=cited_by_percentile_year.min:90; whole counting; recent-year citation window short
AUT,2012,22635,8254,,whole_multi,OpenAlex API works group_by=authorships.countries (type:article|review; cited_by_percentile_year.min:90),2026-06-30,type=article|review; top10=cited_by_percentile_year.min:90; whole counting; recent-year citation window short
BEL,2012,41835,13374,,whole_multi,OpenAlex API works group_by=authorships.countries (type:article|review; cited_by_percentile_year.min:90),2026-06-30,type=article|review; top10=cited_by_percentile_year.min:90; whole counting; recent-year citation window short
BRA,2012,113932,37728,,whole_multi,OpenAlex API works group_by=authorships.countries (type:article|review; cited_by_percentile_year.min:90),2026-06-30,type=article|review; top10=cited_by_percentile_year.min:90; whole counting; recent-year citation window short
CAN,2012,108657,41266,,whole_multi,OpenAlex API works group_by=authorships.countries (type:article|review; cited_by_percentile_year.min:90),2026-06-30,type=article|review; top10=cited_by_percentile_year.min:90; whole counting; recent-year citation window short
CHE,2012,43992,16424,,whole_multi,OpenAlex API works group_by=authorships.countries (type:article|review; cited_by_percentile_year.min:90),2026-06-30,type=article|review; top10=cited_by_percentile_year.min:90; whole counting; recent-year citation window short
CHL,2012,13160,4428,,whole_multi,OpenAlex API works group_by=authorships.countries (type:article|review; cited_by_percentile_year.min:90),2026-06-30,type=article|review; top10=cited_by_percentile_year.min:90; whole counting; recent-year citation window short
COL,2012,19193,5130,,whole_multi,OpenAlex API works group_by=authorships.countries (type:article|review; cited_by_percentile_year.min:90),2026-06-30,type=article|review; top10=cited_by_percentile_year.min:90; whole counting; recent-year citation window short
CRI,2012,2587,706,,whole_multi,OpenAlex API works group_by=authorships.countries (type:article|review; cited_by_percentile_year.min:90),2026-06-30,type=article|review; top10=cited_by_percentile_year.min:90; whole counting; recent-year citation window short
CZE,2012,20751,7661,,whole_multi,OpenAlex API works group_by=authorships.countries (type:article|review; cited_by_percentile_year.min:90),2026-06-30,type=article|review; top10=cited_by_percentile_year.min:90; whole counting; recent-year citation window short
DEU,2012,170458,62045,,whole_multi,OpenAlex API works group_by=authorships.countries (type:article|review; cited_by_percentile_year.min:90),2026-06-30,type=article|review; top10=cited_by_percentile_year.min:90; whole counting; recent-year citation window short
DNK,2012,32428,9745,,whole_multi,OpenAlex API works group_by=authorships.countries (type:article|review; cited_by_percentile_year.min:90),2026-06-30,type=article|review; top10=cited_by_percentile_year.min:90; whole counting; recent-year citation window short
ESP,2012,99801,36146,,whole_multi,OpenAlex API works group_by=authorships.countries (type:article|review; cited_by_percentile_year.min:90),2026-06-30,type=article|review; top10=cited_by_percentile_year.min:90; whole counting; recent-year citation window short
EST,2012,2841,1109,,whole_multi,OpenAlex API works group_by=authorships.countries (type:article|review; cited_by_percentile_year.min:90),2026-06-30,type=article|review; top10=cited_by_percentile_year.min:90; whole counting; recent-year citation window short
FIN,2012,19007,7404,,whole_multi,OpenAlex API works group_by=authorships.countries (type:article|review; cited_by_percentile_year.min:90),2026-06-30,type=article|review; top10=cited_by_percentile_year.min:90; whole counting; recent-year citation window short
FRA,2012,143392,46559,,whole_multi,OpenAlex API works group_by=authorships.countries (type:article|review; cited_by_percentile_year.min:90),2026-06-30,type=article|review; top10=cited_by_percentile_year.min:90; whole counting; recent-year citation window short
GBR,2012,204318,73402,,whole_multi,OpenAlex API works group_by=authorships.countries (type:article|review; cited_by_percentile_year.min:90),2026-06-30,type=article|review; top10=cited_by_percentile_year.min:90; whole counting; recent-year citation window short
GRC,2012,19174,7181,,whole_multi,OpenAlex API works group_by=authorships.countries (type:article|review; cited_by_percentile_year.min:90),2026-06-30,type=article|review; top10=cited_by_percentile_year.min:90; whole counting; recent-year citation window short
HKG,2012,16866,6682,,whole_multi,OpenAlex API works group_by=authorships.countries (type:article|review; cited_by_percentile_year.min:90),2026-06-30,type=article|review; top10=cited_by_percentile_year.min:90; whole counting; recent-year citation window short
HUN,2012,11953,4263,,whole_multi,OpenAlex API works group_by=authorships.countries (type:article|review; cited_by_percentile_year.min:90),2026-06-30,type=article|review; top10=cited_by_percentile_year.min:90; whole counting; recent-year citation window short
IDN,2012,23201,7368,,whole_multi,OpenAlex API works group_by=authorships.countries (type:article|review; cited_by_percentile_year.min:90),2026-06-30,type=article|review; top10=cited_by_percentile_year.min:90; whole counting; recent-year citation window short
IRL,2012,15823,5824,,whole_multi,OpenAlex API works group_by=authorships.countries (type:article|review; cited_by_percentile_year.min:90),2026-06-30,type=article|review; top10=cited_by_percentile_year.min:90; whole counting; recent-year citation window short
ISL,2012,1362,500,,whole_multi,OpenAlex API works group_by=authorships.countries (type:article|review; cited_by_percentile_year.min:90),2026-06-30,type=article|review; top10=cited_by_percentile_year.min:90; whole counting; recent-year citation window short
ISR,2012,19619,7468,,whole_multi,OpenAlex API works group_by=authorships.countries (type:article|review; cited_by_percentile_year.min:90),2026-06-30,type=article|review; top10=cited_by_percentile_year.min:90; whole counting; recent-year citation window short
ITA,2012,97506,37299,,whole_multi,OpenAlex API works group_by=authorships.countries (type:article|review; cited_by_percentile_year.min:90),2026-06-30,type=article|review; top10=cited_by_percentile_year.min:90; whole counting; recent-year citation window short
JPN,2012,161925,57106,,whole_multi,OpenAlex API works group_by=authorships.countries (type:article|review; cited_by_percentile_year.min:90),2026-06-30,type=article|review; top10=cited_by_percentile_year.min:90; whole counting; recent-year citation window short
KOR,2012,86420,34474,,whole_multi,OpenAlex API works group_by=authorships.countries (type:article|review; cited_by_percentile_year.min:90),2026-06-30,type=article|review; top10=cited_by_percentile_year.min:90; whole counting; recent-year citation window short
LTU,2012,3886,1352,,whole_multi,OpenAlex API works group_by=authorships.countries (type:article|review; cited_by_percentile_year.min:90),2026-06-30,type=article|review; top10=cited_by_percentile_year.min:90; whole counting; recent-year citation window short
LUX,2012,2914,700,,whole_multi,OpenAlex API works group_by=authorships.countries (type:article|review; cited_by_percentile_year.min:90),2026-06-30,type=article|review; top10=cited_by_percentile_year.min:90; whole counting; recent-year citation window short
LVA,2012,2738,919,,whole_multi,OpenAlex API works group_by=authorships.countries (type:article|review; cited_by_percentile_year.min:90),2026-06-30,type=article|review; top10=cited_by_percentile_year.min:90; whole counting; recent-year citation window short
MEX,2012,29829,9796,,whole_multi,OpenAlex API works group_by=authorships.countries (type:article|review; cited_by_percentile_year.min:90),2026-06-30,type=article|review; top10=cited_by_percentile_year.min:90; whole counting; recent-year citation window short
NLD,2012,60759,22865,,whole_multi,OpenAlex API works group_by=authorships.countries (type:article|review; cited_by_percentile_year.min:90),2026-06-30,type=article|review; top10=cited_by_percentile_year.min:90; whole counting; recent-year citation window short
NOR,2012,19817,7586,,whole_multi,OpenAlex API works group_by=authorships.countries (type:article|review; cited_by_percentile_year.min:90),2026-06-30,type=article|review; top10=cited_by_percentile_year.min:90; whole counting; recent-year citation window short
NZL,2012,14166,5348,,whole_multi,OpenAlex API works group_by=authorships.countries (type:article|review; cited_by_percentile_year.min:90),2026-06-30,type=article|review; top10=cited_by_percentile_year.min:90; whole counting; recent-year citation window short
PER,2012,4317,1325,,whole_multi,OpenAlex API works group_by=authorships.countries (type:article|review; cited_by_percentile_year.min:90),2026-06-30,type=article|review; top10=cited_by_percentile_year.min:90; whole counting; recent-year citation window short
POL,2012,58561,18549,,whole_multi,OpenAlex API works group_by=authorships.countries (type:article|review; cited_by_percentile_year.min:90),2026-06-30,type=article|review; top10=cited_by_percentile_year.min:90; whole counting; recent-year citation window short
PRT,2012,25575,9451,,whole_multi,OpenAlex API works group_by=authorships.countries (type:article|review; cited_by_percentile_year.min:90),2026-06-30,type=article|review; top10=cited_by_percentile_year.min:90; whole counting; recent-year citation window short
RUS,2012,53558,18527,,whole_multi,OpenAlex API works group_by=authorships.countries (type:article|review; cited_by_percentile_year.min:90),2026-06-30,type=article|review; top10=cited_by_percentile_year.min:90; whole counting; recent-year citation window short
SGP,2012,18474,7190,,whole_multi,OpenAlex API works group_by=authorships.countries (type:article|review; cited_by_percentile_year.min:90),2026-06-30,type=article|review; top10=cited_by_percentile_year.min:90; whole counting; recent-year citation window short
SVK,2012,7901,2883,,whole_multi,OpenAlex API works group_by=authorships.countries (type:article|review; cited_by_percentile_year.min:90),2026-06-30,type=article|review; top10=cited_by_percentile_year.min:90; whole counting; recent-year citation window short
SVN,2012,6660,2291,,whole_multi,OpenAlex API works group_by=authorships.countries (type:article|review; cited_by_percentile_year.min:90),2026-06-30,type=article|review; top10=cited_by_percentile_year.min:90; whole counting; recent-year citation window short
SWE,2012,37517,14624,,whole_multi,OpenAlex API works group_by=authorships.countries (type:article|review; cited_by_percentile_year.min:90),2026-06-30,type=article|review; top10=cited_by_percentile_year.min:90; whole counting; recent-year citation window short
TUR,2012,36378,13568,,whole_multi,OpenAlex API works group_by=authorships.countries (type:article|review; cited_by_percentile_year.min:90),2026-06-30,type=article|review; top10=cited_by_percentile_year.min:90; whole counting; recent-year citation window short
USA,2012,742675,265262,,whole_multi,OpenAlex API works group_by=authorships.countries (type:article|review; cited_by_percentile_year.min:90),2026-06-30,type=article|review; top10=cited_by_percentile_year.min:90; whole counting; recent-year citation window short
AUS,2013,96341,37137,,whole_multi,OpenAlex API works group_by=authorships.countries (type:article|review; cited_by_percentile_year.min:90),2026-06-30,type=article|review; top10=cited_by_percentile_year.min:90; whole counting; recent-year citation window short
AUT,2013,24253,9085,,whole_multi,OpenAlex API works group_by=authorships.countries (type:article|review; cited_by_percentile_year.min:90),2026-06-30,type=article|review; top10=cited_by_percentile_year.min:90; whole counting; recent-year citation window short
BEL,2013,43676,14063,,whole_multi,OpenAlex API works group_by=authorships.countries (type:article|review; cited_by_percentile_year.min:90),2026-06-30,type=article|review; top10=cited_by_percentile_year.min:90; whole counting; recent-year citation window short
BRA,2013,125470,39527,,whole_multi,OpenAlex API works group_by=authorships.countries (type:article|review; cited_by_percentile_year.min:90),2026-06-30,type=article|review; top10=cited_by_percentile_year.min:90; whole counting; recent-year citation window short
CAN,2013,115181,43836,,whole_multi,OpenAlex API works group_by=authorships.countries (type:article|review; cited_by_percentile_year.min:90),2026-06-30,type=article|review; top10=cited_by_percentile_year.min:90; whole counting; recent-year citation window short
CHE,2013,46729,17814,,whole_multi,OpenAlex API works group_by=authorships.countries (type:article|review; cited_by_percentile_year.min:90),2026-06-30,type=article|review; top10=cited_by_percentile_year.min:90; whole counting; recent-year citation window short
CHL,2013,14408,4751,,whole_multi,OpenAlex API works group_by=authorships.countries (type:article|review; cited_by_percentile_year.min:90),2026-06-30,type=article|review; top10=cited_by_percentile_year.min:90; whole counting; recent-year citation window short
COL,2013,21649,5713,,whole_multi,OpenAlex API works group_by=authorships.countries (type:article|review; cited_by_percentile_year.min:90),2026-06-30,type=article|review; top10=cited_by_percentile_year.min:90; whole counting; recent-year citation window short
CRI,2013,3142,813,,whole_multi,OpenAlex API works group_by=authorships.countries (type:article|review; cited_by_percentile_year.min:90),2026-06-30,type=article|review; top10=cited_by_percentile_year.min:90; whole counting; recent-year citation window short
CZE,2013,23849,8601,,whole_multi,OpenAlex API works group_by=authorships.countries (type:article|review; cited_by_percentile_year.min:90),2026-06-30,type=article|review; top10=cited_by_percentile_year.min:90; whole counting; recent-year citation window short
DEU,2013,175726,65095,,whole_multi,OpenAlex API works group_by=authorships.countries (type:article|review; cited_by_percentile_year.min:90),2026-06-30,type=article|review; top10=cited_by_percentile_year.min:90; whole counting; recent-year citation window short
DNK,2013,34267,10843,,whole_multi,OpenAlex API works group_by=authorships.countries (type:article|review; cited_by_percentile_year.min:90),2026-06-30,type=article|review; top10=cited_by_percentile_year.min:90; whole counting; recent-year citation window short
ESP,2013,105324,37328,,whole_multi,OpenAlex API works group_by=authorships.countries (type:article|review; cited_by_percentile_year.min:90),2026-06-30,type=article|review; top10=cited_by_percentile_year.min:90; whole counting; recent-year citation window short
EST,2013,3260,1223,,whole_multi,OpenAlex API works group_by=authorships.countries (type:article|review; cited_by_percentile_year.min:90),2026-06-30,type=article|review; top10=cited_by_percentile_year.min:90; whole counting; recent-year citation window short
FIN,2013,20084,7825,,whole_multi,OpenAlex API works group_by=authorships.countries (type:article|review; cited_by_percentile_year.min:90),2026-06-30,type=article|review; top10=cited_by_percentile_year.min:90; whole counting; recent-year citation window short
FRA,2013,151923,48690,,whole_multi,OpenAlex API works group_by=authorships.countries (type:article|review; cited_by_percentile_year.min:90),2026-06-30,type=article|review; top10=cited_by_percentile_year.min:90; whole counting; recent-year citation window short
GBR,2013,211712,78056,,whole_multi,OpenAlex API works group_by=authorships.countries (type:article|review; cited_by_percentile_year.min:90),2026-06-30,type=article|review; top10=cited_by_percentile_year.min:90; whole counting; recent-year citation window short
GRC,2013,20318,7643,,whole_multi,OpenAlex API works group_by=authorships.countries (type:article|review; cited_by_percentile_year.min:90),2026-06-30,type=article|review; top10=cited_by_percentile_year.min:90; whole counting; recent-year citation window short
HKG,2013,17583,6985,,whole_multi,OpenAlex API works group_by=authorships.countries (type:article|review; cited_by_percentile_year.min:90),2026-06-30,type=article|review; top10=cited_by_percentile_year.min:90; whole counting; recent-year citation window short
HUN,2013,12548,4514,,whole_multi,OpenAlex API works group_by=authorships.countries (type:article|review; cited_by_percentile_year.min:90),2026-06-30,type=article|review; top10=cited_by_percentile_year.min:90; whole counting; recent-year citation window short
IDN,2013,33003,10039,,whole_multi,OpenAlex API works group_by=authorships.countries (type:article|review; cited_by_percentile_year.min:90),2026-06-30,type=article|review; top10=cited_by_percentile_year.min:90; whole counting; recent-year citation window short
IRL,2013,16377,6110,,whole_multi,OpenAlex API works group_by=authorships.countries (type:article|review; cited_by_percentile_year.min:90),2026-06-30,type=article|review; top10=cited_by_percentile_year.min:90; whole counting; recent-year citation window short
ISL,2013,1445,566,,whole_multi,OpenAlex API works group_by=authorships.countries (type:article|review; cited_by_percentile_year.min:90),2026-06-30,type=article|review; top10=cited_by_percentile_year.min:90; whole counting; recent-year citation window short
ISR,2013,21184,8217,,whole_multi,OpenAlex API works group_by=authorships.countries (type:article|review; cited_by_percentile_year.min:90),2026-06-30,type=article|review; top10=cited_by_percentile_year.min:90; whole counting; recent-year citation window short
ITA,2013,104268,40247,,whole_multi,OpenAlex API works group_by=authorships.countries (type:article|review; cited_by_percentile_year.min:90),2026-06-30,type=article|review; top10=cited_by_percentile_year.min:90; whole counting; recent-year citation window short
JPN,2013,161794,56733,,whole_multi,OpenAlex API works group_by=authorships.countries (type:article|review; cited_by_percentile_year.min:90),2026-06-30,type=article|review; top10=cited_by_percentile_year.min:90; whole counting; recent-year citation window short
KOR,2013,92876,36947,,whole_multi,OpenAlex API works group_by=authorships.countries (type:article|review; cited_by_percentile_year.min:90),2026-06-30,type=article|review; top10=cited_by_percentile_year.min:90; whole counting; recent-year citation window short
LTU,2013,4072,1431,,whole_multi,OpenAlex API works group_by=authorships.countries (type:article|review; cited_by_percentile_year.min:90),2026-06-30,type=article|review; top10=cited_by_percentile_year.min:90; whole counting; recent-year citation window short
LUX,2013,3552,909,,whole_multi,OpenAlex API works group_by=authorships.countries (type:article|review; cited_by_percentile_year.min:90),2026-06-30,type=article|review; top10=cited_by_percentile_year.min:90; whole counting; recent-year citation window short
LVA,2013,2762,870,,whole_multi,OpenAlex API works group_by=authorships.countries (type:article|review; cited_by_percentile_year.min:90),2026-06-30,type=article|review; top10=cited_by_percentile_year.min:90; whole counting; recent-year citation window short
MEX,2013,33147,10599,,whole_multi,OpenAlex API works group_by=authorships.countries (type:article|review; cited_by_percentile_year.min:90),2026-06-30,type=article|review; top10=cited_by_percentile_year.min:90; whole counting; recent-year citation window short
NLD,2013,62963,24080,,whole_multi,OpenAlex API works group_by=authorships.countries (type:article|review; cited_by_percentile_year.min:90),2026-06-30,type=article|review; top10=cited_by_percentile_year.min:90; whole counting; recent-year citation window short
NOR,2013,20533,7924,,whole_multi,OpenAlex API works group_by=authorships.countries (type:article|review; cited_by_percentile_year.min:90),2026-06-30,type=article|review; top10=cited_by_percentile_year.min:90; whole counting; recent-year citation window short
NZL,2013,15095,5778,,whole_multi,OpenAlex API works group_by=authorships.countries (type:article|review; cited_by_percentile_year.min:90),2026-06-30,type=article|review; top10=cited_by_percentile_year.min:90; whole counting; recent-year citation window short
PER,2013,5511,1506,,whole_multi,OpenAlex API works group_by=authorships.countries (type:article|review; cited_by_percentile_year.min:90),2026-06-30,type=article|review; top10=cited_by_percentile_year.min:90; whole counting; recent-year citation window short
POL,2013,70127,22555,,whole_multi,OpenAlex API works group_by=authorships.countries (type:article|review; cited_by_percentile_year.min:90),2026-06-30,type=article|review; top10=cited_by_percentile_year.min:90; whole counting; recent-year citation window short
PRT,2013,27709,10142,,whole_multi,OpenAlex API works group_by=authorships.countries (type:article|review; cited_by_percentile_year.min:90),2026-06-30,type=article|review; top10=cited_by_percentile_year.min:90; whole counting; recent-year citation window short
RUS,2013,62002,20926,,whole_multi,OpenAlex API works group_by=authorships.countries (type:article|review; cited_by_percentile_year.min:90),2026-06-30,type=article|review; top10=cited_by_percentile_year.min:90; whole counting; recent-year citation window short
SGP,2013,19209,7508,,whole_multi,OpenAlex API works group_by=authorships.countries (type:article|review; cited_by_percentile_year.min:90),2026-06-30,type=article|review; top10=cited_by_percentile_year.min:90; whole counting; recent-year citation window short
SVK,2013,8921,3186,,whole_multi,OpenAlex API works group_by=authorships.countries (type:article|review; cited_by_percentile_year.min:90),2026-06-30,type=article|review; top10=cited_by_percentile_year.min:90; whole counting; recent-year citation window short
SVN,2013,7282,2448,,whole_multi,OpenAlex API works group_by=authorships.countries (type:article|review; cited_by_percentile_year.min:90),2026-06-30,type=article|review; top10=cited_by_percentile_year.min:90; whole counting; recent-year citation window short
SWE,2013,39019,15665,,whole_multi,OpenAlex API works group_by=authorships.countries (type:article|review; cited_by_percentile_year.min:90),2026-06-30,type=article|review; top10=cited_by_percentile_year.min:90; whole counting; recent-year citation window short
TUR,2013,42901,15939,,whole_multi,OpenAlex API works group_by=authorships.countries (type:article|review; cited_by_percentile_year.min:90),2026-06-30,type=article|review; top10=cited_by_percentile_year.min:90; whole counting; recent-year citation window short
USA,2013,768516,277825,,whole_multi,OpenAlex API works group_by=authorships.countries (type:article|review; cited_by_percentile_year.min:90),2026-06-30,type=article|review; top10=cited_by_percentile_year.min:90; whole counting; recent-year citation window short
AUS,2014,101518,39913,,whole_multi,OpenAlex API works group_by=authorships.countries (type:article|review; cited_by_percentile_year.min:90),2026-06-30,type=article|review; top10=cited_by_percentile_year.min:90; whole counting; recent-year citation window short
AUT,2014,25362,9613,,whole_multi,OpenAlex API works group_by=authorships.countries (type:article|review; cited_by_percentile_year.min:90),2026-06-30,type=article|review; top10=cited_by_percentile_year.min:90; whole counting; recent-year citation window short
BEL,2014,45817,14955,,whole_multi,OpenAlex API works group_by=authorships.countries (type:article|review; cited_by_percentile_year.min:90),2026-06-30,type=article|review; top10=cited_by_percentile_year.min:90; whole counting; recent-year citation window short
BRA,2014,141943,42830,,whole_multi,OpenAlex API works group_by=authorships.countries (type:article|review; cited_by_percentile_year.min:90),2026-06-30,type=article|review; top10=cited_by_percentile_year.min:90; whole counting; recent-year citation window short
CAN,2014,118300,45868,,whole_multi,OpenAlex API works group_by=authorships.countries (type:article|review; cited_by_percentile_year.min:90),2026-06-30,type=article|review; top10=cited_by_percentile_year.min:90; whole counting; recent-year citation window short
CHE,2014,48593,18922,,whole_multi,OpenAlex API works group_by=authorships.countries (type:article|review; cited_by_percentile_year.min:90),2026-06-30,type=article|review; top10=cited_by_percentile_year.min:90; whole counting; recent-year citation window short
CHL,2014,15851,5385,,whole_multi,OpenAlex API works group_by=authorships.countries (type:article|review; cited_by_percentile_year.min:90),2026-06-30,type=article|review; top10=cited_by_percentile_year.min:90; whole counting; recent-year citation window short
COL,2014,22374,5979,,whole_multi,OpenAlex API works group_by=authorships.countries (type:article|review; cited_by_percentile_year.min:90),2026-06-30,type=article|review; top10=cited_by_percentile_year.min:90; whole counting; recent-year citation window short
CRI,2014,3499,938,,whole_multi,OpenAlex API works group_by=authorships.countries (type:article|review; cited_by_percentile_year.min:90),2026-06-30,type=article|review; top10=cited_by_percentile_year.min:90; whole counting; recent-year citation window short
CZE,2014,27645,10193,,whole_multi,OpenAlex API works group_by=authorships.countries (type:article|review; cited_by_percentile_year.min:90),2026-06-30,type=article|review; top10=cited_by_percentile_year.min:90; whole counting; recent-year citation window short
DEU,2014,184033,67841,,whole_multi,OpenAlex API works group_by=authorships.countries (type:article|review; cited_by_percentile_year.min:90),2026-06-30,type=article|review; top10=cited_by_percentile_year.min:90; whole counting; recent-year citation window short
DNK,2014,36438,11824,,whole_multi,OpenAlex API works group_by=authorships.countries (type:article|review; cited_by_percentile_year.min:90),2026-06-30,type=article|review; top10=cited_by_percentile_year.min:90; whole counting; recent-year citation window short
ESP,2014,112467,40529,,whole_multi,OpenAlex API works group_by=authorships.countries (type:article|review; cited_by_percentile_year.min:90),2026-06-30,type=article|review; top10=cited_by_percentile_year.min:90; whole counting; recent-year citation window short
EST,2014,3425,1303,,whole_multi,OpenAlex API works group_by=authorships.countries (type:article|review; cited_by_percentile_year.min:90),2026-06-30,type=article|review; top10=cited_by_percentile_year.min:90; whole counting; recent-year citation window short
FIN,2014,21576,8527,,whole_multi,OpenAlex API works group_by=authorships.countries (type:article|review; cited_by_percentile_year.min:90),2026-06-30,type=article|review; top10=cited_by_percentile_year.min:90; whole counting; recent-year citation window short
FRA,2014,157044,51066,,whole_multi,OpenAlex API works group_by=authorships.countries (type:article|review; cited_by_percentile_year.min:90),2026-06-30,type=article|review; top10=cited_by_percentile_year.min:90; whole counting; recent-year citation window short
GBR,2014,221412,82174,,whole_multi,OpenAlex API works group_by=authorships.countries (type:article|review; cited_by_percentile_year.min:90),2026-06-30,type=article|review; top10=cited_by_percentile_year.min:90; whole counting; recent-year citation window short
GRC,2014,21385,7791,,whole_multi,OpenAlex API works group_by=authorships.countries (type:article|review; cited_by_percentile_year.min:90),2026-06-30,type=article|review; top10=cited_by_percentile_year.min:90; whole counting; recent-year citation window short
HKG,2014,19169,7694,,whole_multi,OpenAlex API works group_by=authorships.countries (type:article|review; cited_by_percentile_year.min:90),2026-06-30,type=article|review; top10=cited_by_percentile_year.min:90; whole counting; recent-year citation window short
HUN,2014,13874,4984,,whole_multi,OpenAlex API works group_by=authorships.countries (type:article|review; cited_by_percentile_year.min:90),2026-06-30,type=article|review; top10=cited_by_percentile_year.min:90; whole counting; recent-year citation window short
IDN,2014,40229,12319,,whole_multi,OpenAlex API works group_by=authorships.countries (type:article|review; cited_by_percentile_year.min:90),2026-06-30,type=article|review; top10=cited_by_percentile_year.min:90; whole counting; recent-year citation window short
IRL,2014,16949,6433,,whole_multi,OpenAlex API works group_by=authorships.countries (type:article|review; cited_by_percentile_year.min:90),2026-06-30,type=article|review; top10=cited_by_percentile_year.min:90; whole counting; recent-year citation window short
ISL,2014,1554,653,,whole_multi,OpenAlex API works group_by=authorships.countries (type:article|review; cited_by_percentile_year.min:90),2026-06-30,type=article|review; top10=cited_by_percentile_year.min:90; whole counting; recent-year citation window short
ISR,2014,21717,8454,,whole_multi,OpenAlex API works group_by=authorships.countries (type:article|review; cited_by_percentile_year.min:90),2026-06-30,type=article|review; top10=cited_by_percentile_year.min:90; whole counting; recent-year citation window short
ITA,2014,109833,43091,,whole_multi,OpenAlex API works group_by=authorships.countries (type:article|review; cited_by_percentile_year.min:90),2026-06-30,type=article|review; top10=cited_by_percentile_year.min:90; whole counting; recent-year citation window short
JPN,2014,163692,57666,,whole_multi,OpenAlex API works group_by=authorships.countries (type:article|review; cited_by_percentile_year.min:90),2026-06-30,type=article|review; top10=cited_by_percentile_year.min:90; whole counting; recent-year citation window short
KOR,2014,96727,38363,,whole_multi,OpenAlex API works group_by=authorships.countries (type:article|review; cited_by_percentile_year.min:90),2026-06-30,type=article|review; top10=cited_by_percentile_year.min:90; whole counting; recent-year citation window short
LTU,2014,5381,1785,,whole_multi,OpenAlex API works group_by=authorships.countries (type:article|review; cited_by_percentile_year.min:90),2026-06-30,type=article|review; top10=cited_by_percentile_year.min:90; whole counting; recent-year citation window short
LUX,2014,3816,967,,whole_multi,OpenAlex API works group_by=authorships.countries (type:article|review; cited_by_percentile_year.min:90),2026-06-30,type=article|review; top10=cited_by_percentile_year.min:90; whole counting; recent-year citation window short
LVA,2014,3221,998,,whole_multi,OpenAlex API works group_by=authorships.countries (type:article|review; cited_by_percentile_year.min:90),2026-06-30,type=article|review; top10=cited_by_percentile_year.min:90; whole counting; recent-year citation window short
MEX,2014,36332,11403,,whole_multi,OpenAlex API works group_by=authorships.countries (type:article|review; cited_by_percentile_year.min:90),2026-06-30,type=article|review; top10=cited_by_percentile_year.min:90; whole counting; recent-year citation window short
NLD,2014,65412,25240,,whole_multi,OpenAlex API works group_by=authorships.countries (type:article|review; cited_by_percentile_year.min:90),2026-06-30,type=article|review; top10=cited_by_percentile_year.min:90; whole counting; recent-year citation window short
NOR,2014,22347,8848,,whole_multi,OpenAlex API works group_by=authorships.countries (type:article|review; cited_by_percentile_year.min:90),2026-06-30,type=article|review; top10=cited_by_percentile_year.min:90; whole counting; recent-year citation window short
NZL,2014,15801,6184,,whole_multi,OpenAlex API works group_by=authorships.countries (type:article|review; cited_by_percentile_year.min:90),2026-06-30,type=article|review; top10=cited_by_percentile_year.min:90; whole counting; recent-year citation window short
PER,2014,9836,2246,,whole_multi,OpenAlex API works group_by=authorships.countries (type:article|review; cited_by_percentile_year.min:90),2026-06-30,type=article|review; top10=cited_by_percentile_year.min:90; whole counting; recent-year citation window short
POL,2014,76512,25062,,whole_multi,OpenAlex API works group_by=authorships.countries (type:article|review; cited_by_percentile_year.min:90),2026-06-30,type=article|review; top10=cited_by_percentile_year.min:90; whole counting; recent-year citation window short
PRT,2014,30635,10965,,whole_multi,OpenAlex API works group_by=authorships.countries (type:article|review; cited_by_percentile_year.min:90),2026-06-30,type=article|review; top10=cited_by_percentile_year.min:90; whole counting; recent-year citation window short
RUS,2014,75321,25156,,whole_multi,OpenAlex API works group_by=authorships.countries (type:article|review; cited_by_percentile_year.min:90),2026-06-30,type=article|review; top10=cited_by_percentile_year.min:90; whole counting; recent-year citation window short
SGP,2014,21050,8316,,whole_multi,OpenAlex API works group_by=authorships.countries (type:article|review; cited_by_percentile_year.min:90),2026-06-30,type=article|review; top10=cited_by_percentile_year.min:90; whole counting; recent-year citation window short
SVK,2014,10632,3864,,whole_multi,OpenAlex API works group_by=authorships.countries (type:article|review; cited_by_percentile_year.min:90),2026-06-30,type=article|review; top10=cited_by_percentile_year.min:90; whole counting; recent-year citation window short
SVN,2014,7721,2630,,whole_multi,OpenAlex API works group_by=authorships.countries (type:article|review; cited_by_percentile_year.min:90),2026-06-30,type=article|review; top10=cited_by_percentile_year.min:90; whole counting; recent-year citation window short
SWE,2014,41928,16887,,whole_multi,OpenAlex API works group_by=authorships.countries (type:article|review; cited_by_percentile_year.min:90),2026-06-30,type=article|review; top10=cited_by_percentile_year.min:90; whole counting; recent-year citation window short
TUR,2014,50250,18230,,whole_multi,OpenAlex API works group_by=authorships.countries (type:article|review; cited_by_percentile_year.min:90),2026-06-30,type=article|review; top10=cited_by_percentile_year.min:90; whole counting; recent-year citation window short
USA,2014,804282,289665,,whole_multi,OpenAlex API works group_by=authorships.countries (type:article|review; cited_by_percentile_year.min:90),2026-06-30,type=article|review; top10=cited_by_percentile_year.min:90; whole counting; recent-year citation window short
AUS,2015,107318,41264,,whole_multi,OpenAlex API works group_by=authorships.countries (type:article|review; cited_by_percentile_year.min:90),2026-06-30,type=article|review; top10=cited_by_percentile_year.min:90; whole counting; recent-year citation window short
AUT,2015,26638,9916,,whole_multi,OpenAlex API works group_by=authorships.countries (type:article|review; cited_by_percentile_year.min:90),2026-06-30,type=article|review; top10=cited_by_percentile_year.min:90; whole counting; recent-year citation window short
BEL,2015,47010,14922,,whole_multi,OpenAlex API works group_by=authorships.countries (type:article|review; cited_by_percentile_year.min:90),2026-06-30,type=article|review; top10=cited_by_percentile_year.min:90; whole counting; recent-year citation window short
BRA,2015,157611,44953,,whole_multi,OpenAlex API works group_by=authorships.countries (type:article|review; cited_by_percentile_year.min:90),2026-06-30,type=article|review; top10=cited_by_percentile_year.min:90; whole counting; recent-year citation window short
CAN,2015,121327,46117,,whole_multi,OpenAlex API works group_by=authorships.countries (type:article|review; cited_by_percentile_year.min:90),2026-06-30,type=article|review; top10=cited_by_percentile_year.min:90; whole counting; recent-year citation window short
CHE,2015,51829,19365,,whole_multi,OpenAlex API works group_by=authorships.countries (type:article|review; cited_by_percentile_year.min:90),2026-06-30,type=article|review; top10=cited_by_percentile_year.min:90; whole counting; recent-year citation window short
CHL,2015,18181,5894,,whole_multi,OpenAlex API works group_by=authorships.countries (type:article|review; cited_by_percentile_year.min:90),2026-06-30,type=article|review; top10=cited_by_percentile_year.min:90; whole counting; recent-year citation window short
COL,2015,23712,6491,,whole_multi,OpenAlex API works group_by=authorships.countries (type:article|review; cited_by_percentile_year.min:90),2026-06-30,type=article|review; top10=cited_by_percentile_year.min:90; whole counting; recent-year citation window short
CRI,2015,4448,999,,whole_multi,OpenAlex API works group_by=authorships.countries (type:article|review; cited_by_percentile_year.min:90),2026-06-30,type=article|review; top10=cited_by_percentile_year.min:90; whole counting; recent-year citation window short
CZE,2015,29195,10536,,whole_multi,OpenAlex API works group_by=authorships.countries (type:article|review; cited_by_percentile_year.min:90),2026-06-30,type=article|review; top10=cited_by_percentile_year.min:90; whole counting; recent-year citation window short
DEU,2015,189869,68630,,whole_multi,OpenAlex API works group_by=authorships.countries (type:article|review; cited_by_percentile_year.min:90),2026-06-30,type=article|review; top10=cited_by_percentile_year.min:90; whole counting; recent-year citation window short
DNK,2015,38204,12106,,whole_multi,OpenAlex API works group_by=authorships.countries (type:article|review; cited_by_percentile_year.min:90),2026-06-30,type=article|review; top10=cited_by_percentile_year.min:90; whole counting; recent-year citation window short
ESP,2015,116589,40295,,whole_multi,OpenAlex API works group_by=authorships.countries (type:article|review; cited_by_percentile_year.min:90),2026-06-30,type=article|review; top10=cited_by_percentile_year.min:90; whole counting; recent-year citation window short
EST,2015,3436,1299,,whole_multi,OpenAlex API works group_by=authorships.countries (type:article|review; cited_by_percentile_year.min:90),2026-06-30,type=article|review; top10=cited_by_percentile_year.min:90; whole counting; recent-year citation window short
FIN,2015,22653,8534,,whole_multi,OpenAlex API works group_by=authorships.countries (type:article|review; cited_by_percentile_year.min:90),2026-06-30,type=article|review; top10=cited_by_percentile_year.min:90; whole counting; recent-year citation window short
FRA,2015,159358,50640,,whole_multi,OpenAlex API works group_by=authorships.countries (type:article|review; cited_by_percentile_year.min:90),2026-06-30,type=article|review; top10=cited_by_percentile_year.min:90; whole counting; recent-year citation window short
GBR,2015,232615,84393,,whole_multi,OpenAlex API works group_by=authorships.countries (type:article|review; cited_by_percentile_year.min:90),2026-06-30,type=article|review; top10=cited_by_percentile_year.min:90; whole counting; recent-year citation window short
GRC,2015,21830,7728,,whole_multi,OpenAlex API works group_by=authorships.countries (type:article|review; cited_by_percentile_year.min:90),2026-06-30,type=article|review; top10=cited_by_percentile_year.min:90; whole counting; recent-year citation window short
HKG,2015,19346,7479,,whole_multi,OpenAlex API works group_by=authorships.countries (type:article|review; cited_by_percentile_year.min:90),2026-06-30,type=article|review; top10=cited_by_percentile_year.min:90; whole counting; recent-year citation window short
HUN,2015,14368,5114,,whole_multi,OpenAlex API works group_by=authorships.countries (type:article|review; cited_by_percentile_year.min:90),2026-06-30,type=article|review; top10=cited_by_percentile_year.min:90; whole counting; recent-year citation window short
IDN,2015,58523,17517,,whole_multi,OpenAlex API works group_by=authorships.countries (type:article|review; cited_by_percentile_year.min:90),2026-06-30,type=article|review; top10=cited_by_percentile_year.min:90; whole counting; recent-year citation window short
IRL,2015,17642,6334,,whole_multi,OpenAlex API works group_by=authorships.countries (type:article|review; cited_by_percentile_year.min:90),2026-06-30,type=article|review; top10=cited_by_percentile_year.min:90; whole counting; recent-year citation window short
ISL,2015,1669,647,,whole_multi,OpenAlex API works group_by=authorships.countries (type:article|review; cited_by_percentile_year.min:90),2026-06-30,type=article|review; top10=cited_by_percentile_year.min:90; whole counting; recent-year citation window short
ISR,2015,22739,8519,,whole_multi,OpenAlex API works group_by=authorships.countries (type:article|review; cited_by_percentile_year.min:90),2026-06-30,type=article|review; top10=cited_by_percentile_year.min:90; whole counting; recent-year citation window short
ITA,2015,115662,44122,,whole_multi,OpenAlex API works group_by=authorships.countries (type:article|review; cited_by_percentile_year.min:90),2026-06-30,type=article|review; top10=cited_by_percentile_year.min:90; whole counting; recent-year citation window short
JPN,2015,165087,56164,,whole_multi,OpenAlex API works group_by=authorships.countries (type:article|review; cited_by_percentile_year.min:90),2026-06-30,type=article|review; top10=cited_by_percentile_year.min:90; whole counting; recent-year citation window short
KOR,2015,97043,37207,,whole_multi,OpenAlex API works group_by=authorships.countries (type:article|review; cited_by_percentile_year.min:90),2026-06-30,type=article|review; top10=cited_by_percentile_year.min:90; whole counting; recent-year citation window short
LTU,2015,5161,1709,,whole_multi,OpenAlex API works group_by=authorships.countries (type:article|review; cited_by_percentile_year.min:90),2026-06-30,type=article|review; top10=cited_by_percentile_year.min:90; whole counting; recent-year citation window short
LUX,2015,3986,960,,whole_multi,OpenAlex API works group_by=authorships.countries (type:article|review; cited_by_percentile_year.min:90),2026-06-30,type=article|review; top10=cited_by_percentile_year.min:90; whole counting; recent-year citation window short
LVA,2015,3858,1169,,whole_multi,OpenAlex API works group_by=authorships.countries (type:article|review; cited_by_percentile_year.min:90),2026-06-30,type=article|review; top10=cited_by_percentile_year.min:90; whole counting; recent-year citation window short
MEX,2015,38911,11841,,whole_multi,OpenAlex API works group_by=authorships.countries (type:article|review; cited_by_percentile_year.min:90),2026-06-30,type=article|review; top10=cited_by_percentile_year.min:90; whole counting; recent-year citation window short
NLD,2015,66714,25368,,whole_multi,OpenAlex API works group_by=authorships.countries (type:article|review; cited_by_percentile_year.min:90),2026-06-30,type=article|review; top10=cited_by_percentile_year.min:90; whole counting; recent-year citation window short
NOR,2015,23274,8959,,whole_multi,OpenAlex API works group_by=authorships.countries (type:article|review; cited_by_percentile_year.min:90),2026-06-30,type=article|review; top10=cited_by_percentile_year.min:90; whole counting; recent-year citation window short
NZL,2015,16187,6220,,whole_multi,OpenAlex API works group_by=authorships.countries (type:article|review; cited_by_percentile_year.min:90),2026-06-30,type=article|review; top10=cited_by_percentile_year.min:90; whole counting; recent-year citation window short
PER,2015,6864,1680,,whole_multi,OpenAlex API works group_by=authorships.countries (type:article|review; cited_by_percentile_year.min:90),2026-06-30,type=article|review; top10=cited_by_percentile_year.min:90; whole counting; recent-year citation window short
POL,2015,83267,26110,,whole_multi,OpenAlex API works group_by=authorships.countries (type:article|review; cited_by_percentile_year.min:90),2026-06-30,type=article|review; top10=cited_by_percentile_year.min:90; whole counting; recent-year citation window short
PRT,2015,31947,11106,,whole_multi,OpenAlex API works group_by=authorships.countries (type:article|review; cited_by_percentile_year.min:90),2026-06-30,type=article|review; top10=cited_by_percentile_year.min:90; whole counting; recent-year citation window short
RUS,2015,91639,29308,,whole_multi,OpenAlex API works group_by=authorships.countries (type:article|review; cited_by_percentile_year.min:90),2026-06-30,type=article|review; top10=cited_by_percentile_year.min:90; whole counting; recent-year citation window short
SGP,2015,22063,8593,,whole_multi,OpenAlex API works group_by=authorships.countries (type:article|review; cited_by_percentile_year.min:90),2026-06-30,type=article|review; top10=cited_by_percentile_year.min:90; whole counting; recent-year citation window short
SVK,2015,10568,3688,,whole_multi,OpenAlex API works group_by=authorships.countries (type:article|review; cited_by_percentile_year.min:90),2026-06-30,type=article|review; top10=cited_by_percentile_year.min:90; whole counting; recent-year citation window short
SVN,2015,8322,2682,,whole_multi,OpenAlex API works group_by=authorships.countries (type:article|review; cited_by_percentile_year.min:90),2026-06-30,type=article|review; top10=cited_by_percentile_year.min:90; whole counting; recent-year citation window short
SWE,2015,42909,16866,,whole_multi,OpenAlex API works group_by=authorships.countries (type:article|review; cited_by_percentile_year.min:90),2026-06-30,type=article|review; top10=cited_by_percentile_year.min:90; whole counting; recent-year citation window short
TUR,2015,57401,20028,,whole_multi,OpenAlex API works group_by=authorships.countries (type:article|review; cited_by_percentile_year.min:90),2026-06-30,type=article|review; top10=cited_by_percentile_year.min:90; whole counting; recent-year citation window short
USA,2015,825282,290052,,whole_multi,OpenAlex API works group_by=authorships.countries (type:article|review; cited_by_percentile_year.min:90),2026-06-30,type=article|review; top10=cited_by_percentile_year.min:90; whole counting; recent-year citation window short
AUS,2016,108581,40511,,whole_multi,OpenAlex API works group_by=authorships.countries (type:article|review; cited_by_percentile_year.min:90),2026-06-30,type=article|review; top10=cited_by_percentile_year.min:90; whole counting; recent-year citation window short
AUT,2016,28189,10043,,whole_multi,OpenAlex API works group_by=authorships.countries (type:article|review; cited_by_percentile_year.min:90),2026-06-30,type=article|review; top10=cited_by_percentile_year.min:90; whole counting; recent-year citation window short
BEL,2016,47573,14571,,whole_multi,OpenAlex API works group_by=authorships.countries (type:article|review; cited_by_percentile_year.min:90),2026-06-30,type=article|review; top10=cited_by_percentile_year.min:90; whole counting; recent-year citation window short
BRA,2016,172383,45561,,whole_multi,OpenAlex API works group_by=authorships.countries (type:article|review; cited_by_percentile_year.min:90),2026-06-30,type=article|review; top10=cited_by_percentile_year.min:90; whole counting; recent-year citation window short
CAN,2016,122861,44443,,whole_multi,OpenAlex API works group_by=authorships.countries (type:article|review; cited_by_percentile_year.min:90),2026-06-30,type=article|review; top10=cited_by_percentile_year.min:90; whole counting; recent-year citation window short
CHE,2016,52368,19021,,whole_multi,OpenAlex API works group_by=authorships.countries (type:article|review; cited_by_percentile_year.min:90),2026-06-30,type=article|review; top10=cited_by_percentile_year.min:90; whole counting; recent-year citation window short
CHL,2016,21320,6345,,whole_multi,OpenAlex API works group_by=authorships.countries (type:article|review; cited_by_percentile_year.min:90),2026-06-30,type=article|review; top10=cited_by_percentile_year.min:90; whole counting; recent-year citation window short
COL,2016,24481,6636,,whole_multi,OpenAlex API works group_by=authorships.countries (type:article|review; cited_by_percentile_year.min:90),2026-06-30,type=article|review; top10=cited_by_percentile_year.min:90; whole counting; recent-year citation window short
CRI,2016,4264,1095,,whole_multi,OpenAlex API works group_by=authorships.countries (type:article|review; cited_by_percentile_year.min:90),2026-06-30,type=article|review; top10=cited_by_percentile_year.min:90; whole counting; recent-year citation window short
CZE,2016,29632,10214,,whole_multi,OpenAlex API works group_by=authorships.countries (type:article|review; cited_by_percentile_year.min:90),2026-06-30,type=article|review; top10=cited_by_percentile_year.min:90; whole counting; recent-year citation window short
DEU,2016,194108,67588,,whole_multi,OpenAlex API works group_by=authorships.countries (type:article|review; cited_by_percentile_year.min:90),2026-06-30,type=article|review; top10=cited_by_percentile_year.min:90; whole counting; recent-year citation window short
DNK,2016,39372,12270,,whole_multi,OpenAlex API works group_by=authorships.countries (type:article|review; cited_by_percentile_year.min:90),2026-06-30,type=article|review; top10=cited_by_percentile_year.min:90; whole counting; recent-year citation window short
ESP,2016,120215,40098,,whole_multi,OpenAlex API works group_by=authorships.countries (type:article|review; cited_by_percentile_year.min:90),2026-06-30,type=article|review; top10=cited_by_percentile_year.min:90; whole counting; recent-year citation window short
EST,2016,3498,1208,,whole_multi,OpenAlex API works group_by=authorships.countries (type:article|review; cited_by_percentile_year.min:90),2026-06-30,type=article|review; top10=cited_by_percentile_year.min:90; whole counting; recent-year citation window short
FIN,2016,23511,8548,,whole_multi,OpenAlex API works group_by=authorships.countries (type:article|review; cited_by_percentile_year.min:90),2026-06-30,type=article|review; top10=cited_by_percentile_year.min:90; whole counting; recent-year citation window short
FRA,2016,163924,50000,,whole_multi,OpenAlex API works group_by=authorships.countries (type:article|review; cited_by_percentile_year.min:90),2026-06-30,type=article|review; top10=cited_by_percentile_year.min:90; whole counting; recent-year citation window short
GBR,2016,236561,83688,,whole_multi,OpenAlex API works group_by=authorships.countries (type:article|review; cited_by_percentile_year.min:90),2026-06-30,type=article|review; top10=cited_by_percentile_year.min:90; whole counting; recent-year citation window short
GRC,2016,23202,7568,,whole_multi,OpenAlex API works group_by=authorships.countries (type:article|review; cited_by_percentile_year.min:90),2026-06-30,type=article|review; top10=cited_by_percentile_year.min:90; whole counting; recent-year citation window short
HKG,2016,20351,7421,,whole_multi,OpenAlex API works group_by=authorships.countries (type:article|review; cited_by_percentile_year.min:90),2026-06-30,type=article|review; top10=cited_by_percentile_year.min:90; whole counting; recent-year citation window short
HUN,2016,14780,5041,,whole_multi,OpenAlex API works group_by=authorships.countries (type:article|review; cited_by_percentile_year.min:90),2026-06-30,type=article|review; top10=cited_by_percentile_year.min:90; whole counting; recent-year citation window short
IDN,2016,84225,24514,,whole_multi,OpenAlex API works group_by=authorships.countries (type:article|review; cited_by_percentile_year.min:90),2026-06-30,type=article|review; top10=cited_by_percentile_year.min:90; whole counting; recent-year citation window short
IRL,2016,17796,6307,,whole_multi,OpenAlex API works group_by=authorships.countries (type:article|review; cited_by_percentile_year.min:90),2026-06-30,type=article|review; top10=cited_by_percentile_year.min:90; whole counting; recent-year citation window short
ISL,2016,1711,631,,whole_multi,OpenAlex API works group_by=authorships.countries (type:article|review; cited_by_percentile_year.min:90),2026-06-30,type=article|review; top10=cited_by_percentile_year.min:90; whole counting; recent-year citation window short
ISR,2016,24047,8875,,whole_multi,OpenAlex API works group_by=authorships.countries (type:article|review; cited_by_percentile_year.min:90),2026-06-30,type=article|review; top10=cited_by_percentile_year.min:90; whole counting; recent-year citation window short
ITA,2016,118400,43070,,whole_multi,OpenAlex API works group_by=authorships.countries (type:article|review; cited_by_percentile_year.min:90),2026-06-30,type=article|review; top10=cited_by_percentile_year.min:90; whole counting; recent-year citation window short
JPN,2016,165479,54433,,whole_multi,OpenAlex API works group_by=authorships.countries (type:article|review; cited_by_percentile_year.min:90),2026-06-30,type=article|review; top10=cited_by_percentile_year.min:90; whole counting; recent-year citation window short
KOR,2016,94912,34221,,whole_multi,OpenAlex API works group_by=authorships.countries (type:article|review; cited_by_percentile_year.min:90),2026-06-30,type=article|review; top10=cited_by_percentile_year.min:90; whole counting; recent-year citation window short
LTU,2016,4705,1424,,whole_multi,OpenAlex API works group_by=authorships.countries (type:article|review; cited_by_percentile_year.min:90),2026-06-30,type=article|review; top10=cited_by_percentile_year.min:90; whole counting; recent-year citation window short
LUX,2016,3885,889,,whole_multi,OpenAlex API works group_by=authorships.countries (type:article|review; cited_by_percentile_year.min:90),2026-06-30,type=article|review; top10=cited_by_percentile_year.min:90; whole counting; recent-year citation window short
LVA,2016,3249,914,,whole_multi,OpenAlex API works group_by=authorships.countries (type:article|review; cited_by_percentile_year.min:90),2026-06-30,type=article|review; top10=cited_by_percentile_year.min:90; whole counting; recent-year citation window short
MEX,2016,40931,11800,,whole_multi,OpenAlex API works group_by=authorships.countries (type:article|review; cited_by_percentile_year.min:90),2026-06-30,type=article|review; top10=cited_by_percentile_year.min:90; whole counting; recent-year citation window short
NLD,2016,68098,25053,,whole_multi,OpenAlex API works group_by=authorships.countries (type:article|review; cited_by_percentile_year.min:90),2026-06-30,type=article|review; top10=cited_by_percentile_year.min:90; whole counting; recent-year citation window short
NOR,2016,25006,9185,,whole_multi,OpenAlex API works group_by=authorships.countries (type:article|review; cited_by_percentile_year.min:90),2026-06-30,type=article|review; top10=cited_by_percentile_year.min:90; whole counting; recent-year citation window short
NZL,2016,16832,6309,,whole_multi,OpenAlex API works group_by=authorships.countries (type:article|review; cited_by_percentile_year.min:90),2026-06-30,type=article|review; top10=cited_by_percentile_year.min:90; whole counting; recent-year citation window short
PER,2016,7524,1773,,whole_multi,OpenAlex API works group_by=authorships.countries (type:article|review; cited_by_percentile_year.min:90),2026-06-30,type=article|review; top10=cited_by_percentile_year.min:90; whole counting; recent-year citation window short
POL,2016,85283,25127,,whole_multi,OpenAlex API works group_by=authorships.countries (type:article|review; cited_by_percentile_year.min:90),2026-06-30,type=article|review; top10=cited_by_percentile_year.min:90; whole counting; recent-year citation window short
PRT,2016,32992,11175,,whole_multi,OpenAlex API works group_by=authorships.countries (type:article|review; cited_by_percentile_year.min:90),2026-06-30,type=article|review; top10=cited_by_percentile_year.min:90; whole counting; recent-year citation window short
RUS,2016,102812,31444,,whole_multi,OpenAlex API works group_by=authorships.countries (type:article|review; cited_by_percentile_year.min:90),2026-06-30,type=article|review; top10=cited_by_percentile_year.min:90; whole counting; recent-year citation window short
SGP,2016,22755,8432,,whole_multi,OpenAlex API works group_by=authorships.countries (type:article|review; cited_by_percentile_year.min:90),2026-06-30,type=article|review; top10=cited_by_percentile_year.min:90; whole counting; recent-year citation window short
SVK,2016,11017,3679,,whole_multi,OpenAlex API works group_by=authorships.countries (type:article|review; cited_by_percentile_year.min:90),2026-06-30,type=article|review; top10=cited_by_percentile_year.min:90; whole counting; recent-year citation window short
SVN,2016,8315,2603,,whole_multi,OpenAlex API works group_by=authorships.countries (type:article|review; cited_by_percentile_year.min:90),2026-06-30,type=article|review; top10=cited_by_percentile_year.min:90; whole counting; recent-year citation window short
SWE,2016,44509,16838,,whole_multi,OpenAlex API works group_by=authorships.countries (type:article|review; cited_by_percentile_year.min:90),2026-06-30,type=article|review; top10=cited_by_percentile_year.min:90; whole counting; recent-year citation window short
TUR,2016,63736,21072,,whole_multi,OpenAlex API works group_by=authorships.countries (type:article|review; cited_by_percentile_year.min:90),2026-06-30,type=article|review; top10=cited_by_percentile_year.min:90; whole counting; recent-year citation window short
USA,2016,824286,282035,,whole_multi,OpenAlex API works group_by=authorships.countries (type:article|review; cited_by_percentile_year.min:90),2026-06-30,type=article|review; top10=cited_by_percentile_year.min:90; whole counting; recent-year citation window short
AUS,2017,111581,39420,,whole_multi,OpenAlex API works group_by=authorships.countries (type:article|review; cited_by_percentile_year.min:90),2026-06-30,type=article|review; top10=cited_by_percentile_year.min:90; whole counting; recent-year citation window short
AUT,2017,28006,9524,,whole_multi,OpenAlex API works group_by=authorships.countries (type:article|review; cited_by_percentile_year.min:90),2026-06-30,type=article|review; top10=cited_by_percentile_year.min:90; whole counting; recent-year citation window short
BEL,2017,47256,13913,,whole_multi,OpenAlex API works group_by=authorships.countries (type:article|review; cited_by_percentile_year.min:90),2026-06-30,type=article|review; top10=cited_by_percentile_year.min:90; whole counting; recent-year citation window short
BRA,2017,188497,46839,,whole_multi,OpenAlex API works group_by=authorships.countries (type:article|review; cited_by_percentile_year.min:90),2026-06-30,type=article|review; top10=cited_by_percentile_year.min:90; whole counting; recent-year citation window short
CAN,2017,125556,42903,,whole_multi,OpenAlex API works group_by=authorships.countries (type:article|review; cited_by_percentile_year.min:90),2026-06-30,type=article|review; top10=cited_by_percentile_year.min:90; whole counting; recent-year citation window short
CHE,2017,54807,18814,,whole_multi,OpenAlex API works group_by=authorships.countries (type:article|review; cited_by_percentile_year.min:90),2026-06-30,type=article|review; top10=cited_by_percentile_year.min:90; whole counting; recent-year citation window short
CHL,2017,20584,6062,,whole_multi,OpenAlex API works group_by=authorships.countries (type:article|review; cited_by_percentile_year.min:90),2026-06-30,type=article|review; top10=cited_by_percentile_year.min:90; whole counting; recent-year citation window short
COL,2017,26746,6965,,whole_multi,OpenAlex API works group_by=authorships.countries (type:article|review; cited_by_percentile_year.min:90),2026-06-30,type=article|review; top10=cited_by_percentile_year.min:90; whole counting; recent-year citation window short
CRI,2017,4106,968,,whole_multi,OpenAlex API works group_by=authorships.countries (type:article|review; cited_by_percentile_year.min:90),2026-06-30,type=article|review; top10=cited_by_percentile_year.min:90; whole counting; recent-year citation window short
CZE,2017,29822,9601,,whole_multi,OpenAlex API works group_by=authorships.countries (type:article|review; cited_by_percentile_year.min:90),2026-06-30,type=article|review; top10=cited_by_percentile_year.min:90; whole counting; recent-year citation window short
DEU,2017,194934,64609,,whole_multi,OpenAlex API works group_by=authorships.countries (type:article|review; cited_by_percentile_year.min:90),2026-06-30,type=article|review; top10=cited_by_percentile_year.min:90; whole counting; recent-year citation window short
DNK,2017,39833,11705,,whole_multi,OpenAlex API works group_by=authorships.countries (type:article|review; cited_by_percentile_year.min:90),2026-06-30,type=article|review; top10=cited_by_percentile_year.min:90; whole counting; recent-year citation window short
ESP,2017,125829,39951,,whole_multi,OpenAlex API works group_by=authorships.countries (type:article|review; cited_by_percentile_year.min:90),2026-06-30,type=article|review; top10=cited_by_percentile_year.min:90; whole counting; recent-year citation window short
EST,2017,3580,1180,,whole_multi,OpenAlex API works group_by=authorships.countries (type:article|review; cited_by_percentile_year.min:90),2026-06-30,type=article|review; top10=cited_by_percentile_year.min:90; whole counting; recent-year citation window short
FIN,2017,23961,8291,,whole_multi,OpenAlex API works group_by=authorships.countries (type:article|review; cited_by_percentile_year.min:90),2026-06-30,type=article|review; top10=cited_by_percentile_year.min:90; whole counting; recent-year citation window short
FRA,2017,163007,46982,,whole_multi,OpenAlex API works group_by=authorships.countries (type:article|review; cited_by_percentile_year.min:90),2026-06-30,type=article|review; top10=cited_by_percentile_year.min:90; whole counting; recent-year citation window short
GBR,2017,241619,80192,,whole_multi,OpenAlex API works group_by=authorships.countries (type:article|review; cited_by_percentile_year.min:90),2026-06-30,type=article|review; top10=cited_by_percentile_year.min:90; whole counting; recent-year citation window short
GRC,2017,24663,7557,,whole_multi,OpenAlex API works group_by=authorships.countries (type:article|review; cited_by_percentile_year.min:90),2026-06-30,type=article|review; top10=cited_by_percentile_year.min:90; whole counting; recent-year citation window short
HKG,2017,21487,7628,,whole_multi,OpenAlex API works group_by=authorships.countries (type:article|review; cited_by_percentile_year.min:90),2026-06-30,type=article|review; top10=cited_by_percentile_year.min:90; whole counting; recent-year citation window short
HUN,2017,15247,4953,,whole_multi,OpenAlex API works group_by=authorships.countries (type:article|review; cited_by_percentile_year.min:90),2026-06-30,type=article|review; top10=cited_by_percentile_year.min:90; whole counting; recent-year citation window short
IDN,2017,128449,35902,,whole_multi,OpenAlex API works group_by=authorships.countries (type:article|review; cited_by_percentile_year.min:90),2026-06-30,type=article|review; top10=cited_by_percentile_year.min:90; whole counting; recent-year citation window short
IRL,2017,18489,6212,,whole_multi,OpenAlex API works group_by=authorships.countries (type:article|review; cited_by_percentile_year.min:90),2026-06-30,type=article|review; top10=cited_by_percentile_year.min:90; whole counting; recent-year citation window short
ISL,2017,1910,659,,whole_multi,OpenAlex API works group_by=authorships.countries (type:article|review; cited_by_percentile_year.min:90),2026-06-30,type=article|review; top10=cited_by_percentile_year.min:90; whole counting; recent-year citation window short
ISR,2017,24021,8446,,whole_multi,OpenAlex API works group_by=authorships.countries (type:article|review; cited_by_percentile_year.min:90),2026-06-30,type=article|review; top10=cited_by_percentile_year.min:90; whole counting; recent-year citation window short
ITA,2017,121245,42089,,whole_multi,OpenAlex API works group_by=authorships.countries (type:article|review; cited_by_percentile_year.min:90),2026-06-30,type=article|review; top10=cited_by_percentile_year.min:90; whole counting; recent-year citation window short
JPN,2017,167985,52118,,whole_multi,OpenAlex API works group_by=authorships.countries (type:article|review; cited_by_percentile_year.min:90),2026-06-30,type=article|review; top10=cited_by_percentile_year.min:90; whole counting; recent-year citation window short
KOR,2017,92730,32184,,whole_multi,OpenAlex API works group_by=authorships.countries (type:article|review; cited_by_percentile_year.min:90),2026-06-30,type=article|review; top10=cited_by_percentile_year.min:90; whole counting; recent-year citation window short
LTU,2017,5201,1495,,whole_multi,OpenAlex API works group_by=authorships.countries (type:article|review; cited_by_percentile_year.min:90),2026-06-30,type=article|review; top10=cited_by_percentile_year.min:90; whole counting; recent-year citation window short
LUX,2017,4175,923,,whole_multi,OpenAlex API works group_by=authorships.countries (type:article|review; cited_by_percentile_year.min:90),2026-06-30,type=article|review; top10=cited_by_percentile_year.min:90; whole counting; recent-year citation window short
LVA,2017,3704,1037,,whole_multi,OpenAlex API works group_by=authorships.countries (type:article|review; cited_by_percentile_year.min:90),2026-06-30,type=article|review; top10=cited_by_percentile_year.min:90; whole counting; recent-year citation window short
MEX,2017,43140,12251,,whole_multi,OpenAlex API works group_by=authorships.countries (type:article|review; cited_by_percentile_year.min:90),2026-06-30,type=article|review; top10=cited_by_percentile_year.min:90; whole counting; recent-year citation window short
NLD,2017,69656,24205,,whole_multi,OpenAlex API works group_by=authorships.countries (type:article|review; cited_by_percentile_year.min:90),2026-06-30,type=article|review; top10=cited_by_percentile_year.min:90; whole counting; recent-year citation window short
NOR,2017,26865,9562,,whole_multi,OpenAlex API works group_by=authorships.countries (type:article|review; cited_by_percentile_year.min:90),2026-06-30,type=article|review; top10=cited_by_percentile_year.min:90; whole counting; recent-year citation window short
NZL,2017,17683,6338,,whole_multi,OpenAlex API works group_by=authorships.countries (type:article|review; cited_by_percentile_year.min:90),2026-06-30,type=article|review; top10=cited_by_percentile_year.min:90; whole counting; recent-year citation window short
PER,2017,8390,1996,,whole_multi,OpenAlex API works group_by=authorships.countries (type:article|review; cited_by_percentile_year.min:90),2026-06-30,type=article|review; top10=cited_by_percentile_year.min:90; whole counting; recent-year citation window short
POL,2017,86934,23613,,whole_multi,OpenAlex API works group_by=authorships.countries (type:article|review; cited_by_percentile_year.min:90),2026-06-30,type=article|review; top10=cited_by_percentile_year.min:90; whole counting; recent-year citation window short
PRT,2017,35039,10905,,whole_multi,OpenAlex API works group_by=authorships.countries (type:article|review; cited_by_percentile_year.min:90),2026-06-30,type=article|review; top10=cited_by_percentile_year.min:90; whole counting; recent-year citation window short
RUS,2017,110935,31870,,whole_multi,OpenAlex API works group_by=authorships.countries (type:article|review; cited_by_percentile_year.min:90),2026-06-30,type=article|review; top10=cited_by_percentile_year.min:90; whole counting; recent-year citation window short
SGP,2017,23386,8230,,whole_multi,OpenAlex API works group_by=authorships.countries (type:article|review; cited_by_percentile_year.min:90),2026-06-30,type=article|review; top10=cited_by_percentile_year.min:90; whole counting; recent-year citation window short
SVK,2017,10897,3404,,whole_multi,OpenAlex API works group_by=authorships.countries (type:article|review; cited_by_percentile_year.min:90),2026-06-30,type=article|review; top10=cited_by_percentile_year.min:90; whole counting; recent-year citation window short
SVN,2017,8046,2433,,whole_multi,OpenAlex API works group_by=authorships.countries (type:article|review; cited_by_percentile_year.min:90),2026-06-30,type=article|review; top10=cited_by_percentile_year.min:90; whole counting; recent-year citation window short
SWE,2017,45719,16643,,whole_multi,OpenAlex API works group_by=authorships.countries (type:article|review; cited_by_percentile_year.min:90),2026-06-30,type=article|review; top10=cited_by_percentile_year.min:90; whole counting; recent-year citation window short
TUR,2017,65689,20344,,whole_multi,OpenAlex API works group_by=authorships.countries (type:article|review; cited_by_percentile_year.min:90),2026-06-30,type=article|review; top10=cited_by_percentile_year.min:90; whole counting; recent-year citation window short
USA,2017,837233,269791,,whole_multi,OpenAlex API works group_by=authorships.countries (type:article|review; cited_by_percentile_year.min:90),2026-06-30,type=article|review; top10=cited_by_percentile_year.min:90; whole counting; recent-year citation window short
AUS,2018,114298,37511,,whole_multi,OpenAlex API works group_by=authorships.countries (type:article|review; cited_by_percentile_year.min:90),2026-06-30,type=article|review; top10=cited_by_percentile_year.min:90; whole counting; recent-year citation window short
AUT,2018,29668,9279,,whole_multi,OpenAlex API works group_by=authorships.countries (type:article|review; cited_by_percentile_year.min:90),2026-06-30,type=article|review; top10=cited_by_percentile_year.min:90; whole counting; recent-year citation window short
BEL,2018,49258,13384,,whole_multi,OpenAlex API works group_by=authorships.countries (type:article|review; cited_by_percentile_year.min:90),2026-06-30,type=article|review; top10=cited_by_percentile_year.min:90; whole counting; recent-year citation window short
BRA,2018,198486,46843,,whole_multi,OpenAlex API works group_by=authorships.countries (type:article|review; cited_by_percentile_year.min:90),2026-06-30,type=article|review; top10=cited_by_percentile_year.min:90; whole counting; recent-year citation window short
CAN,2018,131467,41557,,whole_multi,OpenAlex API works group_by=authorships.countries (type:article|review; cited_by_percentile_year.min:90),2026-06-30,type=article|review; top10=cited_by_percentile_year.min:90; whole counting; recent-year citation window short
CHE,2018,55509,17661,,whole_multi,OpenAlex API works group_by=authorships.countries (type:article|review; cited_by_percentile_year.min:90),2026-06-30,type=article|review; top10=cited_by_percentile_year.min:90; whole counting; recent-year citation window short
CHL,2018,22181,6361,,whole_multi,OpenAlex API works group_by=authorships.countries (type:article|review; cited_by_percentile_year.min:90),2026-06-30,type=article|review; top10=cited_by_percentile_year.min:90; whole counting; recent-year citation window short
COL,2018,26687,6594,,whole_multi,OpenAlex API works group_by=authorships.countries (type:article|review; cited_by_percentile_year.min:90),2026-06-30,type=article|review; top10=cited_by_percentile_year.min:90; whole counting; recent-year citation window short
CRI,2018,4303,925,,whole_multi,OpenAlex API works group_by=authorships.countries (type:article|review; cited_by_percentile_year.min:90),2026-06-30,type=article|review; top10=cited_by_percentile_year.min:90; whole counting; recent-year citation window short
CZE,2018,29831,9067,,whole_multi,OpenAlex API works group_by=authorships.countries (type:article|review; cited_by_percentile_year.min:90),2026-06-30,type=article|review; top10=cited_by_percentile_year.min:90; whole counting; recent-year citation window short
DEU,2018,202721,61862,,whole_multi,OpenAlex API works group_by=authorships.countries (type:article|review; cited_by_percentile_year.min:90),2026-06-30,type=article|review; top10=cited_by_percentile_year.min:90; whole counting; recent-year citation window short
DNK,2018,39809,11276,,whole_multi,OpenAlex API works group_by=authorships.countries (type:article|review; cited_by_percentile_year.min:90),2026-06-30,type=article|review; top10=cited_by_percentile_year.min:90; whole counting; recent-year citation window short
ESP,2018,130883,38501,,whole_multi,OpenAlex API works group_by=authorships.countries (type:article|review; cited_by_percentile_year.min:90),2026-06-30,type=article|review; top10=cited_by_percentile_year.min:90; whole counting; recent-year citation window short
EST,2018,3727,1170,,whole_multi,OpenAlex API works group_by=authorships.countries (type:article|review; cited_by_percentile_year.min:90),2026-06-30,type=article|review; top10=cited_by_percentile_year.min:90; whole counting; recent-year citation window short
FIN,2018,24769,7830,,whole_multi,OpenAlex API works group_by=authorships.countries (type:article|review; cited_by_percentile_year.min:90),2026-06-30,type=article|review; top10=cited_by_percentile_year.min:90; whole counting; recent-year citation window short
FRA,2018,169936,44389,,whole_multi,OpenAlex API works group_by=authorships.countries (type:article|review; cited_by_percentile_year.min:90),2026-06-30,type=article|review; top10=cited_by_percentile_year.min:90; whole counting; recent-year citation window short
GBR,2018,247665,76677,,whole_multi,OpenAlex API works group_by=authorships.countries (type:article|review; cited_by_percentile_year.min:90),2026-06-30,type=article|review; top10=cited_by_percentile_year.min:90; whole counting; recent-year citation window short
GRC,2018,25691,7203,,whole_multi,OpenAlex API works group_by=authorships.countries (type:article|review; cited_by_percentile_year.min:90),2026-06-30,type=article|review; top10=cited_by_percentile_year.min:90; whole counting; recent-year citation window short
HKG,2018,22980,7463,,whole_multi,OpenAlex API works group_by=authorships.countries (type:article|review; cited_by_percentile_year.min:90),2026-06-30,type=article|review; top10=cited_by_percentile_year.min:90; whole counting; recent-year citation window short
HUN,2018,16389,4840,,whole_multi,OpenAlex API works group_by=authorships.countries (type:article|review; cited_by_percentile_year.min:90),2026-06-30,type=article|review; top10=cited_by_percentile_year.min:90; whole counting; recent-year citation window short
IDN,2018,177519,48460,,whole_multi,OpenAlex API works group_by=authorships.countries (type:article|review; cited_by_percentile_year.min:90),2026-06-30,type=article|review; top10=cited_by_percentile_year.min:90; whole counting; recent-year citation window short
IRL,2018,19266,6039,,whole_multi,OpenAlex API works group_by=authorships.countries (type:article|review; cited_by_percentile_year.min:90),2026-06-30,type=article|review; top10=cited_by_percentile_year.min:90; whole counting; recent-year citation window short
ISL,2018,1978,688,,whole_multi,OpenAlex API works group_by=authorships.countries (type:article|review; cited_by_percentile_year.min:90),2026-06-30,type=article|review; top10=cited_by_percentile_year.min:90; whole counting; recent-year citation window short
ISR,2018,25092,8063,,whole_multi,OpenAlex API works group_by=authorships.countries (type:article|review; cited_by_percentile_year.min:90),2026-06-30,type=article|review; top10=cited_by_percentile_year.min:90; whole counting; recent-year citation window short
ITA,2018,124820,40364,,whole_multi,OpenAlex API works group_by=authorships.countries (type:article|review; cited_by_percentile_year.min:90),2026-06-30,type=article|review; top10=cited_by_percentile_year.min:90; whole counting; recent-year citation window short
JPN,2018,170899,48818,,whole_multi,OpenAlex API works group_by=authorships.countries (type:article|review; cited_by_percentile_year.min:90),2026-06-30,type=article|review; top10=cited_by_percentile_year.min:90; whole counting; recent-year citation window short
KOR,2018,95272,30775,,whole_multi,OpenAlex API works group_by=authorships.countries (type:article|review; cited_by_percentile_year.min:90),2026-06-30,type=article|review; top10=cited_by_percentile_year.min:90; whole counting; recent-year citation window short
LTU,2018,5731,1570,,whole_multi,OpenAlex API works group_by=authorships.countries (type:article|review; cited_by_percentile_year.min:90),2026-06-30,type=article|review; top10=cited_by_percentile_year.min:90; whole counting; recent-year citation window short
LUX,2018,4236,887,,whole_multi,OpenAlex API works group_by=authorships.countries (type:article|review; cited_by_percentile_year.min:90),2026-06-30,type=article|review; top10=cited_by_percentile_year.min:90; whole counting; recent-year citation window short
LVA,2018,3767,1013,,whole_multi,OpenAlex API works group_by=authorships.countries (type:article|review; cited_by_percentile_year.min:90),2026-06-30,type=article|review; top10=cited_by_percentile_year.min:90; whole counting; recent-year citation window short
MEX,2018,47694,12487,,whole_multi,OpenAlex API works group_by=authorships.countries (type:article|review; cited_by_percentile_year.min:90),2026-06-30,type=article|review; top10=cited_by_percentile_year.min:90; whole counting; recent-year citation window short
NLD,2018,73718,23432,,whole_multi,OpenAlex API works group_by=authorships.countries (type:article|review; cited_by_percentile_year.min:90),2026-06-30,type=article|review; top10=cited_by_percentile_year.min:90; whole counting; recent-year citation window short
NOR,2018,27760,9073,,whole_multi,OpenAlex API works group_by=authorships.countries (type:article|review; cited_by_percentile_year.min:90),2026-06-30,type=article|review; top10=cited_by_percentile_year.min:90; whole counting; recent-year citation window short
NZL,2018,17717,5858,,whole_multi,OpenAlex API works group_by=authorships.countries (type:article|review; cited_by_percentile_year.min:90),2026-06-30,type=article|review; top10=cited_by_percentile_year.min:90; whole counting; recent-year citation window short
PER,2018,9526,2257,,whole_multi,OpenAlex API works group_by=authorships.countries (type:article|review; cited_by_percentile_year.min:90),2026-06-30,type=article|review; top10=cited_by_percentile_year.min:90; whole counting; recent-year citation window short
POL,2018,85922,21871,,whole_multi,OpenAlex API works group_by=authorships.countries (type:article|review; cited_by_percentile_year.min:90),2026-06-30,type=article|review; top10=cited_by_percentile_year.min:90; whole counting; recent-year citation window short
PRT,2018,36310,10644,,whole_multi,OpenAlex API works group_by=authorships.countries (type:article|review; cited_by_percentile_year.min:90),2026-06-30,type=article|review; top10=cited_by_percentile_year.min:90; whole counting; recent-year citation window short
RUS,2018,131305,33588,,whole_multi,OpenAlex API works group_by=authorships.countries (type:article|review; cited_by_percentile_year.min:90),2026-06-30,type=article|review; top10=cited_by_percentile_year.min:90; whole counting; recent-year citation window short
SGP,2018,24046,7703,,whole_multi,OpenAlex API works group_by=authorships.countries (type:article|review; cited_by_percentile_year.min:90),2026-06-30,type=article|review; top10=cited_by_percentile_year.min:90; whole counting; recent-year citation window short
SVK,2018,11071,3192,,whole_multi,OpenAlex API works group_by=authorships.countries (type:article|review; cited_by_percentile_year.min:90),2026-06-30,type=article|review; top10=cited_by_percentile_year.min:90; whole counting; recent-year citation window short
SVN,2018,8768,2481,,whole_multi,OpenAlex API works group_by=authorships.countries (type:article|review; cited_by_percentile_year.min:90),2026-06-30,type=article|review; top10=cited_by_percentile_year.min:90; whole counting; recent-year citation window short
SWE,2018,46927,15805,,whole_multi,OpenAlex API works group_by=authorships.countries (type:article|review; cited_by_percentile_year.min:90),2026-06-30,type=article|review; top10=cited_by_percentile_year.min:90; whole counting; recent-year citation window short
TUR,2018,74344,21464,,whole_multi,OpenAlex API works group_by=authorships.countries (type:article|review; cited_by_percentile_year.min:90),2026-06-30,type=article|review; top10=cited_by_percentile_year.min:90; whole counting; recent-year citation window short
USA,2018,865192,256073,,whole_multi,OpenAlex API works group_by=authorships.countries (type:article|review; cited_by_percentile_year.min:90),2026-06-30,type=article|review; top10=cited_by_percentile_year.min:90; whole counting; recent-year citation window short
AUS,2019,123112,33855,,whole_multi,OpenAlex API works group_by=authorships.countries (type:article|review; cited_by_percentile_year.min:90),2026-06-30,type=article|review; top10=cited_by_percentile_year.min:90; whole counting; recent-year citation window short
AUT,2019,30660,8591,,whole_multi,OpenAlex API works group_by=authorships.countries (type:article|review; cited_by_percentile_year.min:90),2026-06-30,type=article|review; top10=cited_by_percentile_year.min:90; whole counting; recent-year citation window short
BEL,2019,49888,11626,,whole_multi,OpenAlex API works group_by=authorships.countries (type:article|review; cited_by_percentile_year.min:90),2026-06-30,type=article|review; top10=cited_by_percentile_year.min:90; whole counting; recent-year citation window short
BRA,2019,207865,44584,,whole_multi,OpenAlex API works group_by=authorships.countries (type:article|review; cited_by_percentile_year.min:90),2026-06-30,type=article|review; top10=cited_by_percentile_year.min:90; whole counting; recent-year citation window short
CAN,2019,136586,36898,,whole_multi,OpenAlex API works group_by=authorships.countries (type:article|review; cited_by_percentile_year.min:90),2026-06-30,type=article|review; top10=cited_by_percentile_year.min:90; whole counting; recent-year citation window short
CHE,2019,57259,15926,,whole_multi,OpenAlex API works group_by=authorships.countries (type:article|review; cited_by_percentile_year.min:90),2026-06-30,type=article|review; top10=cited_by_percentile_year.min:90; whole counting; recent-year citation window short
CHL,2019,23645,5906,,whole_multi,OpenAlex API works group_by=authorships.countries (type:article|review; cited_by_percentile_year.min:90),2026-06-30,type=article|review; top10=cited_by_percentile_year.min:90; whole counting; recent-year citation window short
COL,2019,27540,6655,,whole_multi,OpenAlex API works group_by=authorships.countries (type:article|review; cited_by_percentile_year.min:90),2026-06-30,type=article|review; top10=cited_by_percentile_year.min:90; whole counting; recent-year citation window short
CRI,2019,4724,995,,whole_multi,OpenAlex API works group_by=authorships.countries (type:article|review; cited_by_percentile_year.min:90),2026-06-30,type=article|review; top10=cited_by_percentile_year.min:90; whole counting; recent-year citation window short
CZE,2019,32296,8511,,whole_multi,OpenAlex API works group_by=authorships.countries (type:article|review; cited_by_percentile_year.min:90),2026-06-30,type=article|review; top10=cited_by_percentile_year.min:90; whole counting; recent-year citation window short
DEU,2019,208890,54559,,whole_multi,OpenAlex API works group_by=authorships.countries (type:article|review; cited_by_percentile_year.min:90),2026-06-30,type=article|review; top10=cited_by_percentile_year.min:90; whole counting; recent-year citation window short
DNK,2019,40238,9854,,whole_multi,OpenAlex API works group_by=authorships.countries (type:article|review; cited_by_percentile_year.min:90),2026-06-30,type=article|review; top10=cited_by_percentile_year.min:90; whole counting; recent-year citation window short
ESP,2019,136226,35317,,whole_multi,OpenAlex API works group_by=authorships.countries (type:article|review; cited_by_percentile_year.min:90),2026-06-30,type=article|review; top10=cited_by_percentile_year.min:90; whole counting; recent-year citation window short
EST,2019,4240,1188,,whole_multi,OpenAlex API works group_by=authorships.countries (type:article|review; cited_by_percentile_year.min:90),2026-06-30,type=article|review; top10=cited_by_percentile_year.min:90; whole counting; recent-year citation window short
FIN,2019,26098,7075,,whole_multi,OpenAlex API works group_by=authorships.countries (type:article|review; cited_by_percentile_year.min:90),2026-06-30,type=article|review; top10=cited_by_percentile_year.min:90; whole counting; recent-year citation window short
FRA,2019,173914,38267,,whole_multi,OpenAlex API works group_by=authorships.countries (type:article|review; cited_by_percentile_year.min:90),2026-06-30,type=article|review; top10=cited_by_percentile_year.min:90; whole counting; recent-year citation window short
GBR,2019,256441,68287,,whole_multi,OpenAlex API works group_by=authorships.countries (type:article|review; cited_by_percentile_year.min:90),2026-06-30,type=article|review; top10=cited_by_percentile_year.min:90; whole counting; recent-year citation window short
GRC,2019,28229,6454,,whole_multi,OpenAlex API works group_by=authorships.countries (type:article|review; cited_by_percentile_year.min:90),2026-06-30,type=article|review; top10=cited_by_percentile_year.min:90; whole counting; recent-year citation window short
HKG,2019,25427,7032,,whole_multi,OpenAlex API works group_by=authorships.countries (type:article|review; cited_by_percentile_year.min:90),2026-06-30,type=article|review; top10=cited_by_percentile_year.min:90; whole counting; recent-year citation window short
HUN,2019,17706,4547,,whole_multi,OpenAlex API works group_by=authorships.countries (type:article|review; cited_by_percentile_year.min:90),2026-06-30,type=article|review; top10=cited_by_percentile_year.min:90; whole counting; recent-year citation window short
IDN,2019,228949,62465,,whole_multi,OpenAlex API works group_by=authorships.countries (type:article|review; cited_by_percentile_year.min:90),2026-06-30,type=article|review; top10=cited_by_percentile_year.min:90; whole counting; recent-year citation window short
IRL,2019,20959,5277,,whole_multi,OpenAlex API works group_by=authorships.countries (type:article|review; cited_by_percentile_year.min:90),2026-06-30,type=article|review; top10=cited_by_percentile_year.min:90; whole counting; recent-year citation window short
ISL,2019,2144,612,,whole_multi,OpenAlex API works group_by=authorships.countries (type:article|review; cited_by_percentile_year.min:90),2026-06-30,type=article|review; top10=cited_by_percentile_year.min:90; whole counting; recent-year citation window short
ISR,2019,26651,7421,,whole_multi,OpenAlex API works group_by=authorships.countries (type:article|review; cited_by_percentile_year.min:90),2026-06-30,type=article|review; top10=cited_by_percentile_year.min:90; whole counting; recent-year citation window short
ITA,2019,134125,37626,,whole_multi,OpenAlex API works group_by=authorships.countries (type:article|review; cited_by_percentile_year.min:90),2026-06-30,type=article|review; top10=cited_by_percentile_year.min:90; whole counting; recent-year citation window short
JPN,2019,171126,42382,,whole_multi,OpenAlex API works group_by=authorships.countries (type:article|review; cited_by_percentile_year.min:90),2026-06-30,type=article|review; top10=cited_by_percentile_year.min:90; whole counting; recent-year citation window short
KOR,2019,99478,27362,,whole_multi,OpenAlex API works group_by=authorships.countries (type:article|review; cited_by_percentile_year.min:90),2026-06-30,type=article|review; top10=cited_by_percentile_year.min:90; whole counting; recent-year citation window short
LTU,2019,6051,1526,,whole_multi,OpenAlex API works group_by=authorships.countries (type:article|review; cited_by_percentile_year.min:90),2026-06-30,type=article|review; top10=cited_by_percentile_year.min:90; whole counting; recent-year citation window short
LUX,2019,3796,779,,whole_multi,OpenAlex API works group_by=authorships.countries (type:article|review; cited_by_percentile_year.min:90),2026-06-30,type=article|review; top10=cited_by_percentile_year.min:90; whole counting; recent-year citation window short
LVA,2019,4253,953,,whole_multi,OpenAlex API works group_by=authorships.countries (type:article|review; cited_by_percentile_year.min:90),2026-06-30,type=article|review; top10=cited_by_percentile_year.min:90; whole counting; recent-year citation window short
MEX,2019,47933,11452,,whole_multi,OpenAlex API works group_by=authorships.countries (type:article|review; cited_by_percentile_year.min:90),2026-06-30,type=article|review; top10=cited_by_percentile_year.min:90; whole counting; recent-year citation window short
NLD,2019,76688,20823,,whole_multi,OpenAlex API works group_by=authorships.countries (type:article|review; cited_by_percentile_year.min:90),2026-06-30,type=article|review; top10=cited_by_percentile_year.min:90; whole counting; recent-year citation window short
NOR,2019,29676,8160,,whole_multi,OpenAlex API works group_by=authorships.countries (type:article|review; cited_by_percentile_year.min:90),2026-06-30,type=article|review; top10=cited_by_percentile_year.min:90; whole counting; recent-year citation window short
NZL,2019,19108,5357,,whole_multi,OpenAlex API works group_by=authorships.countries (type:article|review; cited_by_percentile_year.min:90),2026-06-30,type=article|review; top10=cited_by_percentile_year.min:90; whole counting; recent-year citation window short
PER,2019,11789,2598,,whole_multi,OpenAlex API works group_by=authorships.countries (type:article|review; cited_by_percentile_year.min:90),2026-06-30,type=article|review; top10=cited_by_percentile_year.min:90; whole counting; recent-year citation window short
POL,2019,80235,19469,,whole_multi,OpenAlex API works group_by=authorships.countries (type:article|review; cited_by_percentile_year.min:90),2026-06-30,type=article|review; top10=cited_by_percentile_year.min:90; whole counting; recent-year citation window short
PRT,2019,40314,10086,,whole_multi,OpenAlex API works group_by=authorships.countries (type:article|review; cited_by_percentile_year.min:90),2026-06-30,type=article|review; top10=cited_by_percentile_year.min:90; whole counting; recent-year citation window short
RUS,2019,160683,34921,,whole_multi,OpenAlex API works group_by=authorships.countries (type:article|review; cited_by_percentile_year.min:90),2026-06-30,type=article|review; top10=cited_by_percentile_year.min:90; whole counting; recent-year citation window short
SGP,2019,25027,6945,,whole_multi,OpenAlex API works group_by=authorships.countries (type:article|review; cited_by_percentile_year.min:90),2026-06-30,type=article|review; top10=cited_by_percentile_year.min:90; whole counting; recent-year citation window short
SVK,2019,11982,2981,,whole_multi,OpenAlex API works group_by=authorships.countries (type:article|review; cited_by_percentile_year.min:90),2026-06-30,type=article|review; top10=cited_by_percentile_year.min:90; whole counting; recent-year citation window short
SVN,2019,9009,2169,,whole_multi,OpenAlex API works group_by=authorships.countries (type:article|review; cited_by_percentile_year.min:90),2026-06-30,type=article|review; top10=cited_by_percentile_year.min:90; whole counting; recent-year citation window short
SWE,2019,49149,13920,,whole_multi,OpenAlex API works group_by=authorships.countries (type:article|review; cited_by_percentile_year.min:90),2026-06-30,type=article|review; top10=cited_by_percentile_year.min:90; whole counting; recent-year citation window short
TUR,2019,88177,21837,,whole_multi,OpenAlex API works group_by=authorships.countries (type:article|review; cited_by_percentile_year.min:90),2026-06-30,type=article|review; top10=cited_by_percentile_year.min:90; whole counting; recent-year citation window short
USA,2019,914104,227290,,whole_multi,OpenAlex API works group_by=authorships.countries (type:article|review; cited_by_percentile_year.min:90),2026-06-30,type=article|review; top10=cited_by_percentile_year.min:90; whole counting; recent-year citation window short
AUS,2020,131020,25322,,whole_multi,OpenAlex API works group_by=authorships.countries (type:article|review; cited_by_percentile_year.min:90),2026-06-30,type=article|review; top10=cited_by_percentile_year.min:90; whole counting; recent-year citation window short
AUT,2020,34534,6618,,whole_multi,OpenAlex API works group_by=authorships.countries (type:article|review; cited_by_percentile_year.min:90),2026-06-30,type=article|review; top10=cited_by_percentile_year.min:90; whole counting; recent-year citation window short
BEL,2020,50692,9120,,whole_multi,OpenAlex API works group_by=authorships.countries (type:article|review; cited_by_percentile_year.min:90),2026-06-30,type=article|review; top10=cited_by_percentile_year.min:90; whole counting; recent-year citation window short
BRA,2020,234339,46865,,whole_multi,OpenAlex API works group_by=authorships.countries (type:article|review; cited_by_percentile_year.min:90),2026-06-30,type=article|review; top10=cited_by_percentile_year.min:90; whole counting; recent-year citation window short
CAN,2020,148019,29896,,whole_multi,OpenAlex API works group_by=authorships.countries (type:article|review; cited_by_percentile_year.min:90),2026-06-30,type=article|review; top10=cited_by_percentile_year.min:90; whole counting; recent-year citation window short
CHE,2020,63407,11963,,whole_multi,OpenAlex API works group_by=authorships.countries (type:article|review; cited_by_percentile_year.min:90),2026-06-30,type=article|review; top10=cited_by_percentile_year.min:90; whole counting; recent-year citation window short
CHL,2020,26439,5692,,whole_multi,OpenAlex API works group_by=authorships.countries (type:article|review; cited_by_percentile_year.min:90),2026-06-30,type=article|review; top10=cited_by_percentile_year.min:90; whole counting; recent-year citation window short
COL,2020,30689,7012,,whole_multi,OpenAlex API works group_by=authorships.countries (type:article|review; cited_by_percentile_year.min:90),2026-06-30,type=article|review; top10=cited_by_percentile_year.min:90; whole counting; recent-year citation window short
CRI,2020,5609,1019,,whole_multi,OpenAlex API works group_by=authorships.countries (type:article|review; cited_by_percentile_year.min:90),2026-06-30,type=article|review; top10=cited_by_percentile_year.min:90; whole counting; recent-year citation window short
CZE,2020,33933,7109,,whole_multi,OpenAlex API works group_by=authorships.countries (type:article|review; cited_by_percentile_year.min:90),2026-06-30,type=article|review; top10=cited_by_percentile_year.min:90; whole counting; recent-year citation window short
DEU,2020,221207,42243,,whole_multi,OpenAlex API works group_by=authorships.countries (type:article|review; cited_by_percentile_year.min:90),2026-06-30,type=article|review; top10=cited_by_percentile_year.min:90; whole counting; recent-year citation window short
DNK,2020,40765,7426,,whole_multi,OpenAlex API works group_by=authorships.countries (type:article|review; cited_by_percentile_year.min:90),2026-06-30,type=article|review; top10=cited_by_percentile_year.min:90; whole counting; recent-year citation window short
ESP,2020,152014,30654,,whole_multi,OpenAlex API works group_by=authorships.countries (type:article|review; cited_by_percentile_year.min:90),2026-06-30,type=article|review; top10=cited_by_percentile_year.min:90; whole counting; recent-year citation window short
EST,2020,4724,1012,,whole_multi,OpenAlex API works group_by=authorships.countries (type:article|review; cited_by_percentile_year.min:90),2026-06-30,type=article|review; top10=cited_by_percentile_year.min:90; whole counting; recent-year citation window short
FIN,2020,27576,5384,,whole_multi,OpenAlex API works group_by=authorships.countries (type:article|review; cited_by_percentile_year.min:90),2026-06-30,type=article|review; top10=cited_by_percentile_year.min:90; whole counting; recent-year citation window short
FRA,2020,175677,31348,,whole_multi,OpenAlex API works group_by=authorships.countries (type:article|review; cited_by_percentile_year.min:90),2026-06-30,type=article|review; top10=cited_by_percentile_year.min:90; whole counting; recent-year citation window short
GBR,2020,278551,53779,,whole_multi,OpenAlex API works group_by=authorships.countries (type:article|review; cited_by_percentile_year.min:90),2026-06-30,type=article|review; top10=cited_by_percentile_year.min:90; whole counting; recent-year citation window short
GRC,2020,32654,5804,,whole_multi,OpenAlex API works group_by=authorships.countries (type:article|review; cited_by_percentile_year.min:90),2026-06-30,type=article|review; top10=cited_by_percentile_year.min:90; whole counting; recent-year citation window short
HKG,2020,28394,4969,,whole_multi,OpenAlex API works group_by=authorships.countries (type:article|review; cited_by_percentile_year.min:90),2026-06-30,type=article|review; top10=cited_by_percentile_year.min:90; whole counting; recent-year citation window short
HUN,2020,19975,4287,,whole_multi,OpenAlex API works group_by=authorships.countries (type:article|review; cited_by_percentile_year.min:90),2026-06-30,type=article|review; top10=cited_by_percentile_year.min:90; whole counting; recent-year citation window short
IDN,2020,273372,82188,,whole_multi,OpenAlex API works group_by=authorships.countries (type:article|review; cited_by_percentile_year.min:90),2026-06-30,type=article|review; top10=cited_by_percentile_year.min:90; whole counting; recent-year citation window short
IRL,2020,23518,4614,,whole_multi,OpenAlex API works group_by=authorships.countries (type:article|review; cited_by_percentile_year.min:90),2026-06-30,type=article|review; top10=cited_by_percentile_year.min:90; whole counting; recent-year citation window short
ISL,2020,2211,429,,whole_multi,OpenAlex API works group_by=authorships.countries (type:article|review; cited_by_percentile_year.min:90),2026-06-30,type=article|review; top10=cited_by_percentile_year.min:90; whole counting; recent-year citation window short
ISR,2020,29518,6291,,whole_multi,OpenAlex API works group_by=authorships.countries (type:article|review; cited_by_percentile_year.min:90),2026-06-30,type=article|review; top10=cited_by_percentile_year.min:90; whole counting; recent-year citation window short
ITA,2020,154708,30880,,whole_multi,OpenAlex API works group_by=authorships.countries (type:article|review; cited_by_percentile_year.min:90),2026-06-30,type=article|review; top10=cited_by_percentile_year.min:90; whole counting; recent-year citation window short
JPN,2020,175242,38212,,whole_multi,OpenAlex API works group_by=authorships.countries (type:article|review; cited_by_percentile_year.min:90),2026-06-30,type=article|review; top10=cited_by_percentile_year.min:90; whole counting; recent-year citation window short
KOR,2020,104995,22906,,whole_multi,OpenAlex API works group_by=authorships.countries (type:article|review; cited_by_percentile_year.min:90),2026-06-30,type=article|review; top10=cited_by_percentile_year.min:90; whole counting; recent-year citation window short
LTU,2020,6752,1408,,whole_multi,OpenAlex API works group_by=authorships.countries (type:article|review; cited_by_percentile_year.min:90),2026-06-30,type=article|review; top10=cited_by_percentile_year.min:90; whole counting; recent-year citation window short
LUX,2020,3630,618,,whole_multi,OpenAlex API works group_by=authorships.countries (type:article|review; cited_by_percentile_year.min:90),2026-06-30,type=article|review; top10=cited_by_percentile_year.min:90; whole counting; recent-year citation window short
LVA,2020,4424,943,,whole_multi,OpenAlex API works group_by=authorships.countries (type:article|review; cited_by_percentile_year.min:90),2026-06-30,type=article|review; top10=cited_by_percentile_year.min:90; whole counting; recent-year citation window short
MEX,2020,51600,11178,,whole_multi,OpenAlex API works group_by=authorships.countries (type:article|review; cited_by_percentile_year.min:90),2026-06-30,type=article|review; top10=cited_by_percentile_year.min:90; whole counting; recent-year citation window short
NLD,2020,80976,14980,,whole_multi,OpenAlex API works group_by=authorships.countries (type:article|review; cited_by_percentile_year.min:90),2026-06-30,type=article|review; top10=cited_by_percentile_year.min:90; whole counting; recent-year citation window short
NOR,2020,32620,6451,,whole_multi,OpenAlex API works group_by=authorships.countries (type:article|review; cited_by_percentile_year.min:90),2026-06-30,type=article|review; top10=cited_by_percentile_year.min:90; whole counting; recent-year citation window short
NZL,2020,20493,4246,,whole_multi,OpenAlex API works group_by=authorships.countries (type:article|review; cited_by_percentile_year.min:90),2026-06-30,type=article|review; top10=cited_by_percentile_year.min:90; whole counting; recent-year citation window short
PER,2020,13972,3201,,whole_multi,OpenAlex API works group_by=authorships.countries (type:article|review; cited_by_percentile_year.min:90),2026-06-30,type=article|review; top10=cited_by_percentile_year.min:90; whole counting; recent-year citation window short
POL,2020,81144,17711,,whole_multi,OpenAlex API works group_by=authorships.countries (type:article|review; cited_by_percentile_year.min:90),2026-06-30,type=article|review; top10=cited_by_percentile_year.min:90; whole counting; recent-year citation window short
PRT,2020,43383,8535,,whole_multi,OpenAlex API works group_by=authorships.countries (type:article|review; cited_by_percentile_year.min:90),2026-06-30,type=article|review; top10=cited_by_percentile_year.min:90; whole counting; recent-year citation window short
RUS,2020,183007,39239,,whole_multi,OpenAlex API works group_by=authorships.countries (type:article|review; cited_by_percentile_year.min:90),2026-06-30,type=article|review; top10=cited_by_percentile_year.min:90; whole counting; recent-year citation window short
SGP,2020,28230,5347,,whole_multi,OpenAlex API works group_by=authorships.countries (type:article|review; cited_by_percentile_year.min:90),2026-06-30,type=article|review; top10=cited_by_percentile_year.min:90; whole counting; recent-year citation window short
SVK,2020,12682,2844,,whole_multi,OpenAlex API works group_by=authorships.countries (type:article|review; cited_by_percentile_year.min:90),2026-06-30,type=article|review; top10=cited_by_percentile_year.min:90; whole counting; recent-year citation window short
SVN,2020,10235,1973,,whole_multi,OpenAlex API works group_by=authorships.countries (type:article|review; cited_by_percentile_year.min:90),2026-06-30,type=article|review; top10=cited_by_percentile_year.min:90; whole counting; recent-year citation window short
SWE,2020,52245,10217,,whole_multi,OpenAlex API works group_by=authorships.countries (type:article|review; cited_by_percentile_year.min:90),2026-06-30,type=article|review; top10=cited_by_percentile_year.min:90; whole counting; recent-year citation window short
TUR,2020,102369,26061,,whole_multi,OpenAlex API works group_by=authorships.countries (type:article|review; cited_by_percentile_year.min:90),2026-06-30,type=article|review; top10=cited_by_percentile_year.min:90; whole counting; recent-year citation window short
USA,2020,999413,193508,,whole_multi,OpenAlex API works group_by=authorships.countries (type:article|review; cited_by_percentile_year.min:90),2026-06-30,type=article|review; top10=cited_by_percentile_year.min:90; whole counting; recent-year citation window short
AUS,2021,134024,33462,,whole_multi,OpenAlex API works group_by=authorships.countries (type:article|review; cited_by_percentile_year.min:90),2026-06-30,type=article|review; top10=cited_by_percentile_year.min:90; whole counting; recent-year citation window short
AUT,2021,35790,8866,,whole_multi,OpenAlex API works group_by=authorships.countries (type:article|review; cited_by_percentile_year.min:90),2026-06-30,type=article|review; top10=cited_by_percentile_year.min:90; whole counting; recent-year citation window short
BEL,2021,50915,11862,,whole_multi,OpenAlex API works group_by=authorships.countries (type:article|review; cited_by_percentile_year.min:90),2026-06-30,type=article|review; top10=cited_by_percentile_year.min:90; whole counting; recent-year citation window short
BRA,2021,225080,58645,,whole_multi,OpenAlex API works group_by=authorships.countries (type:article|review; cited_by_percentile_year.min:90),2026-06-30,type=article|review; top10=cited_by_percentile_year.min:90; whole counting; recent-year citation window short
CAN,2021,151388,39721,,whole_multi,OpenAlex API works group_by=authorships.countries (type:article|review; cited_by_percentile_year.min:90),2026-06-30,type=article|review; top10=cited_by_percentile_year.min:90; whole counting; recent-year citation window short
CHE,2021,66149,15527,,whole_multi,OpenAlex API works group_by=authorships.countries (type:article|review; cited_by_percentile_year.min:90),2026-06-30,type=article|review; top10=cited_by_percentile_year.min:90; whole counting; recent-year citation window short
CHL,2021,27048,7426,,whole_multi,OpenAlex API works group_by=authorships.countries (type:article|review; cited_by_percentile_year.min:90),2026-06-30,type=article|review; top10=cited_by_percentile_year.min:90; whole counting; recent-year citation window short
COL,2021,31745,8993,,whole_multi,OpenAlex API works group_by=authorships.countries (type:article|review; cited_by_percentile_year.min:90),2026-06-30,type=article|review; top10=cited_by_percentile_year.min:90; whole counting; recent-year citation window short
CRI,2021,5371,1174,,whole_multi,OpenAlex API works group_by=authorships.countries (type:article|review; cited_by_percentile_year.min:90),2026-06-30,type=article|review; top10=cited_by_percentile_year.min:90; whole counting; recent-year citation window short
CZE,2021,34947,9612,,whole_multi,OpenAlex API works group_by=authorships.countries (type:article|review; cited_by_percentile_year.min:90),2026-06-30,type=article|review; top10=cited_by_percentile_year.min:90; whole counting; recent-year citation window short
DEU,2021,227468,56453,,whole_multi,OpenAlex API works group_by=authorships.countries (type:article|review; cited_by_percentile_year.min:90),2026-06-30,type=article|review; top10=cited_by_percentile_year.min:90; whole counting; recent-year citation window short
DNK,2021,41914,9583,,whole_multi,OpenAlex API works group_by=authorships.countries (type:article|review; cited_by_percentile_year.min:90),2026-06-30,type=article|review; top10=cited_by_percentile_year.min:90; whole counting; recent-year citation window short
ESP,2021,154963,39953,,whole_multi,OpenAlex API works group_by=authorships.countries (type:article|review; cited_by_percentile_year.min:90),2026-06-30,type=article|review; top10=cited_by_percentile_year.min:90; whole counting; recent-year citation window short
EST,2021,5061,1270,,whole_multi,OpenAlex API works group_by=authorships.countries (type:article|review; cited_by_percentile_year.min:90),2026-06-30,type=article|review; top10=cited_by_percentile_year.min:90; whole counting; recent-year citation window short
FIN,2021,28418,7238,,whole_multi,OpenAlex API works group_by=authorships.countries (type:article|review; cited_by_percentile_year.min:90),2026-06-30,type=article|review; top10=cited_by_percentile_year.min:90; whole counting; recent-year citation window short
FRA,2021,177488,39765,,whole_multi,OpenAlex API works group_by=authorships.countries (type:article|review; cited_by_percentile_year.min:90),2026-06-30,type=article|review; top10=cited_by_percentile_year.min:90; whole counting; recent-year citation window short
GBR,2021,285760,69418,,whole_multi,OpenAlex API works group_by=authorships.countries (type:article|review; cited_by_percentile_year.min:90),2026-06-30,type=article|review; top10=cited_by_percentile_year.min:90; whole counting; recent-year citation window short
GRC,2021,34998,8487,,whole_multi,OpenAlex API works group_by=authorships.countries (type:article|review; cited_by_percentile_year.min:90),2026-06-30,type=article|review; top10=cited_by_percentile_year.min:90; whole counting; recent-year citation window short
HKG,2021,31109,6949,,whole_multi,OpenAlex API works group_by=authorships.countries (type:article|review; cited_by_percentile_year.min:90),2026-06-30,type=article|review; top10=cited_by_percentile_year.min:90; whole counting; recent-year citation window short
HUN,2021,21267,5956,,whole_multi,OpenAlex API works group_by=authorships.countries (type:article|review; cited_by_percentile_year.min:90),2026-06-30,type=article|review; top10=cited_by_percentile_year.min:90; whole counting; recent-year citation window short
IDN,2021,326591,120796,,whole_multi,OpenAlex API works group_by=authorships.countries (type:article|review; cited_by_percentile_year.min:90),2026-06-30,type=article|review; top10=cited_by_percentile_year.min:90; whole counting; recent-year citation window short
IRL,2021,24904,6256,,whole_multi,OpenAlex API works group_by=authorships.countries (type:article|review; cited_by_percentile_year.min:90),2026-06-30,type=article|review; top10=cited_by_percentile_year.min:90; whole counting; recent-year citation window short
ISL,2021,2437,640,,whole_multi,OpenAlex API works group_by=authorships.countries (type:article|review; cited_by_percentile_year.min:90),2026-06-30,type=article|review; top10=cited_by_percentile_year.min:90; whole counting; recent-year citation window short
ISR,2021,30555,8747,,whole_multi,OpenAlex API works group_by=authorships.countries (type:article|review; cited_by_percentile_year.min:90),2026-06-30,type=article|review; top10=cited_by_percentile_year.min:90; whole counting; recent-year citation window short
ITA,2021,158772,40138,,whole_multi,OpenAlex API works group_by=authorships.countries (type:article|review; cited_by_percentile_year.min:90),2026-06-30,type=article|review; top10=cited_by_percentile_year.min:90; whole counting; recent-year citation window short
JPN,2021,173988,52207,,whole_multi,OpenAlex API works group_by=authorships.countries (type:article|review; cited_by_percentile_year.min:90),2026-06-30,type=article|review; top10=cited_by_percentile_year.min:90; whole counting; recent-year citation window short
KOR,2021,108671,32554,,whole_multi,OpenAlex API works group_by=authorships.countries (type:article|review; cited_by_percentile_year.min:90),2026-06-30,type=article|review; top10=cited_by_percentile_year.min:90; whole counting; recent-year citation window short
LTU,2021,6918,1796,,whole_multi,OpenAlex API works group_by=authorships.countries (type:article|review; cited_by_percentile_year.min:90),2026-06-30,type=article|review; top10=cited_by_percentile_year.min:90; whole counting; recent-year citation window short
LUX,2021,3811,784,,whole_multi,OpenAlex API works group_by=authorships.countries (type:article|review; cited_by_percentile_year.min:90),2026-06-30,type=article|review; top10=cited_by_percentile_year.min:90; whole counting; recent-year citation window short
LVA,2021,4880,1336,,whole_multi,OpenAlex API works group_by=authorships.countries (type:article|review; cited_by_percentile_year.min:90),2026-06-30,type=article|review; top10=cited_by_percentile_year.min:90; whole counting; recent-year citation window short
MEX,2021,52831,14955,,whole_multi,OpenAlex API works group_by=authorships.countries (type:article|review; cited_by_percentile_year.min:90),2026-06-30,type=article|review; top10=cited_by_percentile_year.min:90; whole counting; recent-year citation window short
NLD,2021,82742,19371,,whole_multi,OpenAlex API works group_by=authorships.countries (type:article|review; cited_by_percentile_year.min:90),2026-06-30,type=article|review; top10=cited_by_percentile_year.min:90; whole counting; recent-year citation window short
NOR,2021,33819,8667,,whole_multi,OpenAlex API works group_by=authorships.countries (type:article|review; cited_by_percentile_year.min:90),2026-06-30,type=article|review; top10=cited_by_percentile_year.min:90; whole counting; recent-year citation window short
NZL,2021,20831,5765,,whole_multi,OpenAlex API works group_by=authorships.countries (type:article|review; cited_by_percentile_year.min:90),2026-06-30,type=article|review; top10=cited_by_percentile_year.min:90; whole counting; recent-year citation window short
PER,2021,16935,4741,,whole_multi,OpenAlex API works group_by=authorships.countries (type:article|review; cited_by_percentile_year.min:90),2026-06-30,type=article|review; top10=cited_by_percentile_year.min:90; whole counting; recent-year citation window short
POL,2021,81286,22735,,whole_multi,OpenAlex API works group_by=authorships.countries (type:article|review; cited_by_percentile_year.min:90),2026-06-30,type=article|review; top10=cited_by_percentile_year.min:90; whole counting; recent-year citation window short
PRT,2021,47362,12051,,whole_multi,OpenAlex API works group_by=authorships.countries (type:article|review; cited_by_percentile_year.min:90),2026-06-30,type=article|review; top10=cited_by_percentile_year.min:90; whole counting; recent-year citation window short
RUS,2021,201376,53283,,whole_multi,OpenAlex API works group_by=authorships.countries (type:article|review; cited_by_percentile_year.min:90),2026-06-30,type=article|review; top10=cited_by_percentile_year.min:90; whole counting; recent-year citation window short
SGP,2021,28313,6628,,whole_multi,OpenAlex API works group_by=authorships.countries (type:article|review; cited_by_percentile_year.min:90),2026-06-30,type=article|review; top10=cited_by_percentile_year.min:90; whole counting; recent-year citation window short
SVK,2021,13280,3866,,whole_multi,OpenAlex API works group_by=authorships.countries (type:article|review; cited_by_percentile_year.min:90),2026-06-30,type=article|review; top10=cited_by_percentile_year.min:90; whole counting; recent-year citation window short
SVN,2021,10792,2858,,whole_multi,OpenAlex API works group_by=authorships.countries (type:article|review; cited_by_percentile_year.min:90),2026-06-30,type=article|review; top10=cited_by_percentile_year.min:90; whole counting; recent-year citation window short
SWE,2021,53685,13380,,whole_multi,OpenAlex API works group_by=authorships.countries (type:article|review; cited_by_percentile_year.min:90),2026-06-30,type=article|review; top10=cited_by_percentile_year.min:90; whole counting; recent-year citation window short
TUR,2021,119062,38845,,whole_multi,OpenAlex API works group_by=authorships.countries (type:article|review; cited_by_percentile_year.min:90),2026-06-30,type=article|review; top10=cited_by_percentile_year.min:90; whole counting; recent-year citation window short
USA,2021,941905,240566,,whole_multi,OpenAlex API works group_by=authorships.countries (type:article|review; cited_by_percentile_year.min:90),2026-06-30,type=article|review; top10=cited_by_percentile_year.min:90; whole counting; recent-year citation window short
AUS,2022,127086,45691,,whole_multi,OpenAlex API works group_by=authorships.countries (type:article|review; cited_by_percentile_year.min:90),2026-06-30,type=article|review; top10=cited_by_percentile_year.min:90; whole counting; recent-year citation window short
AUT,2022,34331,12109,,whole_multi,OpenAlex API works group_by=authorships.countries (type:article|review; cited_by_percentile_year.min:90),2026-06-30,type=article|review; top10=cited_by_percentile_year.min:90; whole counting; recent-year citation window short
BEL,2022,46348,16095,,whole_multi,OpenAlex API works group_by=authorships.countries (type:article|review; cited_by_percentile_year.min:90),2026-06-30,type=article|review; top10=cited_by_percentile_year.min:90; whole counting; recent-year citation window short
BRA,2022,193565,61871,,whole_multi,OpenAlex API works group_by=authorships.countries (type:article|review; cited_by_percentile_year.min:90),2026-06-30,type=article|review; top10=cited_by_percentile_year.min:90; whole counting; recent-year citation window short
CAN,2022,144698,52259,,whole_multi,OpenAlex API works group_by=authorships.countries (type:article|review; cited_by_percentile_year.min:90),2026-06-30,type=article|review; top10=cited_by_percentile_year.min:90; whole counting; recent-year citation window short
CHE,2022,63177,21319,,whole_multi,OpenAlex API works group_by=authorships.countries (type:article|review; cited_by_percentile_year.min:90),2026-06-30,type=article|review; top10=cited_by_percentile_year.min:90; whole counting; recent-year citation window short
CHL,2022,25085,8955,,whole_multi,OpenAlex API works group_by=authorships.countries (type:article|review; cited_by_percentile_year.min:90),2026-06-30,type=article|review; top10=cited_by_percentile_year.min:90; whole counting; recent-year citation window short
COL,2022,28484,9692,,whole_multi,OpenAlex API works group_by=authorships.countries (type:article|review; cited_by_percentile_year.min:90),2026-06-30,type=article|review; top10=cited_by_percentile_year.min:90; whole counting; recent-year citation window short
CRI,2022,4339,1414,,whole_multi,OpenAlex API works group_by=authorships.countries (type:article|review; cited_by_percentile_year.min:90),2026-06-30,type=article|review; top10=cited_by_percentile_year.min:90; whole counting; recent-year citation window short
CZE,2022,32996,11704,,whole_multi,OpenAlex API works group_by=authorships.countries (type:article|review; cited_by_percentile_year.min:90),2026-06-30,type=article|review; top10=cited_by_percentile_year.min:90; whole counting; recent-year citation window short
DEU,2022,214544,75441,,whole_multi,OpenAlex API works group_by=authorships.countries (type:article|review; cited_by_percentile_year.min:90),2026-06-30,type=article|review; top10=cited_by_percentile_year.min:90; whole counting; recent-year citation window short
DNK,2022,41242,13373,,whole_multi,OpenAlex API works group_by=authorships.countries (type:article|review; cited_by_percentile_year.min:90),2026-06-30,type=article|review; top10=cited_by_percentile_year.min:90; whole counting; recent-year citation window short
ESP,2022,146399,50563,,whole_multi,OpenAlex API works group_by=authorships.countries (type:article|review; cited_by_percentile_year.min:90),2026-06-30,type=article|review; top10=cited_by_percentile_year.min:90; whole counting; recent-year citation window short
EST,2022,4750,1726,,whole_multi,OpenAlex API works group_by=authorships.countries (type:article|review; cited_by_percentile_year.min:90),2026-06-30,type=article|review; top10=cited_by_percentile_year.min:90; whole counting; recent-year citation window short
FIN,2022,27464,10202,,whole_multi,OpenAlex API works group_by=authorships.countries (type:article|review; cited_by_percentile_year.min:90),2026-06-30,type=article|review; top10=cited_by_percentile_year.min:90; whole counting; recent-year citation window short
FRA,2022,172898,51206,,whole_multi,OpenAlex API works group_by=authorships.countries (type:article|review; cited_by_percentile_year.min:90),2026-06-30,type=article|review; top10=cited_by_percentile_year.min:90; whole counting; recent-year citation window short
GBR,2022,266693,91548,,whole_multi,OpenAlex API works group_by=authorships.countries (type:article|review; cited_by_percentile_year.min:90),2026-06-30,type=article|review; top10=cited_by_percentile_year.min:90; whole counting; recent-year citation window short
GRC,2022,30109,10658,,whole_multi,OpenAlex API works group_by=authorships.countries (type:article|review; cited_by_percentile_year.min:90),2026-06-30,type=article|review; top10=cited_by_percentile_year.min:90; whole counting; recent-year citation window short
HKG,2022,33826,11208,,whole_multi,OpenAlex API works group_by=authorships.countries (type:article|review; cited_by_percentile_year.min:90),2026-06-30,type=article|review; top10=cited_by_percentile_year.min:90; whole counting; recent-year citation window short
HUN,2022,22459,7706,,whole_multi,OpenAlex API works group_by=authorships.countries (type:article|review; cited_by_percentile_year.min:90),2026-06-30,type=article|review; top10=cited_by_percentile_year.min:90; whole counting; recent-year citation window short
IDN,2022,350310,133805,,whole_multi,OpenAlex API works group_by=authorships.countries (type:article|review; cited_by_percentile_year.min:90),2026-06-30,type=article|review; top10=cited_by_percentile_year.min:90; whole counting; recent-year citation window short
IRL,2022,23376,8020,,whole_multi,OpenAlex API works group_by=authorships.countries (type:article|review; cited_by_percentile_year.min:90),2026-06-30,type=article|review; top10=cited_by_percentile_year.min:90; whole counting; recent-year citation window short
ISL,2022,2427,898,,whole_multi,OpenAlex API works group_by=authorships.countries (type:article|review; cited_by_percentile_year.min:90),2026-06-30,type=article|review; top10=cited_by_percentile_year.min:90; whole counting; recent-year citation window short
ISR,2022,28937,11007,,whole_multi,OpenAlex API works group_by=authorships.countries (type:article|review; cited_by_percentile_year.min:90),2026-06-30,type=article|review; top10=cited_by_percentile_year.min:90; whole counting; recent-year citation window short
ITA,2022,153260,54980,,whole_multi,OpenAlex API works group_by=authorships.countries (type:article|review; cited_by_percentile_year.min:90),2026-06-30,type=article|review; top10=cited_by_percentile_year.min:90; whole counting; recent-year citation window short
JPN,2022,167157,63325,,whole_multi,OpenAlex API works group_by=authorships.countries (type:article|review; cited_by_percentile_year.min:90),2026-06-30,type=article|review; top10=cited_by_percentile_year.min:90; whole counting; recent-year citation window short
KOR,2022,110829,41588,,whole_multi,OpenAlex API works group_by=authorships.countries (type:article|review; cited_by_percentile_year.min:90),2026-06-30,type=article|review; top10=cited_by_percentile_year.min:90; whole counting; recent-year citation window short
LTU,2022,6910,2398,,whole_multi,OpenAlex API works group_by=authorships.countries (type:article|review; cited_by_percentile_year.min:90),2026-06-30,type=article|review; top10=cited_by_percentile_year.min:90; whole counting; recent-year citation window short
LUX,2022,3313,1125,,whole_multi,OpenAlex API works group_by=authorships.countries (type:article|review; cited_by_percentile_year.min:90),2026-06-30,type=article|review; top10=cited_by_percentile_year.min:90; whole counting; recent-year citation window short
LVA,2022,4723,1564,,whole_multi,OpenAlex API works group_by=authorships.countries (type:article|review; cited_by_percentile_year.min:90),2026-06-30,type=article|review; top10=cited_by_percentile_year.min:90; whole counting; recent-year citation window short
MEX,2022,52244,18109,,whole_multi,OpenAlex API works group_by=authorships.countries (type:article|review; cited_by_percentile_year.min:90),2026-06-30,type=article|review; top10=cited_by_percentile_year.min:90; whole counting; recent-year citation window short
NLD,2022,79714,27742,,whole_multi,OpenAlex API works group_by=authorships.countries (type:article|review; cited_by_percentile_year.min:90),2026-06-30,type=article|review; top10=cited_by_percentile_year.min:90; whole counting; recent-year citation window short
NOR,2022,32596,12007,,whole_multi,OpenAlex API works group_by=authorships.countries (type:article|review; cited_by_percentile_year.min:90),2026-06-30,type=article|review; top10=cited_by_percentile_year.min:90; whole counting; recent-year citation window short
NZL,2022,19921,7613,,whole_multi,OpenAlex API works group_by=authorships.countries (type:article|review; cited_by_percentile_year.min:90),2026-06-30,type=article|review; top10=cited_by_percentile_year.min:90; whole counting; recent-year citation window short
PER,2022,16698,5696,,whole_multi,OpenAlex API works group_by=authorships.countries (type:article|review; cited_by_percentile_year.min:90),2026-06-30,type=article|review; top10=cited_by_percentile_year.min:90; whole counting; recent-year citation window short
POL,2022,75339,26306,,whole_multi,OpenAlex API works group_by=authorships.countries (type:article|review; cited_by_percentile_year.min:90),2026-06-30,type=article|review; top10=cited_by_percentile_year.min:90; whole counting; recent-year citation window short
PRT,2022,45269,15686,,whole_multi,OpenAlex API works group_by=authorships.countries (type:article|review; cited_by_percentile_year.min:90),2026-06-30,type=article|review; top10=cited_by_percentile_year.min:90; whole counting; recent-year citation window short
RUS,2022,176149,52580,,whole_multi,OpenAlex API works group_by=authorships.countries (type:article|review; cited_by_percentile_year.min:90),2026-06-30,type=article|review; top10=cited_by_percentile_year.min:90; whole counting; recent-year citation window short
SGP,2022,27998,9459,,whole_multi,OpenAlex API works group_by=authorships.countries (type:article|review; cited_by_percentile_year.min:90),2026-06-30,type=article|review; top10=cited_by_percentile_year.min:90; whole counting; recent-year citation window short
SVK,2022,11585,4204,,whole_multi,OpenAlex API works group_by=authorships.countries (type:article|review; cited_by_percentile_year.min:90),2026-06-30,type=article|review; top10=cited_by_percentile_year.min:90; whole counting; recent-year citation window short
SVN,2022,10058,3507,,whole_multi,OpenAlex API works group_by=authorships.countries (type:article|review; cited_by_percentile_year.min:90),2026-06-30,type=article|review; top10=cited_by_percentile_year.min:90; whole counting; recent-year citation window short
SWE,2022,51185,18918,,whole_multi,OpenAlex API works group_by=authorships.countries (type:article|review; cited_by_percentile_year.min:90),2026-06-30,type=article|review; top10=cited_by_percentile_year.min:90; whole counting; recent-year citation window short
TUR,2022,127104,43724,,whole_multi,OpenAlex API works group_by=authorships.countries (type:article|review; cited_by_percentile_year.min:90),2026-06-30,type=article|review; top10=cited_by_percentile_year.min:90; whole counting; recent-year citation window short
USA,2022,905716,307571,,whole_multi,OpenAlex API works group_by=authorships.countries (type:article|review; cited_by_percentile_year.min:90),2026-06-30,type=article|review; top10=cited_by_percentile_year.min:90; whole counting; recent-year citation window short
AUS,2023,123257,36367,,whole_multi,OpenAlex API works group_by=authorships.countries (type:article|review; cited_by_percentile_year.min:90),2026-06-30,type=article|review; top10=cited_by_percentile_year.min:90; whole counting; recent-year citation window short
AUT,2023,34500,10273,,whole_multi,OpenAlex API works group_by=authorships.countries (type:article|review; cited_by_percentile_year.min:90),2026-06-30,type=article|review; top10=cited_by_percentile_year.min:90; whole counting; recent-year citation window short
BEL,2023,49793,13361,,whole_multi,OpenAlex API works group_by=authorships.countries (type:article|review; cited_by_percentile_year.min:90),2026-06-30,type=article|review; top10=cited_by_percentile_year.min:90; whole counting; recent-year citation window short
BRA,2023,210779,45095,,whole_multi,OpenAlex API works group_by=authorships.countries (type:article|review; cited_by_percentile_year.min:90),2026-06-30,type=article|review; top10=cited_by_percentile_year.min:90; whole counting; recent-year citation window short
CAN,2023,145125,42109,,whole_multi,OpenAlex API works group_by=authorships.countries (type:article|review; cited_by_percentile_year.min:90),2026-06-30,type=article|review; top10=cited_by_percentile_year.min:90; whole counting; recent-year citation window short
CHE,2023,63031,17915,,whole_multi,OpenAlex API works group_by=authorships.countries (type:article|review; cited_by_percentile_year.min:90),2026-06-30,type=article|review; top10=cited_by_percentile_year.min:90; whole counting; recent-year citation window short
CHL,2023,26443,7150,,whole_multi,OpenAlex API works group_by=authorships.countries (type:article|review; cited_by_percentile_year.min:90),2026-06-30,type=article|review; top10=cited_by_percentile_year.min:90; whole counting; recent-year citation window short
COL,2023,29906,7324,,whole_multi,OpenAlex API works group_by=authorships.countries (type:article|review; cited_by_percentile_year.min:90),2026-06-30,type=article|review; top10=cited_by_percentile_year.min:90; whole counting; recent-year citation window short
CRI,2023,4416,1037,,whole_multi,OpenAlex API works group_by=authorships.countries (type:article|review; cited_by_percentile_year.min:90),2026-06-30,type=article|review; top10=cited_by_percentile_year.min:90; whole counting; recent-year citation window short
CZE,2023,33596,9357,,whole_multi,OpenAlex API works group_by=authorships.countries (type:article|review; cited_by_percentile_year.min:90),2026-06-30,type=article|review; top10=cited_by_percentile_year.min:90; whole counting; recent-year citation window short
DEU,2023,213858,61534,,whole_multi,OpenAlex API works group_by=authorships.countries (type:article|review; cited_by_percentile_year.min:90),2026-06-30,type=article|review; top10=cited_by_percentile_year.min:90; whole counting; recent-year citation window short
DNK,2023,42000,11261,,whole_multi,OpenAlex API works group_by=authorships.countries (type:article|review; cited_by_percentile_year.min:90),2026-06-30,type=article|review; top10=cited_by_percentile_year.min:90; whole counting; recent-year citation window short
ESP,2023,151984,40539,,whole_multi,OpenAlex API works group_by=authorships.countries (type:article|review; cited_by_percentile_year.min:90),2026-06-30,type=article|review; top10=cited_by_percentile_year.min:90; whole counting; recent-year citation window short
EST,2023,4892,1381,,whole_multi,OpenAlex API works group_by=authorships.countries (type:article|review; cited_by_percentile_year.min:90),2026-06-30,type=article|review; top10=cited_by_percentile_year.min:90; whole counting; recent-year citation window short
FIN,2023,26947,8057,,whole_multi,OpenAlex API works group_by=authorships.countries (type:article|review; cited_by_percentile_year.min:90),2026-06-30,type=article|review; top10=cited_by_percentile_year.min:90; whole counting; recent-year citation window short
FRA,2023,181004,40009,,whole_multi,OpenAlex API works group_by=authorships.countries (type:article|review; cited_by_percentile_year.min:90),2026-06-30,type=article|review; top10=cited_by_percentile_year.min:90; whole counting; recent-year citation window short
GBR,2023,271299,74894,,whole_multi,OpenAlex API works group_by=authorships.countries (type:article|review; cited_by_percentile_year.min:90),2026-06-30,type=article|review; top10=cited_by_percentile_year.min:90; whole counting; recent-year citation window short
GRC,2023,30394,8600,,whole_multi,OpenAlex API works group_by=authorships.countries (type:article|review; cited_by_percentile_year.min:90),2026-06-30,type=article|review; top10=cited_by_percentile_year.min:90; whole counting; recent-year citation window short
HKG,2023,37191,10073,,whole_multi,OpenAlex API works group_by=authorships.countries (type:article|review; cited_by_percentile_year.min:90),2026-06-30,type=article|review; top10=cited_by_percentile_year.min:90; whole counting; recent-year citation window short
HUN,2023,23233,6214,,whole_multi,OpenAlex API works group_by=authorships.countries (type:article|review; cited_by_percentile_year.min:90),2026-06-30,type=article|review; top10=cited_by_percentile_year.min:90; whole counting; recent-year citation window short
IDN,2023,430528,105212,,whole_multi,OpenAlex API works group_by=authorships.countries (type:article|review; cited_by_percentile_year.min:90),2026-06-30,type=article|review; top10=cited_by_percentile_year.min:90; whole counting; recent-year citation window short
IRL,2023,24427,6612,,whole_multi,OpenAlex API works group_by=authorships.countries (type:article|review; cited_by_percentile_year.min:90),2026-06-30,type=article|review; top10=cited_by_percentile_year.min:90; whole counting; recent-year citation window short
ISL,2023,2601,756,,whole_multi,OpenAlex API works group_by=authorships.countries (type:article|review; cited_by_percentile_year.min:90),2026-06-30,type=article|review; top10=cited_by_percentile_year.min:90; whole counting; recent-year citation window short
ISR,2023,29218,8789,,whole_multi,OpenAlex API works group_by=authorships.countries (type:article|review; cited_by_percentile_year.min:90),2026-06-30,type=article|review; top10=cited_by_percentile_year.min:90; whole counting; recent-year citation window short
ITA,2023,153909,44668,,whole_multi,OpenAlex API works group_by=authorships.countries (type:article|review; cited_by_percentile_year.min:90),2026-06-30,type=article|review; top10=cited_by_percentile_year.min:90; whole counting; recent-year citation window short
JPN,2023,164392,47222,,whole_multi,OpenAlex API works group_by=authorships.countries (type:article|review; cited_by_percentile_year.min:90),2026-06-30,type=article|review; top10=cited_by_percentile_year.min:90; whole counting; recent-year citation window short
KOR,2023,111976,32408,,whole_multi,OpenAlex API works group_by=authorships.countries (type:article|review; cited_by_percentile_year.min:90),2026-06-30,type=article|review; top10=cited_by_percentile_year.min:90; whole counting; recent-year citation window short
LTU,2023,6963,1913,,whole_multi,OpenAlex API works group_by=authorships.countries (type:article|review; cited_by_percentile_year.min:90),2026-06-30,type=article|review; top10=cited_by_percentile_year.min:90; whole counting; recent-year citation window short
LUX,2023,3718,930,,whole_multi,OpenAlex API works group_by=authorships.countries (type:article|review; cited_by_percentile_year.min:90),2026-06-30,type=article|review; top10=cited_by_percentile_year.min:90; whole counting; recent-year citation window short
LVA,2023,5009,1285,,whole_multi,OpenAlex API works group_by=authorships.countries (type:article|review; cited_by_percentile_year.min:90),2026-06-30,type=article|review; top10=cited_by_percentile_year.min:90; whole counting; recent-year citation window short
MEX,2023,54497,14103,,whole_multi,OpenAlex API works group_by=authorships.countries (type:article|review; cited_by_percentile_year.min:90),2026-06-30,type=article|review; top10=cited_by_percentile_year.min:90; whole counting; recent-year citation window short
NLD,2023,79772,23347,,whole_multi,OpenAlex API works group_by=authorships.countries (type:article|review; cited_by_percentile_year.min:90),2026-06-30,type=article|review; top10=cited_by_percentile_year.min:90; whole counting; recent-year citation window short
NOR,2023,34406,10219,,whole_multi,OpenAlex API works group_by=authorships.countries (type:article|review; cited_by_percentile_year.min:90),2026-06-30,type=article|review; top10=cited_by_percentile_year.min:90; whole counting; recent-year citation window short
NZL,2023,19013,5781,,whole_multi,OpenAlex API works group_by=authorships.countries (type:article|review; cited_by_percentile_year.min:90),2026-06-30,type=article|review; top10=cited_by_percentile_year.min:90; whole counting; recent-year citation window short
PER,2023,17964,4249,,whole_multi,OpenAlex API works group_by=authorships.countries (type:article|review; cited_by_percentile_year.min:90),2026-06-30,type=article|review; top10=cited_by_percentile_year.min:90; whole counting; recent-year citation window short
POL,2023,78432,20279,,whole_multi,OpenAlex API works group_by=authorships.countries (type:article|review; cited_by_percentile_year.min:90),2026-06-30,type=article|review; top10=cited_by_percentile_year.min:90; whole counting; recent-year citation window short
PRT,2023,46980,12395,,whole_multi,OpenAlex API works group_by=authorships.countries (type:article|review; cited_by_percentile_year.min:90),2026-06-30,type=article|review; top10=cited_by_percentile_year.min:90; whole counting; recent-year citation window short
RUS,2023,160813,38699,,whole_multi,OpenAlex API works group_by=authorships.countries (type:article|review; cited_by_percentile_year.min:90),2026-06-30,type=article|review; top10=cited_by_percentile_year.min:90; whole counting; recent-year citation window short
SGP,2023,29105,8148,,whole_multi,OpenAlex API works group_by=authorships.countries (type:article|review; cited_by_percentile_year.min:90),2026-06-30,type=article|review; top10=cited_by_percentile_year.min:90; whole counting; recent-year citation window short
SVK,2023,12276,3345,,whole_multi,OpenAlex API works group_by=authorships.countries (type:article|review; cited_by_percentile_year.min:90),2026-06-30,type=article|review; top10=cited_by_percentile_year.min:90; whole counting; recent-year citation window short
SVN,2023,9958,2741,,whole_multi,OpenAlex API works group_by=authorships.countries (type:article|review; cited_by_percentile_year.min:90),2026-06-30,type=article|review; top10=cited_by_percentile_year.min:90; whole counting; recent-year citation window short
SWE,2023,52072,15863,,whole_multi,OpenAlex API works group_by=authorships.countries (type:article|review; cited_by_percentile_year.min:90),2026-06-30,type=article|review; top10=cited_by_percentile_year.min:90; whole counting; recent-year citation window short
TUR,2023,130609,32866,,whole_multi,OpenAlex API works group_by=authorships.countries (type:article|review; cited_by_percentile_year.min:90),2026-06-30,type=article|review; top10=cited_by_percentile_year.min:90; whole counting; recent-year citation window short
USA,2023,981687,246423,,whole_multi,OpenAlex API works group_by=authorships.countries (type:article|review; cited_by_percentile_year.min:90),2026-06-30,type=article|review; top10=cited_by_percentile_year.min:90; whole counting; recent-year citation window short
