country,year,sci_literacy,self_efficacy,sci_trust,tech_acceptance,avg_proj_duration,admin_burden_ratio,researcher_retire_age,relative_salary,rd_budget_per_researcher,innovation_score,competitiveness,rd_gdp_pct,researchers_per_m,patent_apps,journal_articles,gdp_per_capita,gov_edu_exp_pct,internet_users_pct,hi_tech_export_pct,tertiary_enroll,mobile_subs_per100,secure_servers_per_m,youth_unemp_pct,tertiary_attainment,population,articles_per_m_log,patents_per_m_log,pisa_math,pisa_reading,country_name,sci_literacy_lag3,sci_literacy_lag5,sci_literacy_lag7,sci_trust_lag3,sci_trust_lag5,sci_trust_lag7,tech_acceptance_lag3,tech_acceptance_lag5,tech_acceptance_lag7,pisa_math_lag3,pisa_math_lag5,pisa_math_lag7,pisa_reading_lag3,pisa_reading_lag5,pisa_reading_lag7,tertiary_enroll_lag3,tertiary_enroll_lag5,tertiary_enroll_lag7,tertiary_attainment_lag3,tertiary_attainment_lag5,tertiary_attainment_lag7,hi_tech_export_pct_lag3,hi_tech_export_pct_lag5,hi_tech_export_pct_lag7,rd_budget_per_researcher_lag3,rd_budget_per_researcher_lag5,rd_budget_per_researcher_lag7,relative_salary_lag3,relative_salary_lag5,relative_salary_lag7,youth_unemp_pct_lag3,youth_unemp_pct_lag5,youth_unemp_pct_lag7,idx_sci_culture,idx_hard_rd,idx_structure,idx_economic,pct_applications_origin,total_publications,top10_cited_publications,pct__raw,pct__per_million,pct__log1p_per_million,pct__per_researcher,pct__log1p_raw,pct__log_raw,log_pop,openalex_top10__raw,openalex_top10__per_million,openalex_top10__log1p_per_million,openalex_top10__per_researcher,openalex_top10__log1p_raw,openalex_top10__log_raw,openalex_total__raw,openalex_total__per_million,openalex_total__log1p_per_million,openalex_total__per_researcher,openalex_total__log1p_raw,openalex_total__log_raw
AUS,2012,521.0,0.6255606139512243,0.7532352837067715,0.7252246989881479,1.253837034460784,0.2543426045676839,55.0,1.0321664141764384,,51.9,0.6185300501475627,2.17733,,2627.0,46728.07,68301.4402512587,5.38625001907349,79.0,17.2855553325245,119.679389953613,106.499711805776,3187.89942492269,11.728,29.0356309258349,22733465.0,7.62874865303287,4.758376266723163,504.0,512.0,Australia,,,,,,,,,,,,,,,,,,,,,,,,,,,,,,,,,,0.7559316114563599,0.2345783016141114,0.3667927007805347,0.137697600689797,1614.0917,87961,33326,1614.0917,71.00068995201568,4.276675701637026,,7.387147014230582,7.386527662581514,16.939348625917663,33326,1465.9445887373527,7.290937005607763,,10.414123158249833,10.41409315209857,87961,3869.2297896515115,8.261069161432006,,11.384660182018205,11.384648813408075
AUS,2013,517.3333333333334,0.6497848241393607,0.7501442315168307,0.7195713102178318,1.2121368604233336,0.2783022994002845,55.0,1.1074788992314233,,53.07,0.6465855126991263,2.17733,,3061.0,50921.2,68476.6788496118,5.38625001907349,83.453497167,18.0075143774834,119.679389953613,107.332200908321,3505.12572806905,12.22,26.7437896728516,23128129.0,7.697439127804435,4.892974697835266,500.6666666666667,509.0,Australia,,,,,,,,,,,,,,,,,,,,,,,,,,,,,,,,,,0.7347167509971755,0.2374985286571947,0.3810169624373716,0.1567401192405662,1508.3429,96341,37137,1508.3429,65.21681455512463,4.192934426992339,,7.319429669534045,7.318766909987239,16.956560140317556,37137,1605.707059139976,7.381942058604071,,10.522395983160541,10.52236905619992,96341,4165.53366681758,8.33483971414905,,11.47565963977774,11.475649260034846
AUS,2014,513.6666666666666,0.639590186845041,0.74705317932689,0.7139179214475156,1.2953679098034976,0.2852550613021001,55.0,1.0772239063918911,,55.01,0.6513999336794353,2.04851,,1988.0,52854.67,62817.2061751737,5.38625001907349,84.0,18.9961304703814,119.679389953613,106.206237340596,3938.58564985066,13.311,28.6151294708252,23475686.0,7.719780160213816,4.450658656575331,497.3333333333333,506.0,Australia,,,,,,,,,,,,,,,,,,,,,,,,,,,,,,,,,,0.7299045561331522,0.2217494032257126,0.3818413664566639,0.1629726105710893,1632.9445,101518,39913,1632.9445,69.55896837263883,4.256448791022477,,7.398752309114825,7.398140105865047,16.97147580520884,39913,1700.184608023808,7.439080115621529,,10.59448241852793,10.594457364348266,101518,4324.3890721659845,8.372257374202231,,11.528001252063948,11.527991401642595
AUS,2015,510.0,0.6160541507423353,0.7439621271369492,0.7082645326771995,1.3966932338757811,0.2907244466271856,55.0,1.1044997647491075,,55.22,0.6781837515048088,1.91969,,2291.0,54235.21,56970.3613028094,5.38625001907349,84.5605149091408,19.6921472541598,119.679389953613,107.608142007003,4574.11080242501,13.11,29.7797794342041,23815995.0,7.731167221580917,4.576728065789476,494.0,503.0,Australia,521.0,,,0.7532352837067715,,,0.7252246989881479,,,504.0,,,512.0,,,119.679389953613,,,29.0356309258349,,,17.2855553325245,,,,,,1.0321664141764384,,,11.728,,,0.7223080487699904,0.206516621235558,0.3855170371988599,0.1696188149493761,1637.3381,107318,41264,1637.3381,68.74951476938082,4.244910463965891,,7.401437653369759,7.400827092392416,16.98586797173483,41264,1732.6170920005652,7.457965309426296,,10.627769962026784,10.627745728121125,107318,4506.1312785797945,8.41341614997441,,11.583560986568456,11.583551668510525
AUS,2016,507.6666666666667,0.64361501568165,0.7408710749470084,0.7026111439068834,1.13342662702165,0.2902245315958571,55.0,1.1312298663562363,,53.07,0.6717022249182916,1.900355,,2620.0,55173.81,50084.4440606385,5.38625001907349,86.54000092,20.6275044745549,119.682777404785,109.128813718295,9810.21505311893,12.642,30.0298099517822,24190907.0,7.732705197404895,4.694143583471197,493.0,503.0,Australia,517.3333333333334,,,0.7501442315168307,,,0.7195713102178318,,,500.6666666666667,,,509.0,,,119.679389953613,,,26.7437896728516,,,18.0075143774834,,,,,,1.1074788992314233,,,12.22,,,0.7160994871951278,0.1934502401395047,0.3976287144932827,0.1756819641390904,1737.6667,108581,40511,1737.6667,71.83139929395786,4.288147171198595,,7.460873834110158,7.460298515282808,17.001487376715872,40511,1674.637499123121,7.423948968342109,,10.609353505503847,10.609328821154959,108581,4488.504709641519,8.409497664995065,,11.595260926888256,11.595251717216259
AUS,2017,505.3333333333333,0.6200623479834201,0.7377800227570677,0.6969577551365673,1.3540493175464048,0.2888669447039985,55.0,1.137861247041198,,51.83,0.6661374211829902,1.88102,,2503.0,55219.84,54117.547718609,5.38625001907349,86.5450488476768,18.0967924595604,109.993309020996,107.799761578952,21552.9166755447,12.592,31.3911895751953,24592588.0,7.717077749939492,4.632577485743885,492.0,503.0,Australia,513.6666666666666,521.0,,0.74705317932689,0.7532352837067715,,0.7139179214475156,0.7252246989881479,,497.3333333333333,504.0,,506.0,512.0,,119.679389953613,119.679389953613,,28.6151294708252,29.0356309258349,,18.9961304703814,17.2855553325245,,,,,1.0772239063918911,1.0321664141764384,,13.311,11.728,,0.7048672671856198,0.2002643127674082,0.406847517923781,0.1645220238262967,1774.9944,111581,39420,1774.9944,72.17599058708258,4.292867369720112,,7.482115770393991,7.481552546974962,17.017955654689374,39420,1602.9219860878409,7.380207150141294,,10.58205394821854,10.58202858070671,111581,4537.180064172181,8.420281343744342,,11.622515025598084,11.622506063538962
AUS,2018,503.0,0.6598090060261455,0.7346889705671269,0.6913043663662511,1.3814441018560806,0.2630254985550312,55.0,1.1546154043589116,,51.98,0.6922660578243913,1.85464,,2757.0,56691.37,57410.1737346009,5.38625001907349,90.0082016,18.1371018191307,103.322090148926,110.033134941946,32929.1953798659,11.935,31.7493305206299,24963258.0,7.728412448918986,4.713507101521651,491.0,503.0,Australia,510.0,517.3333333333334,,0.7439621271369492,0.7501442315168307,,0.7082645326771995,0.7195713102178318,,494.0,500.6666666666667,,503.0,509.0,,119.679389953613,119.679389953613,,29.7797794342041,26.7437896728516,,19.6921472541598,18.0075143774834,,,,,1.1044997647491075,1.1074788992314233,,13.11,12.22,,0.6926101256610535,0.2064613724838714,0.4295904626174379,0.1635291665275725,1766.4694,114298,37511,1766.4694,70.76277463462502,4.273365882479988,,7.477304085032461,7.476738144260261,17.032915621793506,37511,1502.6484123186165,7.315649708776517,,10.532416160769422,10.532389502278024,114298,4578.649149081422,8.429377669169861,,11.646573100838243,11.646564351817041
AUS,2019,504.0,0.644241481780275,0.7346889705671269,0.6913043663662511,1.406168322763499,0.2577529641467087,55.0,1.1320605806196231,,50.34,0.643224738913543,1.82826,,2637.0,58770.26,55194.7585097428,5.38625001907349,93.60990143,21.2199332352628,109.759559631348,109.752830879788,36763.583850941,11.452,33.0947799682617,25334826.0,7.749642242219984,4.65477879997512,490.0,501.75,Australia,507.6666666666667,513.6666666666666,521.0,0.7408710749470084,0.74705317932689,0.7532352837067715,0.7026111439068834,0.7139179214475156,0.7252246989881479,493.0,497.3333333333333,504.0,503.0,506.0,512.0,119.682777404785,119.679389953613,119.679389953613,30.0298099517822,28.6151294708252,29.0356309258349,20.6275044745549,18.9961304703814,17.2855553325245,,,,1.1312298663562363,1.0772239063918911,1.0321664141764384,12.642,13.311,11.728,0.7032996703226988,0.2022059641030844,0.4433280976416949,0.1713877437407962,1724.2131,123112,33855,1724.2131,68.05703342900401,4.234932734610059,,7.453105858067373,7.452526051473444,17.04769052889935,33855,1336.3028425772493,7.198410060485741,,10.429871515217972,10.429841977919745,123112,4859.3978896875,8.488875583849419,,11.720857911795733,11.720849789143688
AUS,2020,505.0,0.6445427527290948,0.7346889705671269,0.6913043663662511,1.5107286623159977,0.2811595176251431,55.0,1.127068067518234,,48.35,0.658204969345005,1.843045,,2368.0,58870.89,51983.4523666382,5.38625001907349,94.6934967,21.4757898705835,110.139221191406,104.930155780087,39862.7281392421,14.142,35.0234107971191,25649248.0,7.739023358064561,4.536060108986595,489.0,500.5,Australia,505.3333333333333,510.0,517.3333333333334,0.7377800227570677,0.7439621271369492,0.7501442315168307,0.6969577551365673,0.7082645326771995,0.7195713102178318,492.0,494.0,500.6666666666667,503.0,503.0,509.0,109.993309020996,119.679389953613,119.679389953613,31.3911895751953,29.7797794342041,26.7437896728516,18.0967924595604,19.6921472541598,18.0075143774834,,,,1.137861247041198,1.1044997647491075,1.1074788992314233,12.592,13.11,12.22,0.7104106932674916,0.1965221977144707,0.4442890037158932,0.1881157502768757,1684.95,131020,25322,1684.95,65.69198441997209,4.200084772086539,,7.4300844821315435,7.429491168755688,17.06002481141249,25322,987.241419319584,6.895927019436933,,10.13946835265183,10.139428862080198,131020,5108.141961900793,8.538786755576346,,11.783112894679272,11.783105262285867
AUS,2021,506.0,0.6376214091119212,0.7346889705671269,0.6913043663662511,1.8262411966851593,0.2571739135023677,55.0,1.1488112715637442,,48.3,0.6564684811718895,1.85783,,2966.0,61975.95,60758.9044397144,5.34109020233154,96.97219849,22.3940766008599,112.688293457031,105.118514623956,46481.5592601746,11.134,35.9570999145508,25685412.0,7.788992837011106,4.757668986237179,488.0,499.25,Australia,503.0,507.6666666666667,513.6666666666666,0.7346889705671269,0.7408710749470084,0.74705317932689,0.6913043663662511,0.7026111439068834,0.7139179214475156,491.0,493.0,497.3333333333333,503.0,503.0,506.0,103.322090148926,119.682777404785,119.679389953613,31.7493305206299,30.0298099517822,28.6151294708252,18.1371018191307,20.6275044745549,18.9961304703814,,,,1.1546154043589116,1.1312298663562363,1.0772239063918911,11.935,12.642,13.311,0.7157060902284595,0.2159209088521582,0.4556779545045333,0.1778177759872303,1733.7762,134024,33462,1733.7762,67.5004239760686,4.226839934680684,,7.4586336927063925,7.4580570832668425,17.061433762245418,33462,1302.7628289552063,7.173009846308913,,10.41819562981634,10.418165745617609,134024,5217.903454303167,8.560042592584237,,11.805781628695739,11.805774167373368
AUS,2022,507.0,0.6786908267734807,0.7346889705671269,0.6913043663662511,1.5221253326460134,0.2324862735332415,55.0,1.0925066226416789,,47.1,0.6712038039368847,1.85783,,2966.0,62305.03,65169.5191118657,5.05915021896362,96.11940002,25.8318704116272,106.240760803223,109.469171081514,48266.9382557275,8.468,36.8401489257812,26018721.0,7.781398637582474,,487.0,498.0,Australia,504.0,505.3333333333333,510.0,0.7346889705671269,0.7377800227570677,0.7439621271369492,0.6913043663662511,0.6969577551365673,0.7082645326771995,490.0,492.0,494.0,501.75,503.0,503.0,109.759559631348,109.993309020996,119.679389953613,33.0947799682617,31.3911895751953,29.7797794342041,21.2199332352628,18.0967924595604,19.6921472541598,,,,1.1320605806196231,1.137861247041198,1.1044997647491075,11.452,12.592,13.11,0.7120750460629678,0.2244690357721198,0.4501767231673483,0.1684191926675325,1718.0066,127086,45691,1718.0066,66.02963304768132,4.205134805905849,,7.449501844817014,7.4489199442131895,17.07432687534397,45691,1756.0817074751676,7.471409591075751,,10.729678506853837,10.729656620945079,127086,4884.40611665731,8.49400769646806,,11.75262717027844,11.752619301622053
AUS,2023,507.0,0.654149410358624,0.7346889705671269,0.6913043663662511,1.847241753188722,0.2323342557199303,55.0,1.1101155011030766,,49.7,0.6554662770488738,1.85783,,2966.0,62305.03,65058.3773146674,5.05915021896362,96.1160965,25.2582777120781,104.64835357666,112.513177133796,47565.8931035132,8.388,35.7648347818291,26659922.0,,,487.0,498.0,Australia,505.0,503.0,507.6666666666667,0.7346889705671269,0.7346889705671269,0.7408710749470084,0.6913043663662511,0.6913043663662511,0.7026111439068834,489.0,491.0,493.0,500.5,503.0,503.0,110.139221191406,103.322090148926,119.682777404785,35.0234107971191,31.7493305206299,30.0298099517822,21.4757898705835,18.1371018191307,20.6275044745549,,,,1.127068067518234,1.1546154043589116,1.1312298663562363,14.142,11.935,12.642,0.7062937043222836,0.2242580245535794,0.4526996147835874,0.1681746541364898,1481.1548,123257,36367,1481.1548,55.55735684447989,4.035255288609501,,7.3012522538424465,7.300577332775839,17.098671946979124,36367,1364.1075168937102,7.218988471472206,,10.501444546092324,10.501417049013888,123257,4623.306849885007,8.439081768419717,,11.722034998520567,11.722026885424
AUT,2012,506.0,0.5892611780937934,0.5757882356441866,0.5840008630702572,2.275900261256024,0.1498362535772802,55.0,1.3610965440003515,299849.27598500607,53.1,0.7032739528881118,2.93372,4720.81116,2258.0,12181.72,48250.4059142637,5.51612997055054,80.0299939169903,14.5446789024689,79.5471267700195,161.155633431895,1613.40623020831,9.561,11.8733901977539,8429991.0,7.276587822431943,5.594165476911556,506.0,490.0,Austria,,,,,,,,,,,,,,,,,,,,,,,,,,,,,,,,,,0.4509592341778498,0.2654358423414523,0.4294233044622726,0.2557505301815279,1333.5952,22635,8254,1333.5952,158.19651527504598,5.070139384194873,0.0335104518934085,7.196383303879792,7.195633732149963,15.94730626236181,8254,979.1232280081913,6.887678306625148,0.20740571796313734,9.018574356354229,9.018453210312527,22635,2685.0562473910118,7.895829317813668,0.5687701025073435,10.027296838262414,10.02725265987006
AUT,2013,502.3333333333333,0.6002128547964063,0.6033621853306917,0.5934771242159369,2.162907375204578,0.183728885844844,55.0,1.3877203837174177,313472.4907413455,51.87,0.6529628584314352,2.97993,4782.1241,2162.0,12414.79,50305.3545774973,5.59404993057251,80.6188,15.3690648693427,80.9616012573242,156.483488704585,1857.46801554702,9.767,11.8733901977539,8479823.0,7.289637014666282,5.545013961737231,503.0,488.3333333333333,Austria,,,,,,,,,,,,,,,,,,,,,,,,,,,,,,,,,,0.4660440009803278,0.2713625330951517,0.4290378861555031,0.2694982168447136,1266.5612,24253,9085,1266.5612,149.3617496497274,5.013044055032421,0.031233348722532604,7.144850018323371,7.144060790421904,15.95320013490874,9085,1071.3667018757349,6.977623355782514,0.22403573798424323,9.114490046319348,9.114379980830272,24253,2860.083282398701,7.9589556021681,0.5980780135753276,10.096336831216737,10.09629560005422
AUT,2014,498.6666666666667,0.5992780640188038,0.5609011320438255,0.5810563691371182,2.118360915374939,0.1293590863591302,55.0,1.2958524009261123,318846.9343083943,53.41,0.6717944430811578,3.11263,5009.44199,2092.0,12632.76,51314.9722616322,5.49767017364502,80.9958249574764,15.4904490132481,81.0195693969727,151.531145320495,2345.32706103046,10.508,11.8733901977539,8546356.0,7.29922002004015,5.504447766127378,500.0,486.6666666666667,Austria,,,,,,,,,,,,,,,,,,,,,,,,,,,,,,,,,,0.4301971794422309,0.2819893982258719,0.4223147652645499,0.2643245483320448,1377.3372,25362,9613,1377.3372,161.16075670145264,5.0885881685207,0.03217139893488469,7.2286331241061825,7.227907348924691,15.961015551233999,9613,1124.8068767554266,7.026255281339061,0.22453735945057354,9.170975648453906,9.170871628065816,25362,2967.58056884127,7.995839194606105,0.592397431643134,10.141046698084647,10.141007269794844
AUT,2015,495.0,0.6117041822716722,0.5423316870074893,0.6200821660444623,2.3959433065089835,0.1306054596208834,55.0,1.3712505276338336,265665.1188148564,54.07,0.6962467515212348,3.06917,5073.42857,2205.0,13137.08,43915.228020857,5.49143981933594,83.9401419315026,15.0327319949068,82.2563095092773,155.837138171172,3081.90763093797,10.91,13.0816698074341,8642699.0,7.327136796362695,5.545679799386103,497.0,485.0,Austria,506.0,,,0.5757882356441866,,,0.5840008630702572,,,506.0,,,490.0,,,79.5471267700195,,,11.8733901977539,,,14.5446789024689,,,299849.27598500607,,,1.3610965440003515,,,9.561,,,0.4402749272902958,0.271018035782632,0.4358963032912847,0.2485161245869451,1399.3333,26638,9916,1399.3333,161.90929477007126,5.093193572114508,0.031913190958766414,7.244465558697416,7.243751187891601,15.972225476257695,9916,1147.326778359399,7.046061186513197,0.22614426566360407,9.202005735186125,9.201904893155081,26638,3082.1390401308663,8.033703525841284,0.6075061465053535,10.190131586412237,10.190094046760976
AUT,2016,493.3333333333333,0.6388396046157528,0.5509264971330289,0.5990504955897765,2.3443134657692424,0.1583665358937808,55.0,1.3534883138401896,261470.0374050279,52.65,0.6933953214893324,3.13356,5400.34772,2078.0,12976.33,45061.4993920192,5.50954008102417,84.3237425711653,14.4532591877111,82.8496932983398,126.797525496643,4449.98024418463,11.424,13.4557199478149,8736668.0,7.304026377034774,5.475827840547504,497.6666666666667,484.6666666666667,Austria,502.3333333333333,,,0.6033621853306917,,,0.5934771242159369,,,503.0,,,488.3333333333333,,,80.9616012573242,,,11.8733901977539,,,15.3690648693427,,,313472.4907413455,,,1.3877203837174177,,,9.767,,,0.4348237095850587,0.2815977011947592,0.4086520831966333,0.2445574058072146,1416.7,28189,10043,1416.7,162.15564102928028,5.094704598165049,0.03002688890360569,7.256791119123586,7.2560855023853055,15.983039439244974,10043,1149.5229073601058,7.04797182006391,0.21286090580850703,9.214730720277476,9.21463115339334,28189,3226.5161043088738,8.079468112424498,0.5974645099906407,10.246722584108158,10.246687109906768
AUT,2017,491.6666666666667,0.6236609713489069,0.5601232180639275,0.5819318270869824,2.560363398799399,0.1346078975428082,55.0,1.3975235874528291,267665.96071831655,53.1,0.681176878575398,3.07376,5416.07999,2073.0,13072.27,47163.7425775142,5.40181016921997,87.9355865856062,12.8851997037889,83.8392562866211,123.414865109678,7431.71463561626,9.971,14.2486295700073,8797566.0,7.304446147559575,5.466511921583418,498.3333333333333,484.3333333333333,Austria,498.6666666666667,506.0,,0.5609011320438255,0.5757882356441866,,0.5810563691371182,0.5840008630702572,,500.0,506.0,,486.6666666666667,490.0,,81.0195693969727,79.5471267700195,,11.8733901977539,11.8733901977539,,15.4904490132481,14.5446789024689,,318846.9343083943,299849.27598500607,,1.2958524009261123,1.3610965440003515,,10.508,9.561,,0.4337896139267156,0.2832609554891234,0.4149369118098231,0.2408827306462848,1374.6576,28006,9524,1374.6576,156.2543094305857,5.05786430016902,0.028850074171556998,7.226687150318871,7.2259599609086775,15.989985650281024,9524,1082.572156889758,6.988018414873212,0.19988112415041304,9.161675199994901,9.161570207606754,28006,3183.380494104847,8.06601304174184,0.5877646748169327,10.240209757912549,10.240174051915723
AUT,2018,490.0,0.6203473032592262,0.647734091973055,0.5863618727704113,2.4074851655832856,0.1393975626655985,55.0,1.3056354791071658,280030.2247433175,51.32,0.6900235407096792,3.10828,5682.44087,2039.0,13121.29,51194.0749841299,5.25437021255493,87.4791372262556,11.6500759838374,85.8698883056641,124.230205900482,16705.0109377038,9.572,14.7956089091719,8840521.0,7.303319096353215,5.445195300957417,499.0,484.0,Austria,495.0,502.3333333333333,,0.5423316870074893,0.6033621853306917,,0.6200821660444623,0.5934771242159369,,497.0,503.0,,485.0,488.3333333333333,,82.2563095092773,80.9616012573242,,13.0816698074341,11.8733901977539,,15.0327319949068,15.3690648693427,,265665.1188148564,313472.4907413455,,1.3712505276338336,1.3877203837174177,,10.91,9.767,,0.4867895849346547,0.2961366839094287,0.4180295670602382,0.229048800872249,1498.75,29668,9279,1498.75,169.53186356324474,5.1389221623319905,0.02983433834890828,7.313053706533203,7.312386706341724,15.994856369528714,9279,1049.5987736469376,6.9571155412309045,0.18470914131077226,9.135616825780247,9.13550906135318,29668,3355.9108111388455,8.118776428601732,0.5905755797400573,10.297858008638679,10.29782430285645
AUT,2019,490.25,0.6058069249434838,0.5612383996232685,0.6358776375316635,2.246329645241925,0.1332311420295097,55.0,1.323997985524034,263211.6809503546,50.94,0.6692020838326004,3.14405,5958.85643,2066.0,13708.07,49885.9947355204,5.23678016662598,87.7522047870069,11.4825348767666,86.3234329223633,120.776373862218,26298.32250741,8.767,15.3636302947998,8879920.0,7.34259501957317,5.453866013156266,496.0,483.0,Austria,493.3333333333333,498.6666666666667,506.0,0.5509264971330289,0.5609011320438255,0.5757882356441866,0.5990504955897765,0.5810563691371182,0.5840008630702572,497.6666666666667,500.0,506.0,484.6666666666667,486.6666666666667,490.0,82.8496932983398,81.0195693969727,79.5471267700195,13.4557199478149,11.8733901977539,11.8733901977539,14.4532591877111,15.4904490132481,14.5446789024689,261470.0374050279,318846.9343083943,299849.27598500607,1.3534883138401896,1.2958524009261123,1.3610965440003515,11.424,10.508,9.561,0.4657687490133836,0.3014265544361268,0.4233189468401381,0.2190281230081618,1410.6833,30660,8591,1410.6833,158.86216317264117,5.074311963775538,0.026659840699105614,7.252538101111321,7.251829475915823,15.999303105918763,8591,967.4636708438815,6.875710971398933,0.16235727143435832,9.058586816748646,9.058470422638056,30660,3452.733808412688,8.147211188108704,0.5794289305293244,10.330746767679962,10.330714152425806
AUT,2020,490.5,0.5960263411059128,0.6130346761120904,0.684072737692313,2.2747761201131502,0.1402514909759786,55.0,1.2641741064455871,268063.33522786753,50.13,0.6959365251205066,3.20758,5829.2859,2124.0,14005.41,48716.4098900349,5.57961988449097,87.52942813,12.2718957660446,88.7071990966797,120.131806593244,33802.6911703487,10.325,15.9696032098267,8916864.0,7.3598911174928,5.477301426351605,493.0,482.0,Austria,491.6666666666667,495.0,502.3333333333333,0.5601232180639275,0.5423316870074893,0.6033621853306917,0.5819318270869824,0.6200821660444623,0.5934771242159369,498.3333333333333,497.0,503.0,484.3333333333333,485.0,488.3333333333333,83.8392562866211,82.2563095092773,80.9616012573242,14.2486295700073,13.0816698074341,11.8733901977539,12.8851997037889,15.0327319949068,15.3690648693427,267665.96071831655,265665.1188148564,313472.4907413455,1.3975235874528291,1.3712505276338336,1.3877203837174177,9.971,10.91,9.767,0.5213411733195394,0.2990823975015054,0.4398623766184636,0.2237311762762535,1497.7333,34534,6618,1497.7333,167.966372482523,5.129699715730693,0.028814227911264916,7.312375563660796,7.311708110843451,16.003454873234418,6618,742.189182205762,6.6109506316963875,0.12732077220740914,8.797699580118923,8.797548488481558,34534,3872.886252386489,8.262013481735794,0.6643843377773749,10.449728581523074,10.449699624972375
AUT,2021,490.75,0.6227938418185334,0.5627921846573892,0.647499748407203,2.7776391898346877,0.1586496372262743,55.0,1.264063568134826,276231.40241520153,50.9,0.6993722501998209,3.25565,6323.00331,1872.0,14969.64,53648.6437976214,5.48071002960205,92.52915104,11.017122140568,93.940071105957,121.357731973824,39775.2427840872,12.023,14.8791799545288,8955797.0,7.422076482048749,5.347234297180016,490.0,481.0,Austria,490.0,493.3333333333333,498.6666666666667,0.647734091973055,0.5509264971330289,0.5609011320438255,0.5863618727704113,0.5990504955897765,0.5810563691371182,499.0,497.6666666666667,500.0,484.0,484.6666666666667,486.6666666666667,85.8698883056641,82.8496932983398,81.0195693969727,14.7956089091719,13.4557199478149,11.8733901977539,11.6500759838374,14.4532591877111,15.4904490132481,280030.2247433175,261470.0374050279,318846.9343083943,1.3056354791071658,1.3534883138401896,1.2958524009261123,9.572,11.424,10.508,0.4729425605400887,0.3188291099478188,0.4579940531475441,0.230927133144545,1534.9833,35790,8866,1534.9833,171.39549947369287,5.149791252747855,0.02710665977394417,7.3369260412526796,7.336274780483288,16.007811590074983,8866,989.9733100247805,6.898687601600787,0.15656694477118352,9.090091799380007,9.089979015305,35790,3996.294243828885,8.293372972171134,0.6320246958448745,10.485451744135313,10.48542380376007
AUT,2022,491.0,0.6344443489836336,0.6198271903862274,0.6451408502167033,2.838549858117495,0.1293116981380349,55.0,1.2829162214560057,250762.1905106879,50.2,0.7133433977925251,3.17775,6632.30683,1872.0,14537.08,52336.7725223758,5.27749013900757,93.61409139,14.9141702472602,94.5116882324219,121.16645744796,39544.447259748,10.327,14.8791799545288,9041851.0,7.38321578754004,,487.0,480.0,Austria,490.25,491.6666666666667,495.0,0.5612383996232685,0.5601232180639275,0.5423316870074893,0.6358776375316635,0.5819318270869824,0.6200821660444623,496.0,498.3333333333333,497.0,483.0,484.3333333333333,485.0,86.3234329223633,83.8392562866211,82.2563095092773,15.3636302947998,14.2486295700073,13.0816698074341,11.4825348767666,12.8851997037889,15.0327319949068,263211.6809503546,267665.96071831655,265665.1188148564,1.323997985524034,1.3975235874528291,1.3712505276338336,8.767,9.971,10.91,0.5006718943116065,0.3207479224225271,0.4541908230859252,0.2271732764478958,1399.2333,34331,12109,1399.2333,154.750758445367,5.048257027288881,0.023332870811311215,7.2443941445771145,7.243679722735087,16.017374468045748,12109,1339.2169368860425,7.2005867730402064,0.20192324800600978,9.401786836547139,9.401704256754366,34331,3796.8995507667623,8.24220344309377,0.5724855089020002,10.44383314283811,10.44380401506915
AUT,2023,491.0,0.6738785982715977,0.605428528983176,0.6632747841880762,2.60307211800761,0.1373787758655371,55.0,1.2579015162110134,277638.9077454831,53.2,0.7015934556236196,3.25517,6633.64894,1872.0,14537.08,56579.504175468,5.27749013900757,95.33467117,15.9232697881169,91.6818237304688,121.746207105931,42281.0014410145,10.98,14.8791799545288,9131761.0,,,487.0,480.0,Austria,490.5,490.0,493.3333333333333,0.6130346761120904,0.647734091973055,0.5509264971330289,0.684072737692313,0.5863618727704113,0.5990504955897765,493.0,499.0,497.6666666666667,482.0,484.0,484.6666666666667,88.7071990966797,85.8698883056641,82.8496932983398,15.9696032098267,14.7956089091719,13.4557199478149,12.2718957660446,11.6500759838374,14.4532591877111,268063.33522786753,280030.2247433175,261470.0374050279,1.2641741064455871,1.3056354791071658,1.3534883138401896,10.325,9.572,11.424,0.4996136490865958,0.3296820114371212,0.462311054105567,0.2434726683678483,1523.3156,34500,10273,1523.3156,166.81509732898178,5.122862762149034,0.02514680816512756,7.329300801421292,7.328644554014526,16.02726911458544,10273,1124.9746899858637,7.026404330636939,0.1695861056503035,9.237371711027214,9.237274373216264,34500,3778.022661784513,8.237220700099043,0.5695240577178498,10.448743588106625,10.448714603019452
BEL,2012,505.0,0.6039388558061046,0.5760348644258934,0.6538205064249255,2.373590178925169,0.189412923152936,55.0,1.1470901745258029,247532.95580296137,54.3,0.6366744412576228,2.27079,4116.61624,755.0,16327.84,44874.1709182123,6.56625986099243,80.7199905482042,8.9420007987591,69.7490615844727,110.856223685615,957.330070986299,19.738,30.2483501434326,11106932.0,7.293737501190155,4.233752340007933,515.0,509.0,Belgium,,,,,,,,,,,,,,,,,,,,,,,,,,,,,,,,,,0.5707569460879737,0.2271328297436334,0.4125732472196848,0.2302638710942992,1208.6571,41835,13374,1208.6571,108.82006840412815,4.698843284725493,0.026434348518269493,7.098092209998946,7.097265187557447,16.22307997586528,13374,1204.1128909405404,7.094328526964384,0.2925006414832927,9.501142571764207,9.501067802613925,41835,3766.56668106008,8.234184629364616,0.9149666768695641,10.641512491874158,10.641488588729699
BEL,2013,504.0,0.5999517705603317,0.5836953519580211,0.5619841578525159,2.2278489738107448,0.1646154938227728,55.0,1.1612908623877771,261868.97785359016,52.49,0.6568172741994915,2.32047,4161.62059,715.0,16589.95,46964.5946777056,6.60135984420776,82.1702,10.6406117548271,71.7841110229492,110.348677756715,1260.55085185082,23.689,30.2483501434326,11159407.0,7.304941984517811,4.175486740252933,512.3333333333334,505.6666666666667,Belgium,,,,,,,,,,,,,,,,,,,,,,,,,,,,,,,,,,0.5234626116362568,0.2329274677429437,0.4177125791140074,0.2629686349257407,1131.9167,43676,14063,1131.9167,101.43161728934163,4.629195427539275,0.024373105403474954,7.032550736701152,7.031667669483065,16.227793377304945,14063,1260.1924098655063,7.139812909468136,0.3028129024768945,9.551373619924957,9.551302513870247,43676,3913.828037636767,8.272526683484934,0.9404576782038573,10.684576926741435,10.684554031133956
BEL,2014,503.0,0.6490228590617773,0.5812406786537935,0.6399148404109456,2.336198226519559,0.1155591948869351,55.0,1.1204983185063695,249076.3540343704,51.69,0.6854927321203398,2.35858,4544.86674,889.0,16888.19,47995.7786961339,6.55866003036499,85.0012379539925,11.9393517315379,74.0397262573242,113.600257053471,1610.03731179171,23.225,31.2590198516846,11209057.0,7.3183112292961185,4.385904909680332,509.6666666666667,502.3333333333333,Belgium,,,,,,,,,,,,,,,,,,,,,,,,,,,,,,,,,,0.564013886894182,0.2440917548043986,0.4283354458338826,0.2541905135925666,1159.2646,45817,14955,1159.2646,103.42213444003363,4.648441668685519,0.02275581229473708,7.0564033615370505,7.055541117542057,16.232232670189696,14955,1334.1889509527875,7.196828097113256,0.29355953150626096,9.612867836097005,9.612800971064049,45817,4087.498172236969,8.31593298655215,0.899365901372274,10.732432305993294,10.73241048027168
BEL,2015,502.0,0.6334549845029428,0.595376875363074,0.6101442433063132,2.2175143569697937,0.1426609365420359,55.0,1.133708776906568,210436.7202340174,50.91,0.6911837568562554,2.43496,4731.81573,949.0,16730.49,40893.804537772,6.46963977813721,85.0529417508701,12.3351739681226,76.423942565918,113.29233233425,2038.46021481266,22.125,31.7094802856445,11274196.0,7.303145151900904,4.444702289871151,507.0,499.0,Belgium,505.0,,,0.5760348644258934,,,0.6538205064249255,,,515.0,,,509.0,,,69.7490615844727,,,30.2483501434326,,,8.9420007987591,,,247532.95580296137,,,1.1470901745258029,,,19.738,,,0.554951859404499,0.2396788861125695,0.4256704776536786,0.2337089640417287,1151.3667,47010,14922,1151.3667,102.12406277130538,4.635932756335295,0.02158242598582878,7.049573106576278,7.048704950510296,16.238027132606476,14922,1323.5533602573523,7.18883059499564,0.279713631252786,9.610658925931467,9.61059191303146,47010,4169.698664099861,8.335838846106382,0.8812047852294242,10.758136895861702,10.758115624018176
BEL,2016,501.0,0.6408028680678322,0.6369447591897947,0.6241602696251346,2.321981872378881,0.1175598561481036,55.0,1.1469828699037214,220939.1231230222,51.97,0.6902254835865711,2.53291,4798.32663,1054.0,16792.56,41854.5498296444,6.48613023757935,86.5164766644457,13.3312451633933,77.2435073852539,110.74871736226,3047.27862045911,20.108,32.1669616699219,11331422.0,7.301786196163931,4.543461649432086,507.3333333333333,497.0,Belgium,504.0,,,0.5836953519580211,,,0.5619841578525159,,,512.3333333333334,,,505.6666666666667,,,71.7841110229492,,,30.2483501434326,,,10.6406117548271,,,261868.97785359016,,,1.1612908623877771,,,23.689,,,0.5854100997595773,0.2457627564610362,0.4287656445387549,0.2347517234292525,1198.4061,47573,14571,1198.4061,105.75955074305766,4.670579116425724,0.02204092361737735,7.089581796597748,7.088747702870161,16.24309013263099,14571,1285.8933327167588,7.159986323599384,0.2679878699122154,9.586857158128455,9.586788531013854,47573,4198.325682337133,8.342679239557144,0.8749562099604573,10.770041672500454,10.770020652394722
BEL,2017,500.0,0.5993082802605161,0.517800246772061,0.6004130446788816,2.257386426504959,0.1276344031526745,55.0,1.1439525407957252,247749.9895414025,49.85,0.6604446823221527,2.67654,4757.30821,1001.0,16305.94,44035.3239358548,6.44915008544922,87.6796808175598,11.4917903557909,80.7738189697266,99.8303971992992,8300.54404519041,19.236,34.68994140625,11375158.0,7.268550247756564,4.488622635787355,507.6666666666667,495.0,Belgium,503.0,505.0,,0.5812406786537935,0.5760348644258934,,0.6399148404109456,0.6538205064249255,,509.6666666666667,515.0,,502.3333333333333,509.0,,74.0397262573242,69.7490615844727,,31.2590198516846,30.2483501434326,,11.9393517315379,8.9420007987591,,249076.3540343704,247532.95580296137,,1.1204983185063695,1.1470901745258029,,23.225,19.738,,0.519336844194052,0.2525280847158772,0.4243674897917138,0.2367280554721117,1334.45,47256,13913,1334.45,117.3126562285992,4.773330749442831,0.024659460991407825,7.19702359268779,7.19627450092648,16.24694241281471,13913,1223.1038900734388,7.109964336981359,0.25709998933902134,9.540650806483587,9.540578933841877,47256,4154.315922468944,8.332143738687643,0.8732492701936889,10.763356070097183,10.763334908987071
BEL,2018,499.0,0.6557487696311636,0.5896944920647095,0.6279663148293237,2.560437590189228,0.1652245686655344,55.0,1.1155425736395592,269814.94129302533,50.5,0.6464979312673471,2.86365,5040.00069,892.0,16529.95,47487.2100392561,6.38883018493652,88.6473429951691,11.7058640594516,79.1237487792969,100.164027018171,13973.2427973124,15.748,33.7888681088514,11427054.0,7.277636519294397,4.370211667836307,508.0,493.0,Belgium,502.0,504.0,,0.595376875363074,0.5836953519580211,,0.6101442433063132,0.5619841578525159,,507.0,512.3333333333334,,499.0,505.6666666666667,,76.423942565918,71.7841110229492,,31.7094802856445,30.2483501434326,,12.3351739681226,10.6406117548271,,210436.7202340174,261868.97785359016,,1.133708776906568,1.1612908623877771,,22.125,23.689,,0.565661096701046,0.2697469078244235,0.4307151757020027,0.2285889625425567,1326.0762,49258,13384,1326.0762,116.0470756504695,4.76257620986121,0.02302521027045127,7.190733455441685,7.189979635158045,16.251494259767462,13384,1171.2555134507984,7.066684961264925,0.23239193513896095,9.501889955954454,9.50181524266666,49258,4310.647346201392,8.369075324968202,0.855287054772485,10.804847371021863,10.80482706995707
BEL,2019,497.0,0.6492884067642872,0.6040953726411734,0.6830013378409687,2.2852544565327704,0.1447506762179539,55.0,1.1437188912560683,278270.01054453966,50.18,0.6977870717078076,3.15154,5290.87935,876.0,16644.86,46716.6227467964,6.32381010055542,90.275428012141,14.1440138847213,79.3044815063477,100.164960666171,19655.5307781892,14.236,35.3040084838867,11488980.0,7.279158427770501,4.347007789296903,503.25,489.5,Belgium,501.0,503.0,505.0,0.6369447591897947,0.5812406786537935,0.5760348644258934,0.6241602696251346,0.6399148404109456,0.6538205064249255,507.3333333333333,509.6666666666667,515.0,497.0,502.3333333333333,509.0,77.2435073852539,74.0397262573242,69.7490615844727,32.1669616699219,31.2590198516846,30.2483501434326,13.3312451633933,11.9393517315379,8.9420007987591,220939.1231230222,249076.3540343704,247532.95580296137,1.1469828699037214,1.1204983185063695,1.1470901745258029,20.108,23.225,19.738,0.6009854666672909,0.2830974017037688,0.4385120341699851,0.2379430711939512,1390.4333,49888,11626,1390.4333,121.02321528978203,4.80421131589106,0.022873932154544786,7.238089645932782,7.2373707041667945,16.256898873038445,11626,1011.926211030048,6.9205986595719295,0.19125860638459802,9.361085258668608,9.360999248261296,49888,4342.247962830469,8.37637772573124,0.820704400078688,10.817555816557183,10.817535771857504
BEL,2020,495.0,0.6209913863117105,0.609679819690613,0.6674796572596312,2.6293525513626492,0.115021391428425,55.0,1.0978913972418034,285339.4158599812,49.13,0.6912644793272332,3.36823,5418.91258,862.0,16947.47,45906.2875805246,6.75470018386841,91.52641629,15.2618615789713,79.4996032714844,99.9100614924974,24215.3210215031,15.326,35.4660797015242,11538604.0,7.29285616945934,4.326854039991739,498.5,486.0,Belgium,500.0,502.0,504.0,0.517800246772061,0.595376875363074,0.5836953519580211,0.6004130446788816,0.6101442433063132,0.5619841578525159,507.6666666666667,507.0,512.3333333333334,495.0,499.0,505.6666666666667,80.7738189697266,76.423942565918,71.7841110229492,34.68994140625,31.7094802856445,30.2483501434326,11.4917903557909,12.3351739681226,10.6406117548271,247749.9895414025,210436.7202340174,261868.97785359016,1.1439525407957252,1.133708776906568,1.1612908623877771,19.236,22.125,23.689,0.5891409291467405,0.2915947755562182,0.459983643709721,0.2445021174401402,1364.9781,50692,9120,1364.9781,118.29664143080048,4.781613176409183,0.021830328444014217,7.219626007791383,7.218893663534311,16.26120884118944,9120,790.390241315154,6.673791197961921,0.1458577213871854,9.118334726180159,9.118225083068378,50692,4393.252424643398,8.388052698869245,0.8107258347104387,10.833543112985996,10.833523386201955
BEL,2021,493.0,0.6367695038510011,0.5916425625603613,0.7079693481622984,2.5334023413742264,0.105725652671192,55.0,1.0919062858676736,304878.9137729003,49.2,0.7138877154343323,3.40589,5770.89032,799.0,18319.58,51658.238294958,6.38081979751587,92.78867618,21.3799638763737,82.6882019042969,101.462935633736,28369.365438783,18.206,37.5813460756875,11586195.0,7.366543657823493,4.247943380264076,493.75,482.5,Belgium,499.0,501.0,503.0,0.5896944920647095,0.6369447591897947,0.5812406786537935,0.6279663148293237,0.6241602696251346,0.6399148404109456,508.0,507.3333333333333,509.6666666666667,493.0,497.0,502.3333333333333,79.1237487792969,77.2435073852539,74.0397262573242,33.7888681088514,32.1669616699219,31.2590198516846,11.7058640594516,13.3312451633933,11.9393517315379,269814.94129302533,220939.1231230222,249076.3540343704,1.1155425736395592,1.1469828699037214,1.1204983185063695,15.748,20.108,23.225,0.6044544891181404,0.3095449918124743,0.456940269627593,0.2879543484891356,1367.6215,50915,11862,1367.6215,118.03888161730404,4.779450176024722,0.02045418905436831,7.221559307879149,7.220828378612617,16.265324861154763,11862,1023.8046226565322,6.9322572613613165,0.17740843542085064,9.381179591661104,9.381095292398673,50915,4394.453916924409,8.388326085087579,0.7614862999032718,10.837932494990325,10.837912854605765
BEL,2022,491.0,0.6544743440871303,0.5520983465256425,0.6973223566693307,2.787687064020098,0.1236556418575252,55.0,1.1207183149492184,277951.41104275454,46.9,0.7227390725244254,3.19592,5818.71223,799.0,17612.3,50605.7496677086,6.27611017227173,94.00783071,22.8179135173265,83.5736465454102,101.680355820653,30850.8151822613,16.41,36.307492413537,11680210.0,7.319119808890451,,489.0,479.0,Belgium,497.0,500.0,502.0,0.6040953726411734,0.517800246772061,0.595376875363074,0.6830013378409687,0.6004130446788816,0.6101442433063132,503.25,507.6666666666667,507.0,489.5,495.0,499.0,79.3044815063477,80.7738189697266,76.423942565918,35.3040084838867,34.68994140625,31.7094802856445,14.1440138847213,11.4917903557909,12.3351739681226,278270.01054453966,247749.9895414025,210436.7202340174,1.1437188912560683,1.1439525407957252,1.133708776906568,14.236,19.236,22.125,0.5656209995090217,0.3019871360593066,0.4595910508238151,0.2755759410154439,1345.7535,46348,16095,1345.7535,115.216550044905,4.755455261512719,0.019801039386494117,7.205452160406347,7.204709358217919,16.27340651465478,16095,1377.9718001645517,7.229093428102375,0.2368173138138766,9.686326072899465,9.686263943732909,46348,3968.079341039245,8.286289442767,0.6819514669553,10.743954995788227,10.743933420116953
BEL,2023,491.0,0.6532493359671249,0.6166398645114233,0.6811726003678872,2.774630348309689,0.0956687970123774,55.0,1.1423089585706152,302052.0511444518,49.9,0.7154648286411737,3.27235,5990.12849,799.0,17612.3,55291.4754541329,6.27611017227173,94.62625074,18.6668227645892,82.1475601196289,103.196426365374,33664.5855592207,16.119,37.4110337879949,11779946.0,,,489.0,479.0,Belgium,495.0,499.0,501.0,0.609679819690613,0.5896944920647095,0.6369447591897947,0.6674796572596312,0.6279663148293237,0.6241602696251346,498.5,508.0,507.3333333333333,486.0,493.0,497.0,79.4996032714844,79.1237487792969,77.2435073852539,35.4660797015242,33.7888681088514,32.1669616699219,15.2618615789713,11.7058640594516,13.3312451633933,285339.4158599812,269814.94129302533,220939.1231230222,1.0978913972418034,1.1155425736395592,1.1469828699037214,15.326,15.748,20.108,0.5952308414864949,0.3151759016825373,0.4655190028913721,0.273800836622907,1314.7972,49793,13361,1314.7972,111.61317717415682,4.723958735272005,0.018632851926379434,7.182197996666657,7.181437712186336,16.28190915213646,13361,1134.2157256068915,7.034577978469134,0.18934747852243344,9.500170136485423,9.500095294588894,49793,4226.929393394503,8.349467647085904,0.705649202759339,10.815649773826504,10.81562969088395
BRA,2012,402.0,,0.6219241979139796,0.6969661700806952,,,,1.9751076748502827,176064.66054645507,36.6,,1.12684,801.40894,4798.0,48166.15,12521.7238454434,5.85510015487671,48.56,11.8872212915256,43.8344116210938,126.131962754994,71.4103906694906,15.854,15.3451795578003,196876111.0,5.5039162247015865,3.233593235433883,389.0,407.0,BRA,,,,,,,,,,,,,,,,,,,,,,,,,,,,,,,,,,0.2870154012674779,0.0874145322960303,0.3102224338707635,0.2929221495130363,578.5,113932,37728,578.5,2.9383961165303596,1.3707735634087472,0.003666537731074424,6.362165662779806,6.360438546633731,19.098085210702852,37728,191.6332042946541,5.260787884788574,0.23912037254619856,10.538184308498979,10.538157803337098,113932,578.6989565229678,6.3625089283146865,0.7221019477558709,11.643365835303701,11.643357058176894
BRA,2013,401.6666666666667,,0.6219241979139796,0.6969661700806952,,,,1.9256208521416744,174697.1338336329,36.33,,1.19567,852.71699,4959.0,50197.15,12458.8903396625,5.8388500213623,51.04,11.9698618012495,44.9966697692871,136.589138644321,87.9491616360537,15.7,15.3451795578003,198478299.0,5.536979940984303,3.2575232680639945,385.0,407.0,BRA,,,,,,,,,,,,,,,,,,,,,,,,,,,,,,,,,,0.2851426833271248,0.0915668211962643,0.3278622269212193,0.2856295966628497,636.3694,125470,39527,636.3694,3.206241706051703,1.4365695425936114,0.0037600302839652616,6.457349393300245,6.4557792123409214,19.106190327178084,39527,199.1502355630325,5.299068262370353,0.23354786863462462,10.584764560525587,10.584739261683007,125470,632.1597909300906,6.450722824616729,0.7413477136536127,11.739829935154662,11.739821965153745
BRA,2014,401.3333333333333,,0.6219241979139796,0.6969661700806952,,,,2.002558415786326,172560.55365861423,36.29,,1.26971,903.20079,4659.0,52367.03,12274.9941630213,5.94848012924194,54.5510018796392,12.3711688680768,47.8131904602051,140.304679417776,113.841545053971,15.496,15.3451795578003,200085127.0,5.571103104523704,3.1898625427097302,381.0,407.0,BRA,,,,,,,,,,,,,,,,,,,,,,,,,,,,,,,,,,0.2848746396956572,0.0954299864797995,0.3456047407695777,0.2947800654343104,566.6333,141943,42830,566.6333,2.8319611182294424,1.3433767134573047,0.0031354723662602667,6.341475611641093,6.339712357289622,19.11425346895543,42830,214.05888904476143,5.370911893156986,0.2370003341613125,10.66501741845733,10.664994070609417,141943,709.4130489768987,6.565846560001518,0.7854433441947042,11.863187892603415,11.863180847546756
BRA,2015,401.0,,0.6183115861391097,0.6871440120542902,,,,1.9564680077914,172560.55365861423,34.95,,1.28464,903.20079,4641.0,53504.24,8936.1955889444,6.24105978012085,58.3279517340924,14.4858996246715,49.0805015563965,127.83616904008,161.164815967859,19.493,15.3451795578003,201675532.0,5.5846183045855105,3.178562514116012,377.0,407.0,BRA,402.0,,,0.6219241979139796,,,0.6969661700806952,,,389.0,,,407.0,,,43.8344116210938,,,15.3451795578003,,,11.8872212915256,,,176064.66054645507,,,1.9751076748502827,,,15.854,,,0.2759794712383573,0.0913029936794133,0.353246881110118,0.3147077422122318,532.7167,157611,44953,532.7167,2.641454294019167,1.292383133181209,0.0029245482546789705,6.279865173837792,6.277989763159363,19.12217068669136,44953,222.89763936261738,5.411188980282569,0.2467863644833807,10.713395023704772,10.713372778495833,157611,781.5077934193822,6.662503882006094,0.865264736337733,11.96789159563923,11.967885250924537
BRA,2016,402.0,,0.6146989743642399,0.6773218540278851,,,,1.9812675608499035,172560.55365861423,33.19,,1.19584,903.20079,5200.0,55719.12,8836.28546025694,6.31403017044067,60.8725400681261,16.0001642772964,48.9665794372559,120.101181531485,415.986539467638,26.596,15.3451795578003,203218114.0,5.617439332368363,3.2804701466514357,379.3333333333333,409.0,BRA,401.6666666666667,,,0.6219241979139796,,,0.6969661700806952,,,385.0,,,407.0,,,44.9966697692871,,,15.3451795578003,,,11.9698618012495,,,174697.1338336329,,,1.9256208521416744,,,15.7,,,0.2726903856185489,0.0896447177724652,0.355267754311914,0.3555902921871567,549.0417,172383,45561,549.0417,2.701736027330713,1.308801906187752,0.0029912905936793003,6.309994093534281,6.308174394909151,19.129790413396325,45561,224.19753388716126,5.416977945438085,0.24822557328272626,10.7268293147539,10.72680736639838,172383,848.2659178699,6.744372350309135,0.9391775641271307,12.05747982548026,12.05747402446102
BRA,2017,403.0,,0.6110863625893702,0.6674996960014802,,,,1.9861481507041767,172560.55365861423,33.1,,1.1175,903.20079,5480.0,59143.03,10080.5078722821,6.32047986984253,67.4712845236305,14.3118892236086,50.7326316833496,108.092570205646,1605.82544177505,28.593,15.734580039978,204703445.0,5.669606887638605,3.323971918323901,381.6666666666667,411.0,BRA,401.3333333333333,402.0,,0.6219241979139796,0.6219241979139796,,0.6969661700806952,0.6969661700806952,,381.0,389.0,,407.0,407.0,,47.8131904602051,43.8344116210938,,15.3451795578003,15.3451795578003,,12.3711688680768,11.8872212915256,,172560.55365861423,176064.66054645507,,2.002558415786326,1.9751076748502827,,15.496,15.854,,0.2727591330407423,0.0906837179213378,0.3634350423424848,0.3593227303708914,581.1167,188497,46839,581.1167,2.838822277758931,1.3451656210577534,0.003143068860423529,6.3666709430948165,6.364951597267322,19.1370728799965,46839,228.81393129461011,5.437269987139393,0.25333672626062487,10.754492817711654,10.75447146820963,188497,920.8296421196038,6.826360436549173,1.0195181982952028,12.146842675734339,12.146837370624192
BRA,2018,404.0,,0.6074737508145004,0.6576775379750752,,,,1.9881908051229995,172560.55365861423,33.44,,1.15016,903.20079,4980.0,63130.11,9300.66072904004,6.08851003646851,70.4342825404361,14.7442418256611,52.05712890625,101.602460284017,2069.60200203718,27.958,16.5433902740479,206107261.0,5.727815879391315,3.225341930938089,384.0,413.0,BRA,401.0,401.6666666666667,,0.6183115861391097,0.6219241979139796,,0.6871440120542902,0.6969661700806952,,377.0,385.0,,407.0,407.0,,49.0805015563965,44.9966697692871,,15.3451795578003,15.3451795578003,,14.4858996246715,11.9698618012495,,172560.55365861423,174697.1338336329,,1.9564680077914,1.9256208521416744,,19.493,15.7,,0.2740520089581571,0.0918878194742878,0.3582914859110641,0.3582176591402645,593.4429,198486,46843,593.4429,2.879291574303149,1.3556525530222174,0.0031878753940230158,6.387624664419617,6.385941000491271,19.143907275710756,46843,227.2748653915691,5.430550452825608,0.2516327132437175,10.754578211162029,10.754556863483053,198486,963.022840811028,6.871114988117226,1.0662333907070964,12.198478885780862,12.198473847654844
BRA,2019,403.75,,0.6074737508145004,0.6576775379750752,,,,2.0386406446902963,172560.55365861423,33.82,,1.15115,903.20079,5464.0,66506.17,9029.83304401079,5.96346998214722,73.9124399133589,14.0668052120423,53.6215400695801,97.3747376780285,2788.39613470957,27.098,16.5433902740479,207455459.0,5.773247829579283,3.3082843972830487,382.75,412.25,BRA,402.0,401.3333333333333,402.0,0.6146989743642399,0.6219241979139796,0.6219241979139796,0.6773218540278851,0.6969661700806952,0.6969661700806952,379.3333333333333,381.0,389.0,409.0,407.0,407.0,48.9665794372559,47.8131904602051,43.8344116210938,15.3451795578003,15.3451795578003,15.3451795578003,16.0001642772964,12.3711688680768,11.8872212915256,172560.55365861423,172560.55365861423,176064.66054645507,1.9812675608499035,2.002558415786326,1.9751076748502827,26.596,15.496,15.854,0.2739332972408229,0.0932657363076529,0.3607048200353911,0.3582418066151087,632.1833,207865,44584,632.1833,3.047320629918927,1.3980550893230326,0.003373912715376308,6.45075995368559,6.44917938374138,19.15042721917157,44584,214.90878193762066,5.3748560126435905,0.2379413130690692,10.70515275856898,10.705130329249373,207865,1001.9741153208217,6.9107249803715165,1.1093592105038146,12.244648920308414,12.244644109505273
BRA,2020,403.5,,0.6074737508145004,0.6576775379750752,,,,1.973214013408649,172560.55365861423,31.94,,1.21907,903.20079,5280.0,70490.47,7074.19407495707,5.7714900970459,81.34269353,11.3500942678804,55.529109954834,98.6456198619193,3144.86893520731,30.267,16.5433902740479,208660842.0,5.825478389897934,3.269729409668271,381.5,411.5,BRA,403.0,401.0,401.6666666666667,0.6110863625893702,0.6183115861391097,0.6219241979139796,0.6674996960014802,0.6871440120542902,0.6969661700806952,381.6666666666667,377.0,385.0,411.0,407.0,407.0,50.7326316833496,49.0805015563965,44.9966697692871,15.734580039978,15.3451795578003,15.3451795578003,14.3118892236086,14.4858996246715,11.9698618012495,172560.55365861423,172560.55365861423,174697.1338336329,1.9861481507041767,1.9564680077914,1.9256208521416744,28.593,19.493,15.7,0.274147457707147,0.0940178410146627,0.3779411397840215,0.3548232107049063,622.15,234339,46865,622.15,2.981632749282206,1.3816919736846514,0.003301184833199942,6.434787260272386,6.43318122122164,19.156220726268646,46865,224.59892115263293,5.418758737487615,0.24866997863524115,10.755047744838352,10.755026407180587,234339,1123.061700287781,7.02470392244151,1.2434241784573514,12.364528331222147,12.364524063909125
BRA,2021,403.25,,0.6074737508145004,0.6576775379750752,,,,1.9612751707041272,172560.55365861423,34.2,,1.13371,903.20079,4666.0,73727.34,7972.53696080695,5.4969801902771,80.68989314,9.00155420026002,57.6311988830566,104.824727184587,3546.59010881655,28.311,16.5433902740479,209550294.0,5.8660033970752075,3.1470244805053613,380.25,410.75,BRA,404.0,402.0,401.3333333333333,0.6074737508145004,0.6146989743642399,0.6219241979139796,0.6576775379750752,0.6773218540278851,0.6969661700806952,384.0,379.3333333333333,381.0,413.0,409.0,407.0,52.05712890625,48.9665794372559,47.8131904602051,16.5433902740479,15.3451795578003,15.3451795578003,14.7442418256611,16.0001642772964,12.3711688680768,172560.55365861423,172560.55365861423,172560.55365861423,1.9881908051229995,1.9812675608499035,2.002558415786326,27.958,26.596,15.496,0.2745503063065693,0.093623635432328,0.3739211399374053,0.3360708905079102,605.1333,225080,58645,605.1333,2.887771181079803,1.357836032263379,0.003197263790125563,6.407099928876821,6.405448764340137,19.160474335340812,58645,279.86121556097646,5.637860652526739,0.3098549277851899,10.979274650562294,10.979257598955606,225080,1074.1096836638176,6.980177966672102,1.1892258017885675,12.324215616402105,12.324211173547216
BRA,2022,403.0,,0.6074737508145004,0.6576775379750752,,,,1.9824049388571623,172560.55365861423,32.5,,1.18873,903.20079,4666.0,67030.59,9281.33282136864,5.61920976638794,80.52775094,9.11134627987528,61.0000915527344,101.245468903076,4685.09246377482,20.732,16.5433902740479,210306415.0,5.767471332721895,,379.0,410.0,BRA,403.75,403.0,401.0,0.6074737508145004,0.6110863625893702,0.6183115861391097,0.6576775379750752,0.6674996960014802,0.6871440120542902,382.75,381.6666666666667,377.0,412.25,411.0,407.0,53.6215400695801,50.7326316833496,49.0805015563965,16.5433902740479,15.734580039978,15.3451795578003,14.0668052120423,14.3118892236086,14.4858996246715,172560.55365861423,172560.55365861423,172560.55365861423,2.0386406446902963,1.9861481507041767,1.9564680077914,27.098,28.593,19.493,0.2761819848926544,0.0945242279779861,0.374708781438533,0.3045581221012617,540.8333,193565,61871,540.8333,2.5716443314389625,1.273026086791017,0.002847256512518067,6.294958389556316,6.293111098276851,19.164076144249535,61871,294.1945446599905,5.687634612406474,0.3257244102498964,11.032823013847079,11.032806851316673,193565,920.395129173782,6.825888966155938,1.0190371170664965,12.173373818566935,12.173368652357047
BRA,2023,403.0,,0.6074737508145004,0.6576775379750752,,,,1.9699239606711925,172560.55365861423,33.6,,1.1938,903.20079,4666.0,67030.59,10377.5897719195,5.61920976638794,84.15060238,9.849149349554,61.0000915527344,101.020256020808,5628.66295682819,17.938,16.5433902740479,211140729.0,,,379.0,410.0,BRA,403.5,404.0,402.0,0.6074737508145004,0.6074737508145004,0.6146989743642399,0.6576775379750752,0.6576775379750752,0.6773218540278851,381.5,384.0,379.3333333333333,411.5,413.0,409.0,55.529109954834,52.05712890625,48.9665794372559,16.5433902740479,16.5433902740479,15.3451795578003,11.3500942678804,14.7442418256611,16.0001642772964,172560.55365861423,172560.55365861423,172560.55365861423,1.973214013408649,1.9881908051229995,1.9812675608499035,30.267,27.958,26.596,0.2761819848926544,0.0963504833847522,0.3859597974262582,0.2928634760798453,515.9069,210779,45095,515.9069,2.4434267251203816,1.2364671165894479,0.002705297373710647,6.247862780923113,6.24592632284618,19.168035431205283,45095,213.57793076484074,5.368672985974672,0.23646782988845785,10.716548829761411,10.716526654599809,210779,998.2867871977462,6.907041811722637,1.1052766984379478,12.258570214487928,12.258565470193535
CAN,2012,525.0,0.6030987925789169,0.7016619655992478,0.709957966926608,1.0365820773703431,0.3185248031493277,55.0,1.179373189705011,200725.46730483053,56.9,0.70726652036216,1.77303,4652.42914,4709.0,59761.57,52670.3447335415,4.58899021148682,83.0,15.6186928492244,63.603271484375,79.3757242462141,2146.14560171945,14.036,24.7599844678335,34713395.0,7.451573151902173,4.917449889125292,518.0,523.0,Canada,,,,,,,,,,,,,,,,,,,,,,,,,,,,,,,,,,0.6699066729303153,0.255607354182191,0.3235785946550773,0.2095576849355275,2422.3938,108657,41266,2422.3938,69.78268187251636,4.259614364458279,0.01499919284585092,7.79292423340511,7.7925115037946755,17.36263619348411,41266,1188.763012087985,7.081509416766784,0.25551447992348897,10.627818428076326,10.627794195345174,108657,3130.1173509534287,8.049145200966874,0.6727920526594906,11.59596061389894,11.595951410668606
CAN,2013,526.0,0.6200305534385048,0.7016619655992478,0.709957966926608,1.0,0.277086779344653,55.0,1.235778580264247,193245.96208736577,57.6,0.6841325543553849,1.70624,4647.61399,4567.0,60074.83,52638.1187235237,4.58899021148682,85.80000305,15.4941329115402,65.7477188110352,80.3548920843149,2363.0175566301,13.243,25.3839152221772,35080992.0,7.446270569954787,4.8766044244197255,517.3333333333334,524.3333333333334,Canada,,,,,,,,,,,,,,,,,,,,,,,,,,,,,,,,,,0.6758226818898485,0.2533691394597853,0.3330111969326286,0.209010659859687,2462.9944,115181,43836,2462.9944,70.20880139307349,4.2656164258494735,0.015106418378147942,7.809539051923555,7.809133124467933,17.373170003289644,43836,1249.5655767088913,7.131351189333681,0.2688617383882372,10.688233488623478,10.688210676583283,115181,3283.2879982413265,8.096905164120955,0.7064459323226469,11.654268765035624,11.654260083085832
CAN,2014,527.0,0.6193162920511436,0.7016619655992478,0.709957966926608,1.3480833624857975,0.2976614074523651,55.0,1.1901108071269284,191464.6199388166,56.13,0.719856308168211,1.71482,4564.22043,4198.0,60858.96,50960.8431174661,4.84358978271484,87.12000275,14.6664530922053,67.1677017211914,80.790219211487,2698.08155801256,13.203,25.6870322073392,35434066.0,7.449222724205245,4.783095104819248,516.6666666666666,525.6666666666666,Canada,,,,,,,,,,,,,,,,,,,,,,,,,,,,,,,,,,0.6797719573862798,0.2494048808128033,0.3458854997974365,0.1992911774718368,2595.5439,118300,45868,2595.5439,73.2499595163592,4.307437232448441,0.016048733982017428,7.861936570516758,7.86155136901367,17.38318423175861,45868,1294.4605341086174,7.166621535708428,0.2836104333612602,10.733544786612352,10.733522985158196,118300,3338.5951248157635,8.113604858507953,0.731471053166414,11.680987503016127,11.680979049966478
CAN,2015,528.0,0.6052876776030339,0.7016619655992478,0.709957966926608,1.188276774185412,0.2874827430409228,55.0,1.217681083813192,162410.10705462488,55.73,0.73847873895248,1.6936,4545.96875,4277.0,61391.62,43594.1941045394,4.73936986923218,90.0,14.8286795335378,67.2690963745117,82.767383138656,3386.74415755684,12.759,26.577805675299,35704498.0,7.450333364291915,4.7940438047946925,516.0,527.0,Canada,525.0,,,0.7016619655992478,,,0.709957966926608,,,518.0,,,523.0,,,63.603271484375,,,24.7599844678335,,,15.6186928492244,,,200725.46730483053,,,1.179373189705011,,,14.036,,,0.6847574994235953,0.2374326608168782,0.353640686492749,0.18737667040784,2308.4065,121327,46117,2308.4065,64.65310057012985,4.184384828424571,0.014222073253391776,7.744745844097669,7.744312738636001,17.390787233211,46117,1291.62997894551,7.164434165307418,0.28412645356295285,10.738958608308268,10.738936924565653,121327,3398.087266203827,8.13126222344828,0.7474946382338917,11.706252900940717,11.706244658786218
CAN,2016,524.6666666666666,0.6413947111968965,0.7016619655992478,0.709957966926608,1.4551888666866066,0.291278164229151,55.0,1.2001786722242924,166259.2931163597,54.71,0.6904970096069718,1.72903,4400.49278,4078.0,61324.12,42314.0615817218,4.81642007827759,91.16000366,14.0996116936098,69.2459411621094,84.5919452304565,10221.068747765,12.597,25.7544403076172,36110803.0,7.437925124841613,4.7355859303558665,514.6666666666666,524.6666666666666,Canada,526.0,,,0.7016619655992478,,,0.709957966926608,,,517.3333333333334,,,524.3333333333334,,,65.7477188110352,,,25.3839152221772,,,15.4941329115402,,,193245.96208736577,,,1.235778580264247,,,13.243,,,0.6780478341193487,0.2333606951394979,0.3675987110044906,0.1836954679129001,2248.8728,122861,44443,2248.8728,62.27700890506368,4.147522054723154,0.014152280669135353,7.718628960267063,7.718184391889394,17.4021026306137,44443,1230.7397318193118,7.116182865135469,0.2796822522725085,10.701985248703899,10.701962748225764,122861,3402.333645142148,8.13251071410925,0.7731710549794717,11.718817053276615,11.71880891403039
CAN,2017,521.3333333333334,0.6729486779945548,0.7016619655992478,0.709957966926608,1.3955065669773707,0.2653326238810118,55.0,1.2036336967534318,171897.9203092328,53.65,0.6961460868857089,1.68702,4429.05796,4053.0,61601.66,45129.628116623,4.95998001098633,92.70140076,14.3488055729531,70.2687072753906,86.1024018448784,26565.3853494623,11.236,27.9425660305866,36545075.0,7.43049073933139,4.71764258404955,513.3333333333334,522.3333333333334,Canada,527.0,525.0,,0.7016619655992478,0.7016619655992478,,0.709957966926608,0.709957966926608,,516.6666666666666,518.0,,525.6666666666666,523.0,,67.1677017211914,63.603271484375,,25.6870322073392,24.7599844678335,,14.6664530922053,15.6186928492244,,191464.6199388166,200725.46730483053,,1.1901108071269284,1.179373189705011,,13.203,14.036,,0.6822777708575517,0.2370090129009019,0.3930765414059717,0.1815121364927164,2305.5217,125556,42903,2305.5217,63.08706987193213,4.160242625512217,0.014243902527735745,7.743495911147852,7.7430622638774596,17.414056988158855,42903,1173.9748789679595,7.0690020467479755,0.2650619814801339,10.666720340662762,10.666697032541045,125556,3435.6476214647255,8.1422517465617,0.7757061778131993,11.740515117710908,11.740507153169048
CAN,2018,518.0,0.6552623186723485,0.7016619655992478,0.709957966926608,1.3683293704694983,0.2472086501338206,55.0,1.1872707041309831,171436.0732362401,52.98,0.7446156867264048,1.7372,4715.91861,4349.0,63648.46,46539.1761570405,4.88898992538452,94.64,15.4222842964733,69.3507232666016,89.0494584998715,30940.812923392,10.709,28.520011309014,37072620.0,7.448834006577239,4.77331079430579,512.0,520.0,Canada,528.0,526.0,,0.7016619655992478,0.7016619655992478,,0.709957966926608,0.709957966926608,,516.0,517.3333333333334,,527.0,524.3333333333334,,67.2690963745117,65.7477188110352,,26.577805675299,25.3839152221772,,14.8286795335378,15.4941329115402,,162410.10705462488,193245.96208736577,,1.217681083813192,1.235778580264247,,12.759,13.243,,0.6782791561053563,0.2479072411307569,0.4034762596322472,0.180635922148371,2356.4236,131467,41557,2356.4236,63.56237028836915,4.1676317377915915,0.013478258541949086,7.7653246067714585,7.7649003248749215,17.42838924972679,41557,1120.9620469230392,7.022834259238719,0.2376974964211775,10.634845320859826,10.634821257814647,131467,3546.202021869509,8.173914408852161,0.7519642120943028,11.786518754978907,11.78651114853625
CAN,2019,517.25,0.667915801638837,0.7016619655992478,0.709957966926608,1.4903163841069444,0.2345403312801741,55.0,1.243662054358302,167772.62368738683,53.88,0.7180731202660989,1.75578,4850.93689,4238.0,64546.67,46352.8693445211,4.77293014526367,91.91290283,17.1309209127166,73.1128768920898,90.9589210049458,35872.9396271701,10.744,29.7712155335756,37618495.0,7.448230630281789,4.733188230342778,508.25,516.75,Canada,524.6666666666666,527.0,525.0,0.7016619655992478,0.7016619655992478,0.7016619655992478,0.709957966926608,0.709957966926608,0.709957966926608,514.6666666666666,516.6666666666666,518.0,524.6666666666666,525.6666666666666,523.0,69.2459411621094,67.1677017211914,63.603271484375,25.7544403076172,25.6870322073392,24.7599844678335,14.0996116936098,14.6664530922053,15.6186928492244,166259.2931163597,191464.6199388166,200725.46730483053,1.2001786722242924,1.1901108071269284,1.179373189705011,12.597,13.203,14.036,0.6811731178334289,0.2513888026489366,0.3981438767985586,0.192195488284191,2629.8345,136586,36898,2629.8345,69.90801997793903,4.261383543895999,0.01441124087226355,7.875056375222918,7.874676195435121,17.443006375720604,36898,980.8473199153766,6.889435817565154,0.2021975016696984,10.515939729390396,10.51591262801771,136586,3630.820424900039,8.197489296015394,0.748478182098147,11.824717053215213,11.824709731847435
CAN,2020,516.5,0.6887443499342158,0.7016619655992478,0.709957966926608,1.780651884018945,0.2506523177402078,55.0,1.2003885124325693,163331.17588128464,52.26,0.7539764278413312,1.93413,5155.65021,4452.0,65331.55,43537.839298904,4.88794994354248,92.3,16.7587089775244,75.2389068603516,84.7747749116615,39858.7243645171,20.125,30.9708342335825,38028638.0,7.449472763317523,4.771274851422027,504.5,513.5,Canada,521.3333333333334,528.0,526.0,0.7016619655992478,0.7016619655992478,0.7016619655992478,0.709957966926608,0.709957966926608,0.709957966926608,513.3333333333334,516.0,517.3333333333334,522.3333333333334,527.0,524.3333333333334,70.2687072753906,67.2690963745117,65.7477188110352,27.9425660305866,26.577805675299,25.3839152221772,14.3488055729531,14.8286795335378,15.4941329115402,171897.9203092328,162410.10705462488,193245.96208736577,1.2036336967534318,1.217681083813192,1.235778580264247,11.236,12.759,13.243,0.6822767567570878,0.2597346974486654,0.4001689636580204,0.2260780294857953,2548.8457,148019,29896,2548.8457,67.02437515642816,4.2198660991280885,0.013000178915634418,7.843788126517758,7.843395869001321,17.453850065431926,29896,786.1443788757305,6.668411686325733,0.15248210154965702,10.30551341989678,10.30547997116532,148019,3892.3034792884246,8.267013299693723,0.7549587968048797,11.905102678751458,11.905095922884831
CAN,2021,515.75,0.6965137226453538,0.7016619655992478,0.709957966926608,1.849547079358063,0.2608264943012133,55.0,1.269073409452537,179628.4351141445,53.1,0.7210492857621564,1.87064,5507.58596,4710.0,69684.17,52886.6616372703,4.74858999252319,93.93710327,16.33762888714,79.7657318115234,87.4056019628826,43542.2312171403,13.557,29.3322296142578,38239864.0,7.508398532233208,4.821650741717348,500.75,510.25,Canada,518.0,524.6666666666666,527.0,0.7016619655992478,0.7016619655992478,0.7016619655992478,0.709957966926608,0.709957966926608,0.709957966926608,512.0,514.6666666666666,516.6666666666666,520.0,524.6666666666666,525.6666666666666,69.3507232666016,69.2459411621094,67.1677017211914,28.520011309014,25.7544403076172,25.6870322073392,15.4222842964733,14.0996116936098,14.6664530922053,171436.0732362401,166259.2931163597,191464.6199388166,1.1872707041309831,1.2001786722242924,1.1901108071269284,10.709,12.597,13.203,0.6745268070021483,0.2814111134702511,0.4065170817917949,0.2110932746250697,2558.8389,151388,39721,2558.8389,66.91548118476572,4.218264008352288,0.012149693472013594,7.8476996058059525,7.84730887989907,17.459389089655794,39721,1038.7327737358062,6.946719010787585,0.1886003743345671,10.589660469358737,10.589635294075828,151388,3958.905293177821,8.283975388098352,0.7188095332383738,11.927607962128002,11.927601356606447
CAN,2022,515.0,0.6715772413054772,0.7016619655992478,0.709957966926608,1.598407170269917,0.2611361682670248,55.0,1.2938614801778363,181336.4895733488,50.8,0.7630009115254144,1.81291,5624.26883,4710.0,69051.87,56256.8007264015,4.84426021575928,94.0,15.1489765380468,78.8488311767578,91.2386689983444,43653.2998026964,10.082,32.3500860763309,38935934.0,7.481259368962164,,497.0,507.0,Canada,517.25,521.3333333333334,528.0,0.7016619655992478,0.7016619655992478,0.7016619655992478,0.709957966926608,0.709957966926608,0.709957966926608,508.25,513.3333333333334,516.0,516.75,522.3333333333334,527.0,73.1128768920898,70.2687072753906,67.2690963745117,29.7712155335756,27.9425660305866,26.577805675299,17.1309209127166,14.3488055729531,14.8286795335378,167772.62368738683,171897.9203092328,162410.10705462488,1.243662054358302,1.2036336967534318,1.217681083813192,10.744,11.236,12.759,0.6798424701673189,0.2869056044447788,0.4138848859098523,0.1949692495102892,2549.9475,144698,52259,2549.9475,65.49085222920297,4.197064377736387,0.011644331771602564,7.8442201377653955,7.8438280497052375,17.47742813540461,52259,1342.179180805063,7.202794605944775,0.23864065203388632,10.863986539074604,10.863967403797764,144698,3716.309977307851,8.220755561307037,0.6607632191201378,11.88241100174566,11.882404090823986
CAN,2023,515.0,0.703031717791388,0.7016619655992478,0.709957966926608,1.6620285889975617,0.3027446232485903,55.0,1.2731112562894893,181336.4895733488,53.8,0.7405297163361092,1.81048,5624.26883,4710.0,69051.87,54220.3285039875,4.84426021575928,94.14530182,16.3717954388263,76.2666931152344,94.1497268194785,42565.0375102124,10.806,32.8881839878328,40083484.0,,,497.0,507.0,Canada,516.5,518.0,524.6666666666666,0.7016619655992478,0.7016619655992478,0.7016619655992478,0.709957966926608,0.709957966926608,0.709957966926608,504.5,512.0,514.6666666666666,513.5,520.0,524.6666666666666,75.2389068603516,69.3507232666016,69.2459411621094,30.9708342335825,28.520011309014,25.7544403076172,16.7587089775244,15.4222842964733,14.0996116936098,163331.17588128464,171436.0732362401,166259.2931163597,1.2003885124325693,1.1872707041309831,1.2001786722242924,20.125,10.709,12.597,0.6794578055345236,0.2837352273389661,0.4163567175378567,0.1999968734859033,2360.1077,145125,42109,2360.1077,58.8798044601113,4.092339294016893,0.010468881598625739,7.766886152309418,7.766462532571604,17.50647493711073,42109,1050.5324337575048,6.9580038398953,0.18678560102851713,10.648040521155973,10.648016773545576,145125,3620.5685114597327,8.194662501435102,0.6437403013432651,11.885357609587993,11.885350719000193
CHE,2012,515.0,0.591950636975318,0.5998125400242598,0.6353055369205989,2.312427915001826,0.1577089673661986,55.0,1.2886109870635498,548620.4680661204,68.2,0.858287814059546,2.87456,4497.48676,1480.0,20963.19,85836.2076767359,4.89862012863159,85.2,26.0587678960902,54.835620880127,132.03116268359,3486.49301269586,8.327,34.0826565106592,7996861.0,7.871855630658559,5.226137016167178,531.0,509.0,Switzerland,,,,,,,,,,,,,,,,,,,,,,,,,,,,,,,,,,0.5935323504570524,0.3190906360149698,0.3960125908008123,0.4011544829920955,4337.187,43992,16424,4337.187,542.36118396956,6.29777426265869,0.12059205794517115,8.375211797880496,8.374981260268072,15.894559647644897,16424,2053.8058620751317,7.627936651458,0.45665634423682705,9.706559843352812,9.70649895869877,43992,5501.158517073137,8.612895751878863,1.2231628041686857,10.691785809335006,10.69176307818765
CHE,2013,512.0,0.612155410672721,0.653972199081932,0.6364823801690284,2.3491924977589145,0.1822223229699924,55.0,1.2840312707346937,525962.1210732256,66.59,0.8511907210107438,2.9316299999999997,4768.5494966666665,1525.0,21599.81,87304.3305813557,4.91392993927002,86.34,26.7510678341774,56.1812400817871,136.551244178553,3954.9550730059,8.743,34.0826565106592,8089346.0,7.890266350020701,5.244492271715141,527.6666666666666,503.3333333333333,Switzerland,,,,,,,,,,,,,,,,,,,,,,,,,,,,,,,,,,0.6158596108322241,0.3291939539156394,0.4049761445022311,0.3940636724479056,4441.0679,46729,17814,4441.0679,549.0020948541452,6.309922087044981,0.11512978846878094,8.398875290244794,8.398650144524467,15.906058445223021,17814,2202.155773779487,7.697646054143413,0.461808307813277,9.787796078039936,9.787739943991815,46729,5776.610371221604,8.661745445595939,1.2113978003708668,10.752141635694471,10.752120235936289
CHE,2014,509.0,0.6366333180221789,0.5923071748684247,0.6155105507773394,2.1741223998545554,0.1225525137492019,55.0,1.2711516684726276,503303.7740803309,64.78,0.8999565002591209,2.9887,5039.612233333333,1480.0,22166.96,88724.9909402638,4.93057012557983,83.6172512621702,26.6587283403628,58.0650596618652,136.137729869778,4897.99965781901,8.597,34.0826565106592,8188649.0,7.903978583612068,5.202566060605962,524.3333333333334,497.6666666666667,Switzerland,,,,,,,,,,,,,,,,,,,,,,,,,,,,,,,,,,0.5640401565989835,0.3391348060968842,0.3979428738622551,0.3805824676175789,4202.9575,48593,18922,4202.9575,513.2662909351715,6.242741207049618,0.10184638562869816,8.34378162252614,8.343543723129105,15.918259484957348,18922,2310.7596869764475,7.74576428277078,0.45851934235980885,9.848133392404051,9.84808054526439,48593,5934.190120983327,8.688654340394777,1.177509269807113,10.791255345477046,10.791234766593037
CHE,2015,506.0,0.6310954674910049,0.5877075034499627,0.6067125156600586,2.316518150675861,0.1489807224461388,55.0,1.261902760587476,480645.42708743614,68.3,0.8635165453239009,3.04577,5310.67497,1477.0,22207.15,83806.4476003837,4.99560022354126,87.4790555978675,27.0515100038866,60.8185615539551,135.723075533919,6938.08892982176,8.815,35.4597988324787,8282396.0,7.894410180808584,5.189227900296321,521.0,492.0,Switzerland,515.0,,,0.5998125400242598,,,0.6353055369205989,,,531.0,,,509.0,,,54.835620880127,,,34.0826565106592,,,26.0587678960902,,,548620.4680661204,,,1.2886109870635498,,,8.327,,,0.5559409785205613,0.339252524581506,0.4127927805063285,0.3709387747215873,4327.5166,51829,19365,4327.5166,522.495736740914,6.2605288865160444,0.09838593769953766,8.372980175695258,8.372749122975994,15.929642856482122,19365,2338.091537762744,7.757517901244976,0.44026259392085215,9.871274230171476,9.871222591948852,51829,6257.730251004661,8.741732608217513,1.178330492141691,10.855724411183752,10.855705117152361
CHE,2016,502.3333333333333,0.6326124486210397,0.5763141725892786,0.648752837624894,1.950511705130019,0.1774259770162621,55.0,1.2617410900800448,478650.6390546737,66.28,0.9043577522223905,3.04624,5284.12335,1462.0,22401.11,82153.0745447889,4.98164987564087,89.1346877351392,27.335457169438,61.1939888000488,134.235676338144,17196.7260846272,8.579,36.6043286063333,8373338.0,7.892186901297172,5.168219008699496,519.0,489.3333333333333,Switzerland,512.0,,,0.653972199081932,,,0.6364823801690284,,,527.6666666666666,,,503.3333333333333,,,56.1812400817871,,,34.0826565106592,,,26.7510678341774,,,525962.1210732256,,,1.2840312707346937,,,8.743,,,0.5703278745887125,0.3362641193147156,0.4249025000823402,0.3698926884155399,4377.29,52368,19021,4377.29,522.7652341276561,6.261043557453256,0.09893130790136763,8.384413516181388,8.384185090422193,15.940563168220848,19021,2271.614976010762,7.728686419275961,0.4298943884439719,9.853351483042331,9.85329891095284,52368,6254.1366418028265,8.74115826787469,1.183571280901841,10.866070092189561,10.866050996740961
CHE,2017,498.6666666666667,0.6374963025723989,0.5699521198826649,0.6439392076245831,2.1885478509602003,0.1049648170364146,55.0,1.2592784318611625,476655.8510219113,67.69,0.8529251860443599,3.04671,5257.57173,1337.0,23044.72,82254.3769269767,5.01765012741089,89.6861476710225,14.0238568621919,62.4597206115723,131.169694242519,32951.9962517038,8.059,37.864109457113,8451840.0,7.911174476755299,5.070101006997043,517.0,486.6666666666667,Switzerland,509.0,515.0,,0.5923071748684247,0.5998125400242598,,0.6155105507773394,0.6353055369205989,,524.3333333333334,531.0,,497.6666666666667,509.0,,58.0650596618652,54.835620880127,,34.0826565106592,34.0826565106592,,26.6587283403628,26.0587678960902,,503303.7740803309,548620.4680661204,,1.2711516684726276,1.2886109870635498,,8.597,8.327,,0.5641649121856139,0.3360567868103352,0.4387025624612023,0.3190384348775,4554.5767,54807,18814,4554.5767,538.8858165795849,6.291357666420906,0.10249709262256418,8.424107409802868,8.423887874530495,15.949894727108234,18814,2226.0241556868086,7.708421513937118,0.42339396778649546,9.842409703027538,9.842356552531896,54807,6484.623466606087,8.777343231929885,1.2333875407927317,10.911591447682735,10.91157320200468
CHE,2018,495.0,0.6477477648123989,0.5655858463719677,0.6008561822175486,2.3679331619771804,0.1093786158630833,55.0,1.2531703315467366,476530.9657652989,68.4,0.8907451833360559,3.0982700000000003,5409.70946,1283.0,22749.87,85217.3691512274,4.9300799369812,91.80000305,13.3182169315591,64.3533935546875,126.681143927488,68154.7541796893,7.937,38.9846808461516,8514329.0,7.89093838952258,5.021820198429611,515.0,484.0,Switzerland,506.0,512.0,,0.5877075034499627,0.653972199081932,,0.6067125156600586,0.6364823801690284,,521.0,527.6666666666666,,492.0,503.3333333333333,,60.8185615539551,56.1812400817871,,35.4597988324787,34.0826565106592,,27.0515100038866,26.7510678341774,,480645.42708743614,525962.1210732256,,1.261902760587476,1.2840312707346937,,8.815,8.743,,0.5390512385678065,0.3452672114898599,0.4691395772992241,0.315150633598197,4585.7905,55509,17661,4585.7905,538.5968172007448,6.290822225874294,0.09956113561794588,8.430935821001283,8.430717779862379,15.95726106685996,17661,2074.267978134272,7.637845570414966,0.3834342663818904,9.779170718028748,9.779114097696372,55509,6519.4802784811345,8.782703314551494,1.2051442552852247,10.924318463684207,10.924300448749825
CHE,2019,497.0,0.6265092791611379,0.5782560806030724,0.6482605923204678,2.301180046785971,0.1235278678707832,55.0,1.2522851429728885,476406.08050868654,67.24,0.8893880052758246,3.14983,5561.84719,1369.0,23076.47,84121.9310304414,5.01438999176025,93.1460869535177,12.9094936723953,66.3093414306641,126.920635838501,95783.2280695208,7.993,39.555597158669,8575280.0,7.898056650805864,5.079196543681467,513.25,483.75,Switzerland,502.3333333333333,509.0,515.0,0.5763141725892786,0.5923071748684247,0.5998125400242598,0.648752837624894,0.6155105507773394,0.6353055369205989,519.0,524.3333333333334,531.0,489.3333333333333,497.6666666666667,509.0,61.1939888000488,58.0650596618652,54.835620880127,36.6043286063333,34.0826565106592,34.0826565106592,27.335457169438,26.6587283403628,26.0587678960902,478650.6390546737,503303.7740803309,548620.4680661204,1.2617410900800448,1.2711516684726276,1.2886109870635498,8.579,8.597,8.327,0.5751944493160152,0.3486714858945179,0.5009763472564696,0.3137849656845963,4624.5669,57259,15926,4624.5669,539.2904838092751,6.29210692790438,0.09696247764212218,8.439354215408045,8.43913800231848,15.964394203544403,15926,1857.198831991492,7.527362927637157,0.3339176299792393,9.675771061251782,9.67570827281739,57259,6677.216370777398,8.806606220514412,1.2005393428972286,10.955357578652107,10.955340114301212
CHE,2020,499.0,0.663816992817981,0.6047995885504379,0.6641610743622314,2.619159472394599,0.1185882317428917,55.0,1.233357645928406,491626.6767801974,66.08,0.8696190550427043,3.199225,5782.62917,1384.0,23656.76,85897.7843338323,5.27676010131836,94.34999847,12.8450867094278,68.0676422119141,127.376373489656,120002.310675401,8.603,40.4104658667547,8638167.0,7.915578859810821,5.082764781610752,511.5,483.5,Switzerland,498.6666666666667,506.0,512.0,0.5699521198826649,0.5877075034499627,0.653972199081932,0.6439392076245831,0.6067125156600586,0.6364823801690284,517.0,521.0,527.6666666666666,486.6666666666667,492.0,503.3333333333333,62.4597206115723,60.8185615539551,56.1812400817871,37.864109457113,35.4597988324787,34.0826565106592,14.0238568621919,27.0515100038866,26.7510678341774,476655.8510219113,480645.42708743614,525962.1210732256,1.2592784318611625,1.261902760587476,1.2840312707346937,8.059,8.815,8.743,0.6032705765016823,0.3578857730150021,0.5353134281526761,0.3212562101350861,5129.5913,63407,11963,5129.5913,593.8286791630678,6.388273429904907,0.102691814001116,8.542976194680422,8.542781266375117,15.971700965494877,11963,1384.9002919253587,7.23410523771429,0.239493187477792,9.389657419749838,9.389573832170905,63407,7340.330419636482,8.901275361264927,1.2693759540587108,11.057345315430217,11.057329544425208
CHE,2021,501.0,0.6659333194077097,0.6189488538549315,0.6353091564053673,2.8615944796121995,0.1422520257550729,55.0,1.2221050895547982,506847.27305170824,65.5,0.8945479222927388,3.24862,6003.41115,1288.0,25078.21,93664.7736696111,5.02535009384155,95.56937154,14.2350632729725,71.893928527832,123.21236546636,140348.158307165,8.315,39.9859430595539,8704546.0,7.966256238424413,5.003735942445597,509.75,483.25,Switzerland,495.0,502.3333333333333,509.0,0.5655858463719677,0.5763141725892786,0.5923071748684247,0.6008561822175486,0.648752837624894,0.6155105507773394,515.0,519.0,524.3333333333334,484.0,489.3333333333333,497.6666666666667,64.3533935546875,61.1939888000488,58.0650596618652,38.9846808461516,36.6043286063333,34.0826565106592,13.3182169315591,27.335457169438,26.6587283403628,476530.9657652989,478650.6390546737,503303.7740803309,1.2531703315467366,1.2617410900800448,1.2711516684726276,7.937,8.579,8.597,0.5980642922409791,0.3764808850091759,0.5447633489385247,0.3307570028839608,5329.1543,66149,15527,5329.1543,612.2265652912857,6.418734468452105,0.1019797828258499,8.581135466084206,8.580947836653356,15.979355975889842,15527,1783.7805670738026,7.487050755045715,0.29712783657567793,9.650400124848845,9.65033572298117,66149,7599.362448081726,8.935951215674335,1.2658407459035563,11.099680169543102,11.099665052270861
CHE,2022,503.0,0.6633807587531221,0.6124542617565649,0.6739953017851232,2.435507792085605,0.1278331943964167,55.0,1.2360061320395808,518804.4048826807,64.6,0.919250376736632,3.2352,6055.6847849999995,1288.0,24247.97,94394.5106803525,4.86427021026611,96.45279694,29.9881397976664,74.1526794433594,123.971228075124,151274.203927316,6.835,39.9547282957949,8777088.0,7.924305398335138,,508.0,483.0,Switzerland,497.0,498.6666666666667,506.0,0.5782560806030724,0.5699521198826649,0.5877075034499627,0.6482605923204678,0.6439392076245831,0.6067125156600586,513.25,517.0,521.0,483.75,486.6666666666667,492.0,66.3093414306641,62.4597206115723,60.8185615539551,39.555597158669,37.864109457113,35.4597988324787,12.9094936723953,14.0238568621919,27.0515100038866,476406.08050868654,476655.8510219113,480645.42708743614,1.2522851429728885,1.2592784318611625,1.261902760587476,7.993,8.059,8.815,0.617119997756061,0.3779214955877497,0.5527785550705513,0.3873683764303595,5316.5684,63177,21319,5316.5684,605.73260744338,6.408088179084,0.10002710328380805,8.57877141017925,8.578583336615452,15.987655247728846,21319,2428.937706902335,7.795620900986396,0.40110041938094954,9.967400878279781,9.967353972864542,63177,7197.945377783612,8.881689818967759,1.1886261642305103,11.053711418267817,11.053695589847887
CHE,2023,503.0,0.6698106688550253,0.5899539416771087,0.6306553254422662,2.536380489387221,0.0845007588071574,55.0,1.2412188090574146,530761.5367136531,67.6,0.892524165914268,3.22178,6107.95842,1288.0,24247.97,100623.549627296,4.86427021026611,97.34436623,29.3340286978728,74.0060882568359,130.221876609608,163621.681253151,7.865,41.2647756874978,8888822.0,,,508.0,483.0,Switzerland,499.0,495.0,502.3333333333333,0.6047995885504379,0.5655858463719677,0.5763141725892786,0.6641610743622314,0.6008561822175486,0.648752837624894,511.5,515.0,519.0,483.5,484.0,489.3333333333333,68.0676422119141,64.3533935546875,61.1939888000488,40.4104658667547,38.9846808461516,36.6043286063333,12.8450867094278,13.3182169315591,27.335457169438,491626.6767801974,476530.9657652989,478650.6390546737,1.233357645928406,1.2531703315467366,1.2617410900800448,8.603,7.937,8.579,0.5871331665518823,0.3880664507893333,0.5730247288617122,0.39613586941849,5304.3022,63031,17915,5304.3022,596.738487957122,6.393153347193751,0.09769851837942307,8.57646201455287,8.576273506109905,16.000305090273624,17915,2015.452666281314,7.609095140832524,0.32997157604771543,9.793449447327191,9.793393629739054,63031,7091.040860082473,8.86672842861045,1.1609510694872203,11.051397812925524,11.051381947842192
CHL,2012,445.0,,0.6103951343905316,0.6966939175727431,,,,2.2617339844944206,141572.3154510481,42.7,,0.36213,389.87508,336.0,5059.05,15241.9069981119,4.54814004898071,55.04999924,5.4362793557559,75.0770721435547,136.656261082535,102.231168131229,16.927,14.042525992784,17519119.0,5.669098143275931,3.0046447698839582,423.0,441.0,CHL,,,,,,,,,,,,,,,,,,,,,,,,,,,,,,,,,,0.3897266009858232,0.0372092140162005,0.2979175430622078,0.2944606246436597,114.5833,13160,4428,114.5833,6.540471584216078,2.0202847243897897,0.01677581338159925,4.749991482134576,4.741302069403538,16.67880335682004,4428,252.7524357817308,5.536359129449751,0.64829082120799,8.395929103923198,8.395703293828527,13160,751.1793258553698,6.62297476075473,1.9267179781158872,9.485013189834323,9.484937204879309
CHL,2013,445.6666666666667,,0.6045117237361377,0.6851498669945293,,,,2.2617339844944206,182845.18733036643,40.58,,0.39031,334.78846,340.0,5099.24,15683.5486369155,4.54814004898071,58.0,6.69462231509352,79.8703384399414,133.778091102587,126.59010801489,16.682,11.7153797149658,17687006.0,5.667479098019519,3.0068280733897317,423.0,447.0,CHL,,,,,,,,,,,,,,,,,,,,,,,,,,,,,,,,,,0.3811333212543483,0.0376253389374512,0.3036068043997171,0.317601493793493,129.75,14408,4751,129.75,7.335893932528773,2.120570760905201,0.02191202747110451,4.873287102945032,4.865609522045998,16.688340803649076,4751,268.61527609590905,5.596996039509731,0.8023432949149714,8.466320861042481,8.46611040118692,14408,814.609323929669,6.70393547062327,2.433206102533131,9.575608290332934,9.575538886855792
CHL,2014,446.3333333333333,,0.5986283130817438,0.6736058164163153,,,,2.1523148819626687,128232.83946337114,40.64,,0.37668,426.80476,452.0,5871.42,14529.6767206336,4.75168991088867,61.11000061,7.09179365119211,83.6629791259766,132.559670334991,164.183160786142,16.976,15.2283789799715,17864195.0,5.798091310111314,3.269645275855812,423.0,453.0,CHL,,,,,,,,,,,,,,,,,,,,,,,,,,,,,,,,,,0.3945792085449496,0.037797276780626,0.3180948961565623,0.2803889213701068,126.5,15851,5385,126.5,7.0812034911172885,2.0895408083619693,0.01659120083646042,4.848116364598481,4.840242308167575,16.698308988250883,5385,301.4409549380759,5.711886068131441,0.7062736482556471,8.591558273371545,8.591372589590488,15851,887.305585278262,6.7893158113594705,2.078949600464301,9.671050954310326,9.670987868797893
CHL,2015,447.0,,0.5927449024273499,0.6620617658381015,,,,2.0428957794309173,112996.846826603,41.2,,0.38296,455.29183,443.0,6161.44,13433.9202987032,4.90390014648438,76.6295919508796,6.72253052606446,86.4181137084961,128.583971575207,223.021034623669,15.813,13.1031398773193,18047625.0,5.835976541264326,3.24048724851252,423.0,459.0,CHL,445.0,,,0.6103951343905316,,,0.6966939175727431,,,423.0,,,441.0,,,75.0770721435547,,,14.042525992784,,,5.4362793557559,,,141572.3154510481,,,2.2617339844944206,,,16.927,,,0.3848043934945601,0.0370546090052355,0.3645003018319259,0.2526988549364471,139.8333,18181,5894,139.8333,7.74801670579924,2.168827012483393,0.01701769325796872,4.947576921442701,4.9404509988601,16.708524655138525,5894,326.580367222834,5.791733421070865,0.7172989843082272,8.68185981297147,8.68169016329764,18181,1007.390169066567,6.916110446224758,2.212625183866284,9.808187372681804,9.808132371719273
CHL,2016,446.0,,0.5868614917729561,0.6505177152598877,,,,2.075990785607585,102237.96479594176,38.41,,0.37103,495.36438,386.0,6774.99,13649.8520452803,5.36645984649658,83.5585860244169,8.42437955941115,88.8458862304688,127.565123343064,1233.24724652973,15.799,15.7262938444243,18267221.0,5.91857756253062,3.096967845885445,421.0,456.6666666666667,CHL,445.6666666666667,,,0.6045117237361377,,,0.6851498669945293,,,423.0,,,447.0,,,79.8703384399414,,,11.7153797149658,,,6.69462231509352,,,182845.18733036643,,,2.2617339844944206,,,16.682,,,0.384253218423643,0.0380759241522845,0.3996707432832894,0.2576762122070669,179.0,21320,6345,179.0,9.79897270635747,2.379451009824285,0.019781342991107818,5.19295685089021,5.187385805840755,16.72061880950501,6345,347.3434738650176,5.853188986881281,0.7011878283719503,8.75557997214314,8.755422380148488,21320,1167.117866477884,7.06314907137717,2.356079511566585,9.967447781495006,9.967400878279781
CHL,2017,445.0,,0.5809780811185622,0.6389736646816737,,,,2.109085791784253,107332.8692184666,38.7,,0.35679,494.62971,425.0,6921.66,14879.9086227187,5.43278980255127,82.3274869338464,7.1060964752424,89.921989440918,124.000811902967,7223.60868130535,17.732,14.6437301635742,18558868.0,5.924140856060662,3.173882793884428,419.0,454.3333333333333,CHL,446.3333333333333,445.0,,0.5986283130817438,0.6103951343905316,,0.6736058164163153,0.6966939175727431,,423.0,423.0,,453.0,441.0,,83.6629791259766,75.0770721435547,,15.2283789799715,14.042525992784,,7.09179365119211,5.4362793557559,,128232.83946337114,141572.3154510481,,2.1523148819626687,2.2617339844944206,,16.976,16.927,,0.3677906025213316,0.0395643990025056,0.399899643100321,0.2684232894651067,143.1667,20584,6062,143.1667,7.714193559650297,2.1649531399399837,0.015595896088915276,4.970970268917671,4.964009685585044,16.73645829208297,6062,326.6363013088945,5.791904155696166,0.6603653090488529,8.70996000607173,8.709795057617749,20584,1109.1193708581795,7.012222829837903,2.2423225868461873,9.932317934204004,9.93226935396158
CHL,2018,444.0,,0.5750946704641683,0.6274296141034599,,,,1.6966124671269178,110394.41433824367,37.79,,0.36916,523.65457,406.0,7572.42,15659.4808675628,5.473060131073,84.90000153,6.91141099413123,91.1974792480469,133.270134198082,8003.20072982907,18.138,17.8410684297064,18893191.0,5.995958278761704,3.11303622944085,417.0,452.0,CHL,447.0,445.6666666666667,,0.5927449024273499,0.6045117237361377,,0.6620617658381015,0.6851498669945293,,423.0,423.0,,459.0,447.0,,86.4181137084961,79.8703384399414,,13.1031398773193,11.7153797149658,,6.72253052606446,6.69462231509352,,112996.846826603,182845.18733036643,,2.0428957794309173,2.2617339844944206,,15.813,16.682,,0.3683839348147232,0.0420211711008475,0.4190943335684524,0.2191458229308841,220.5,22181,6361,220.5,11.670871267855174,2.5393057581767455,0.0222873473019727,5.40042258948519,5.395897694886901,16.754312150568744,6361,336.6821412010284,5.8221050423716605,0.6429470121897884,8.758098072309089,8.757940876678804,22181,1174.0208416884157,7.069041164028112,2.2419757392519566,10.007036428164687,10.006991345550789
CHL,2019,444.0,,0.5750946704641683,0.6274296141034599,,,,1.785222163370866,97844.80984267124,36.64,,0.34243,507.31033,438.0,8012.18,14495.716721687,5.62629985809326,85.01760101,7.63288202076965,92.0659713745117,130.492770400522,10872.7358797992,18.953,18.5991363585684,19197744.0,6.036318594688767,3.1703232253952094,415.75,451.0,CHL,446.0,446.3333333333333,445.0,0.5868614917729561,0.5986283130817438,0.6103951343905316,0.6505177152598877,0.6736058164163153,0.6966939175727431,421.0,423.0,423.0,456.6666666666667,453.0,441.0,88.8458862304688,83.6629791259766,75.0770721435547,15.7262938444243,15.2283789799715,14.042525992784,8.42437955941115,7.09179365119211,5.4362793557559,102237.96479594176,128232.83946337114,141572.3154510481,2.075990785607585,2.1523148819626687,2.2617339844944206,15.799,16.976,16.927,0.3705823256113994,0.0392644350865644,0.4241014865540148,0.2305533819953384,202.5,23645,5906,202.5,10.548114403442405,2.446522168527024,0.020792232642773908,5.31566600488265,5.310739886546594,16.770303330094343,5906,307.64031440360907,5.732176567831113,0.6064144493245566,8.683893367307235,8.683724062303869,23645,1231.6551361451636,7.116925769107436,2.427814028831551,10.070949246423059,10.070906955077977
CHL,2020,444.0,,0.5750946704641683,0.6274296141034599,,,,1.8738318596148145,85320.57106584964,33.86,,0.33525,515.32026,372.0,9032.26,13114.815470545,5.62992000579834,87.45929718,15.9750583433893,89.1124877929688,129.413740104604,12744.8656274573,24.377,19.1731123093964,19370624.0,6.146942508245997,3.0058973068266375,414.5,450.0,CHL,445.0,447.0,445.6666666666667,0.5809780811185622,0.5927449024273499,0.6045117237361377,0.6389736646816737,0.6620617658381015,0.6851498669945293,419.0,423.0,423.0,454.3333333333333,459.0,447.0,89.921989440918,86.4181137084961,79.8703384399414,14.6437301635742,13.1031398773193,11.7153797149658,7.1060964752424,6.72253052606446,6.69462231509352,107332.8692184666,112996.846826603,182845.18733036643,2.109085791784253,2.0428957794309173,2.2617339844944206,17.732,15.813,16.682,0.3683479978281941,0.0374963163811182,0.4319519993016592,0.2900214549802696,216.1,26439,5692,216.1,11.156068075039814,2.4978284751573105,0.021648805492413232,5.380358076884246,5.3757412635128405,16.779268249629396,5692,293.847012878883,5.686456621409551,0.5702221233818423,8.646992628951082,8.646816959209742,26439,1364.9018224709746,7.219570165271793,2.6486477020542036,10.182633293965623,10.18259547176777
CHL,2021,444.0,,0.5750946704641683,0.6274296141034599,,,,1.7074567700500949,91489.07609270408,35.1,,0.36063,638.83802,402.0,9990.88,16206.8325493421,5.00225019454956,90.23280334,12.4417748590856,96.2227935791016,136.571581265001,12724.956304718,20.477,19.6066035468373,19456334.0,6.24320079896781,3.075543502819679,413.25,449.0,CHL,444.0,446.0,446.3333333333333,0.5750946704641683,0.5868614917729561,0.5986283130817438,0.6274296141034599,0.6505177152598877,0.6736058164163153,417.0,421.0,423.0,452.0,456.6666666666667,453.0,91.1974792480469,88.8458862304688,83.6629791259766,17.8410684297064,15.7262938444243,15.2283789799715,6.91141099413123,8.42437955941115,7.09179365119211,110394.41433824367,102237.96479594176,128232.83946337114,1.6966124671269178,2.075990785607585,2.1523148819626687,18.138,15.799,16.976,0.3753222861626391,0.0460501371998379,0.4271902943535753,0.2417257631902579,155.4576,27048,7426,155.4576,7.990076650616711,2.1961213746559363,0.012507202765760107,5.052785046755417,5.0463730256281005,16.78368323054147,7426,381.6751912256441,5.947186564685346,0.5974522168008161,8.912877287669296,8.912742634737025,27048,1390.1899504809078,7.237914739380362,2.1761227524950812,10.205405315014563,10.205368344387722
CHL,2022,444.0,,0.5750946704641683,0.6274296141034599,,,,1.7287355939919336,85421.44528602954,34.0,,0.39205,707.0557,402.0,9057.77,15405.6165774073,4.91201019287109,92.31819916,6.93672684116693,99.3372802734375,135.114280974065,11563.2682310819,18.287,20.2839308500317,19553036.0,6.140404039811504,,412.0,448.0,CHL,444.0,445.0,447.0,0.5750946704641683,0.5809780811185622,0.5927449024273499,0.6274296141034599,0.6389736646816737,0.6620617658381015,415.75,419.0,423.0,451.0,454.3333333333333,459.0,92.0659713745117,89.921989440918,86.4181137084961,18.5991363585684,14.6437301635742,13.1031398773193,7.63288202076965,7.1060964752424,6.72253052606446,97844.80984267124,107332.8692184666,112996.846826603,1.785222163370866,2.109085791784253,2.0428957794309173,18.953,17.732,15.813,0.3793812326402709,0.0468862297253469,0.4278272136451064,0.2119803276374147,170.8333,25085,8955,170.8333,8.736919422641067,2.275924786584034,0.012356762589766363,5.146524820802465,5.140688227222483,16.78864112645641,8955,457.98514358588614,6.129017842621445,0.6477355936539174,9.100078977718645,9.099967314494812,25085,1282.9209745228313,7.1576739360340715,1.814455317343218,10.13006520058462,10.130025336918353
CHL,2023,444.0,,0.5750946704641683,0.6274296141034599,,,,1.6184274252389914,85421.44528602954,33.3,,0.39205,707.0557,402.0,9057.77,17067.0364799154,4.91201019287109,94.45742345,10.7195633423709,104.734062194824,135.871118507277,12299.9658931976,21.973,21.5449905281817,19658835.0,,,412.0,448.0,CHL,444.0,444.0,446.0,0.5750946704641683,0.5750946704641683,0.5868614917729561,0.6274296141034599,0.6274296141034599,0.6505177152598877,414.5,417.0,421.0,450.0,452.0,456.6666666666667,89.1124877929688,91.1974792480469,88.8458862304688,19.1731123093964,17.8410684297064,15.7262938444243,15.9750583433893,6.91141099413123,8.42437955941115,85320.57106584964,110394.41433824367,102237.96479594176,1.8738318596148145,1.6966124671269178,2.075990785607585,24.377,18.138,15.799,0.3895847344612017,0.0494096961221345,0.4355576313328386,0.2283252677823156,156.25,26443,7150,156.25,7.948080341485139,2.1914390222962403,0.011241095067171001,5.05783689558055,5.051457288616511,16.794037413552125,7150,363.70415642635993,5.899086494586434,0.514392510273745,8.875007486048396,8.874867635688053,26443,1345.0949662073058,7.204963062104615,1.9023889719116978,10.182784568453469,10.182746751976826
COL,2012,416.0,,0.6168621957470094,0.6617361440827383,,,,1.43152821360539,367374.15051010234,35.5,,0.22116,58.0547,213.0,4076.94,8108.59838244229,4.37038993835449,48.98,5.6774289147471,47.4669914245605,107.329081558437,30.645853152334,20.086,9.47169971466064,45715810.0,4.5018086588142605,1.733286010650677,390.0,425.0,COL,,,,,,,,,,,,,,,,,,,,,,,,,,,,,,,,,,0.2719734529435,0.0143437989655653,0.2437901946690995,0.3135423625551109,67.5,19193,5130,67.5,1.4765132675107364,0.9068516303953162,0.025433139220609812,4.22683374526818,4.212127597878484,17.637954747896842,5130,112.21500833081598,4.729288739408513,1.9329185807663458,8.543055850941965,8.542860938164814,19193,419.8328761975343,6.04223578621753,7.2316776453505796,9.862353009177573,9.862300908205878
COL,2013,416.0,,0.60997044577358,0.6597618452151474,,,,1.393108040130012,367374.15051010234,37.38,,0.25761,58.0547,251.0,4525.2,8279.10255642981,4.87855005264282,51.7,7.76843663280142,50.7474899291992,108.978088379372,41.6670422406304,18.729,10.0754098892212,46151584.0,4.595632908364656,1.8623111092194689,390.0,425.0,COL,,,,,,,,,,,,,,,,,,,,,,,,,,,,,,,,,,0.272746560505121,0.0159772509397628,0.2699550010114157,0.3099361994943855,72.4667,21649,5713,72.4667,1.5701887935200665,0.9439793567226815,0.027046712729892095,4.296832242331055,4.283127146000495,17.647441841184357,5713,123.78773391613167,4.826614165176517,2.132260332344008,8.65067458279072,8.650499558724462,21649,469.0846580693742,6.152912802035665,8.080046199004977,9.982760733430636,9.98271454298743
COL,2014,416.0,,0.6030786958001505,0.6577875463475565,,,,1.3800540483568045,420307.3696691898,35.5,,0.30317,59.05478,260.0,4993.33,8187.20824890084,4.62945985794067,52.568136539247,8.11983496308117,53.1794395446777,118.822639860142,55.2126342484679,18.245,10.5114498138428,46565429.0,4.684282213776534,1.8845728051870063,390.0,425.0,COL,,,,,,,,,,,,,,,,,,,,,,,,,,,,,,,,,,0.2720359453083624,0.0175118187821349,0.2746834438047525,0.3327198912808439,96.4667,22374,5979,96.4667,2.071637737945032,1.122210884485844,0.0350799332068468,4.5795107812047195,4.569197871071716,17.65636895682362,5979,128.3999767295175,4.862908202233071,2.1742520542709247,8.696175846944678,8.696008608880904,22374,480.4852114644965,6.176875517297138,8.136262830282266,10.015699543143056,10.015654849406875
COL,2015,416.0,,0.596186945826721,0.6558132474799656,,,,1.3298639895609106,323100.977880103,36.41,,0.36542,70.66931,321.0,5383.5,6248.51490534512,4.47038984298706,55.9049725142924,9.8493456203733,54.7961311340332,122.051401385652,72.1525298946518,17.316,10.3048801422119,46969940.0,4.7502731316758995,2.0584934274229645,390.0,425.0,COL,416.0,,,0.6168621957470094,,,0.6617361440827383,,,390.0,,,425.0,,,47.4669914245605,,,9.47169971466064,,,5.6774289147471,,,367374.15051010234,,,1.43152821360539,,,20.086,,,0.2680026698083249,0.0169996922449047,0.2826990025473049,0.2816812389458319,75.981,23712,6491,75.981,1.6176516299573727,0.9622775913903039,0.022890440418300004,4.343558638158339,4.330483309031122,17.66501838059125,6491,138.19476882448646,4.935874166910301,1.9555132040271295,8.778325928634482,8.778171881033469,23712,504.83351692593175,6.2262075972162485,7.1436033113374355,10.073778699946109,10.073736528095813
COL,2016,415.0,,0.5892951958532917,0.6538389486123747,,,,1.3119977429279082,176659.18210539786,34.16,,0.27051,91.2603,545.0,6417.19,5959.84250367574,4.47721004486084,58.1364935728703,10.1857957756345,57.1437492370605,123.709953422515,324.953804491264,18.274,10.9017200469971,47437512.0,4.914687365339224,2.524832094348318,390.3333333333333,420.6666666666667,COL,416.0,,,0.60997044577358,,,0.6597618452151474,,,390.0,,,425.0,,,50.7474899291992,,,10.0754098892212,,,7.76843663280142,,,367374.15051010234,,,1.393108040130012,,,18.729,,,0.2639091611061455,0.0145707253333121,0.2914224223860283,0.2147604310323668,86.0833,24481,6636,86.0833,1.8146672616388482,1.0348440527007636,0.01988452001186549,4.466865131835718,4.455315432109879,17.67492386608452,6636,139.88929267622638,4.947974423655297,1.532860320163602,8.800415333145924,8.800264651310336,24481,516.0683806520038,6.248175130079497,5.654905590404632,10.105693432635459,10.10565258546514
COL,2017,414.0,,0.5824034458798623,0.6518646497447839,,,,1.3199529319966612,187456.1653409651,34.78,,0.26109,90.24729,595.0,6701.16,6479.53231292429,4.53551006317139,62.2598803162841,8.96236276389192,58.3960418701172,129.272014227481,470.382151008544,18.467,11.3285098075867,48131078.0,4.943264672132369,2.592420476535356,390.6666666666667,416.3333333333333,COL,416.0,416.0,,0.6030786958001505,0.6168621957470094,,0.6577875463475565,0.6617361440827383,,390.0,390.0,,425.0,425.0,,53.1794395446777,47.4669914245605,,10.5114498138428,9.47169971466064,,8.11983496308117,5.6774289147471,,420307.3696691898,367374.15051010234,,1.3800540483568045,1.43152821360539,,18.245,20.086,,0.2580831738181782,0.0151931891143698,0.3113276696385724,0.2174804148471121,106.25,26746,6965,106.25,2.2075134074495484,1.1654959975299544,0.024460716853099394,4.675162557808126,4.665794807804526,17.689438638701436,6965,144.7089965448104,4.981611458342318,1.6034719330055274,8.848796450925947,8.848652886213905,26746,555.6908573707823,6.32201007215319,6.157424310145848,10.194177596502213,10.194140208432742
COL,2018,413.0,,0.5755116959064328,0.6498903508771929,,,,1.3283329734477074,187456.1653409651,33.78,,0.31233,90.24729,415.0,7531.98,6816.96818309544,4.44910001754761,64.1263768204459,7.22139251354653,57.3205413818359,131.595473810882,659.629839917682,19.45,11.7552995681763,49024465.0,5.041081525805288,2.2476178179061037,391.0,412.0,COL,416.0,416.0,,0.596186945826721,0.60997044577358,,0.6558132474799656,0.6597618452151474,,390.0,390.0,,425.0,425.0,,54.7961311340332,50.7474899291992,,10.3048801422119,10.0754098892212,,9.8493456203733,7.76843663280142,,323100.977880103,367374.15051010234,,1.3298639895609106,1.393108040130012,,17.316,18.729,,0.249999171419708,0.0175648186888174,0.3165943753691603,0.216842350671634,140.6667,26687,6594,140.6667,2.869316370918071,1.3530778430959507,0.031793933877882326,4.953477115550397,4.9463932623346984,17.707830017187547,6594,134.5042725096541,4.9090031712592115,1.4903968031577912,8.794067065151415,8.793915423631676,26687,544.3608614596814,6.301447706669832,6.031880419452832,10.191969305158473,10.191931834432474
COL,2019,412.5,,0.5755116959064328,0.6498903508771929,,,,1.3680435700856477,187456.1653409651,33.0,,0.32201,90.24729,422.0,8752.82,6472.54544924705,4.51068019866943,65.0069007159493,9.04845616228861,56.6663017272949,132.810761644655,787.409068909514,20.658,12.0679597854614,49907985.0,5.172635940726496,2.246603009551302,389.0,411.25,COL,415.0,416.0,416.0,0.5892951958532917,0.6030786958001505,0.6168621957470094,0.6538389486123747,0.6577875463475565,0.6617361440827383,390.3333333333333,390.0,390.0,420.6666666666667,425.0,425.0,57.1437492370605,53.1794395446777,47.4669914245605,10.9017200469971,10.5114498138428,9.47169971466064,10.1857957756345,8.11983496308117,5.6774289147471,176659.18210539786,420307.3696691898,367374.15051010234,1.3119977429279082,1.3800540483568045,1.43152821360539,18.274,18.245,20.086,0.2482480099910401,0.0178713057979675,0.3225518902646599,0.2338288785738301,118.0,27540,6655,118.0,2.364351115357593,1.2132351110272137,0.026198582975262667,4.77912349311153,4.770684624465665,17.725691567959988,6655,133.34539553139643,4.90041406228511,1.4775556754268901,8.803273982501045,8.803123730829212,27540,551.8155060758314,6.3150243221248825,6.114482840158761,10.223431082444048,10.223394772282646
COL,2020,412.0,,0.5755116959064328,0.6498903508771929,,,,1.360787636833341,187456.1653409651,30.84,,0.2894,90.24729,369.0,9599.78,5339.68711357943,5.26166009902954,69.79533474,9.91355157220335,55.7331085205078,133.661019178018,407.78197162445,27.248,12.846360206604,50629997.0,5.250211453437838,2.114829136752302,387.0,410.5,COL,414.0,416.0,416.0,0.5824034458798623,0.596186945826721,0.60997044577358,0.6518646497447839,0.6558132474799656,0.6597618452151474,390.6666666666667,390.0,390.0,416.3333333333333,425.0,425.0,58.3960418701172,54.7961311340332,50.7474899291992,11.3285098075867,10.3048801422119,10.0754098892212,8.96236276389192,9.8493456203733,7.76843663280142,187456.1653409651,323100.977880103,367374.15051010234,1.3199529319966612,1.3298639895609106,1.393108040130012,18.467,17.316,18.729,0.2480612433820687,0.0154367209013207,0.361469327182275,0.266035530951556,118.3333,30689,7012,118.3333,2.3372172034693186,1.20513728709342,0.02589792118377536,4.781920418402943,4.773505219117125,17.740054784692685,7012,138.4949716666979,4.938028555211754,1.534616404178983,8.85552084853691,8.855378246041125,30689,606.1426391157005,6.4087637537595326,6.716463609219739,10.331692147613781,10.331659563179363
COL,2021,411.5,,0.5755116959064328,0.6498903508771929,,,,1.353531703581034,187456.1653409651,31.7,,0.2894,90.24729,432.0,10300.11,6222.62164397614,5.26166009902954,73.02837449,8.20914960906244,58.3159217834473,146.627837254516,646.067207751291,24.757,14.5234107154872,51188173.0,5.3093587089031535,2.2448976606457633,385.0,409.75,COL,413.0,415.0,416.0,0.5755116959064328,0.5892951958532917,0.6030786958001505,0.6498903508771929,0.6538389486123747,0.6577875463475565,391.0,390.3333333333333,390.0,412.0,420.6666666666667,425.0,57.3205413818359,57.1437492370605,53.1794395446777,11.7552995681763,10.9017200469971,10.5114498138428,7.22139251354653,10.1857957756345,8.11983496308117,187456.1653409651,176659.18210539786,420307.3696691898,1.3283329734477074,1.3119977429279082,1.3800540483568045,19.45,18.274,18.245,0.2548257108567052,0.0171170829992862,0.3846547732733402,0.2477176138194941,85.7,31745,8993,85.7,1.6742148620932418,0.9836558277677734,0.01855141425402626,4.462453883786496,4.450852825603734,17.751019067232278,8993,175.68511382502362,5.174369130304383,1.9467079158279832,9.104312967330653,9.104201775914515,31745,620.1627864311547,6.4315931835418425,6.8718161667918745,10.365522012132187,10.36549051160455
COL,2022,411.0,,0.5755116959064328,0.6498903508771929,,,,1.9750855663064983,187456.1653409651,29.2,,0.2894,90.24729,432.0,9683.4,6680.44506854481,5.26166009902954,72.79637855,8.40182637186439,59.2901382446289,156.195161137443,669.643927095364,20.972,16.2004612243704,51737944.0,5.237305648787255,,383.0,409.0,COL,412.5,414.0,416.0,0.5755116959064328,0.5824034458798623,0.596186945826721,0.6498903508771929,0.6518646497447839,0.6558132474799656,389.0,390.6666666666667,390.0,411.25,416.3333333333333,425.0,56.6663017272949,58.3960418701172,54.7961311340332,12.0679597854614,11.3285098075867,10.3048801422119,9.04845616228861,8.96236276389192,9.8493456203733,187456.1653409651,187456.1653409651,323100.977880103,1.3680435700856477,1.3199529319966612,1.3298639895609106,20.658,18.467,17.316,0.2600298008855194,0.01755123122453,0.3939412455680751,0.3093588274873083,106.0,28484,9692,106.0,2.0487864767104003,1.1147436349570752,0.02270191688537573,4.672828834461906,4.663439094112067,17.76170199678534,9692,187.3286653988415,5.238188656678289,2.0757262118213355,9.179159254492609,9.179056081936416,28484,550.5437170058401,6.312721104828142,6.100390571349456,10.257132911914496,10.257097805102015
COL,2023,411.0,,0.5755116959064328,0.6498903508771929,,,,1.9216855786764828,187456.1653409651,29.4,,0.2894,90.24729,432.0,9683.4,7000.83660501046,5.26166009902954,77.33686322,8.59989159781141,59.2901382446289,166.980107777443,1109.11166481961,19.365,16.4727370334322,52321152.0,,,383.0,409.0,COL,412.0,413.0,415.0,0.5755116959064328,0.5755116959064328,0.5892951958532917,0.6498903508771929,0.6498903508771929,0.6538389486123747,387.0,391.0,390.3333333333333,410.5,412.0,420.6666666666667,55.7331085205078,57.3205413818359,57.1437492370605,12.846360206604,11.7552995681763,10.9017200469971,9.91355157220335,7.22139251354653,10.1857957756345,187456.1653409651,187456.1653409651,176659.18210539786,1.360787636833341,1.3283329734477074,1.3119977429279082,27.248,19.45,18.274,0.2611025500624177,0.0180378615308515,0.4188776555825563,0.2960132510761981,95.2333,29906,7324,95.2333,1.8201682562341135,1.036796548501363,0.020168674940090867,4.566775451620394,4.556329670551055,17.77291128321944,7324,139.98162731585114,4.948629579163571,1.5510895376010863,8.899048433885268,8.898911905794401,29906,571.5852739633867,6.350161674490809,6.333545017954408,10.305847845690813,10.305814408143789
CRI,2012,416.0,,,,,,,2.149907330138783,162512.9429204828,36.3,,0.54713,340.94423,9.0,311.7,10126.9991024177,6.58239984512329,47.5,39.7898301713494,46.6885414123535,115.312137778965,164.453442094163,22.372,22.7862701416016,4663934.0,4.217033942769635,1.074900508819106,402.0,426.0,CRI,,,,,,,,,,,,,,,,,,,,,,,,,,,,,,,,,,0.2765316999844816,0.0320503131465656,0.3194993087466556,0.4371136059669892,4.3333,2587,706,4.3333,0.9291083450151739,0.6570578987616492,0.00272510358956705,1.6739701835521403,1.466329376456149,15.355369855968943,706,151.37435478289356,5.026340353389803,0.44398567702082414,6.561030665896573,6.559615237493242,2587,554.68194875828,6.320196095968955,1.6268993575819717,7.858640655620791,7.8582541821860294
CRI,2013,416.0,,,,,,,2.2057409145333873,163259.146963902,41.54,,0.54253,359.00481,18.0,275.45,10803.2401962173,6.68738985061646,45.96,43.4415513820508,47.5057106018066,150.800664186252,274.376519646228,21.559,22.7862701416016,4716147.0,4.08439065665774,1.5720838405311723,402.0,426.0,CRI,,,,,,,,,,,,,,,,,,,,,,,,,,,,,,,,,,0.2776414431592473,0.033305625486165,0.3553718551517353,0.4537430293057645,10.0,3142,813,10.0,2.1203749586261833,1.1379531736473214,0.005906257798123048,2.3978952727983707,2.302585092994046,15.36650271063707,813,172.38648413630872,5.155523115151093,0.4801787589874038,6.70196036600254,6.70073110954781,3142,666.2218120003469,6.503122542357213,1.8557462001702618,8.052933036797567,8.052614818815567
CRI,2014,416.0,,,,,,,2.1231258114905662,105575.80458843232,37.3,,0.55627,574.91761,15.0,365.39,10911.497878334,6.67953014373779,53.0,36.5061833752317,50.3342781066895,147.26739567441,306.893954189102,24.23,22.7862701416016,4767119.0,4.352185422247252,1.422277761515848,402.0,426.0,CRI,,,,,,,,,,,,,,,,,,,,,,,,,,,,,,,,,,0.2814827327274563,0.0385301306533816,0.3721387187903293,0.4032615151343095,11.0,3499,938,11.0,2.3074733397676876,1.1961845564356175,0.004013572205185519,2.4849066497880004,2.3978952727983707,15.377252697164666,938,196.76454479109918,5.287077155351836,0.3422482480421833,6.844815479208263,6.843749949006225,3499,733.98629234974,6.599851849174627,1.2766808314494664,8.160518247477505,8.160232492367689
CRI,2015,416.0,,,,,,,2.2877587791023974,102106.19981222604,38.59,,0.43665,500.97138,17.0,363.09,11714.7105980732,6.87349987030029,59.7629501371681,16.9840779616817,51.2845802307129,156.403893036958,314.858454831614,22.363,21.3045806884766,4818038.0,4.335466218948752,1.5103702676035735,402.0,426.0,CRI,416.0,,,,,,,,,402.0,,,426.0,,,46.6885414123535,,,22.7862701416016,,,39.7898301713494,,,162512.9429204828,,,2.149907330138783,,,22.372,,,0.2746004092785793,0.0343763161983235,0.4077777649088641,0.3445564453369003,6.0,4448,999,6.0,1.2453201905007807,0.8088481348554887,0.0024858110467324114,1.9459101490553132,1.791759469228055,15.38787734921593,999,207.34581171838,5.339199255522807,0.4138875392809465,6.907755278982137,6.906754778648554,4448,923.1973678912454,6.82892565044601,1.8428145893109609,8.400434630806041,8.400209835930418
CRI,2016,416.0,,,,,,,2.3636284539390973,100867.3789427975,38.4,,0.44335,531.44617,9.0,425.5,12091.0301606154,6.89395999908447,65.8804491942718,18.4424705219172,51.6516418457031,171.166374015358,493.117112437687,21.65,20.6339893341064,4866998.0,4.482161008477936,1.04703445262394,402.0,426.0,CRI,416.0,,,,,,,,,402.0,,,426.0,,,47.5057106018066,,,22.7862701416016,,,43.4415513820508,,,163259.146963902,,,2.2057409145333873,,,21.559,,,0.2713999697343063,0.0358293786503783,0.4419055230221094,0.3554314853251447,4.75,4264,1095,4.75,0.9759609516995899,0.6810548378447866,0.0018364248475054204,1.749199854809259,1.55814461804655,15.397987877884749,1095,224.98468254969492,5.420467220646583,0.4233442543196706,6.999422467507961,6.9985096422506015,4264,876.1047364309582,6.7766264110464585,1.6485295894238132,8.35819745992578,8.357962965845681
CRI,2017,416.0,,,,,,,1.9001704502471235,136237.7990346862,37.09,,0.42587,385.02378,19.0,483.69,12317.0902771304,7.06981992721558,71.5816646195022,18.4952181840988,54.4492301940918,179.931274611112,1170.11864217389,20.736,20.9718542098999,4913177.0,4.599629881648777,1.5825088665130884,402.0,426.0,CRI,416.0,416.0,,,,,,,,402.0,402.0,,426.0,426.0,,50.3342781066895,46.6885414123535,,22.7862701416016,22.7862701416016,,36.5061833752317,39.7898301713494,,105575.80458843232,162512.9429204828,,2.1231258114905662,2.149907330138783,,24.23,22.372,,0.2770628208029173,0.032537589216182,0.4740582790274433,0.3100918104957643,9.3333,4106,968,9.3333,1.8996466034095656,1.0645888686735332,0.004933842276987581,2.335371690005382,2.233588650072145,15.407431337369328,968,197.02119422931435,5.288374066528189,0.5117117551266946,6.876264611890766,6.875232087276577,4106,835.7118011421123,6.729479687590891,2.1705459365188102,8.320448113956559,8.32020459757888
CRI,2018,416.0,,,,,,,2.1187348480485713,133809.45301205377,35.72,,0.37144,349.49117,8.0,542.38,12590.2493781614,6.76992988586426,73.4797284369906,18.4668840173132,52.6140899658203,171.357339055205,1216.05916151016,25.071,21.3097190856934,4957818.0,4.704100470387867,0.9607335879626656,402.0,426.0,CRI,416.0,416.0,,,,,,,,402.0,402.0,,426.0,426.0,,51.2845802307129,47.5057106018066,,21.3045806884766,22.7862701416016,,16.9840779616817,43.4415513820508,,102106.19981222604,163259.146963902,,2.2877587791023974,2.2057409145333873,,22.363,21.559,,0.2764342710394293,0.030484461601832,0.4610461610389812,0.356099506529222,13.5,4303,925,13.5,2.7229720816697993,1.3145222959824736,0.007791247148446695,2.6741486494265287,2.6026896854443837,15.416476282553363,925,186.57401300330108,5.234173503540306,0.5338447120231995,6.8308742346461795,6.829793737512425,4303,867.9221383277886,6.767253522088649,2.4833878873900836,8.36730010184162,8.3670677328386
CRI,2019,414.75,,,,,,,2.132688287186112,121886.05555224152,36.13,,0.35073,360.73073,16.0,631.94,12884.6859951989,6.73809003829956,81.2025964435269,17.5649349958823,55.0202903747559,144.514079558713,1322.91826889324,31.194,21.457704544067397,4999553.0,4.847326249382225,1.435152643344911,397.75,423.25,CRI,416.0,416.0,416.0,,,,,,,402.0,402.0,402.0,426.0,426.0,426.0,51.6516418457031,50.3342781066895,46.6885414123535,20.6339893341064,22.7862701416016,22.7862701416016,18.4424705219172,36.5061833752317,39.7898301713494,100867.3789427975,105575.80458843232,162512.9429204828,2.3636284539390973,2.1231258114905662,2.149907330138783,21.65,24.23,22.372,0.2720654822599381,0.0305553690565831,0.4548748219460998,0.37685935417149,9.0,4724,995,9.0,1.8001609343875344,1.0296768920964203,0.004990317665444068,2.302585092994046,2.1972245773362196,15.424859066401956,995,199.01779219062186,5.298406323544355,0.551707341901872,6.903747257584598,6.902742737158593,4724,944.8844726718569,6.852120439683034,2.6193622946175306,8.460622839927844,8.460411177317253
CRI,2020,413.5,,,,,,,1.9852110618198764,109962.65809242924,33.51,,0.33002,371.97029,12.0,702.29,12394.0493969492,6.62899017333984,80.53018608,15.681961032421,55.0202903747559,142.481526800044,1335.23494732158,40.11,21.6056900024414,5034320.0,4.945210825296907,1.2189516700677787,393.5,420.5,CRI,416.0,416.0,416.0,,,,,,,402.0,402.0,402.0,426.0,426.0,426.0,54.4492301940918,51.2845802307129,47.5057106018066,20.9718542098999,21.3045806884766,22.7862701416016,18.4952181840988,16.9840779616817,43.4415513820508,136237.7990346862,102106.19981222604,163259.146963902,1.9001704502471235,2.2877587791023974,2.2057409145333873,20.736,22.363,21.559,0.2644289925986723,0.0294175955315933,0.4472659895199979,0.3865611052749169,9.0,5609,1019,9.0,1.7877290279521365,1.0252272959051243,0.004806107036000474,2.302585092994046,2.1972245773362196,15.431789020396428,1019,202.41065327591411,5.315226858230663,0.5441581188538314,6.927557906278317,6.926577033222725,5609,1114.1524575315038,7.016746407759197,2.995272707214073,8.632305998516742,8.632127729508337
CRI,2021,412.25,,,,,,,2.018009347057257,86470.27574134272,34.5,,0.27385,406.58119,15.0,753.03,12838.1185358931,6.24842977523804,82.74901607,16.9670005542705,55.0202903747559,140.788061157457,1720.95269791154,39.201,21.6056900024414,5059988.0,5.0094379845190256,1.3773630725731667,389.25,417.75,CRI,416.0,416.0,416.0,,,,,,,402.0,402.0,402.0,426.0,426.0,426.0,52.6140899658203,51.6516418457031,50.3342781066895,21.3097190856934,20.6339893341064,22.7862701416016,18.4668840173132,18.4424705219172,36.5061833752317,133809.45301205377,100867.3789427975,105575.80458843232,2.1187348480485713,2.3636284539390973,2.1231258114905662,25.071,21.65,24.23,0.2559762284733075,0.0290650816571914,0.440042281742968,0.3798343066597907,6.0,5371,1174,6.0,1.185773563099359,0.7819697993475816,0.0029164496348179788,1.9459101490553132,1.791759469228055,15.436874669719334,1174,232.01636051310794,5.451108667895071,0.5706519785460512,7.069023426578259,7.068172000388042,5371,1061.4649679011097,6.968346928867813,2.6107084981012276,8.588955557643128,8.58876938990546
CRI,2022,411.0,,,,,,,2.068915418161083,99552.7002016714,28.7,,0.33789,462.47421,15.0,711.36,13625.9008491328,5.5472297668457,82.59801121,21.9748960011818,55.0202903747559,136.518375013406,1892.8462847062,30.718,21.6056900024414,5081765.0,4.9486383247322525,,385.0,415.0,CRI,414.75,416.0,416.0,,,,,,,397.75,402.0,402.0,423.25,426.0,426.0,55.0202903747559,54.4492301940918,51.2845802307129,21.457704544067397,20.9718542098999,21.3045806884766,17.5649349958823,18.4952181840988,16.9840779616817,121886.05555224152,136237.7990346862,102106.19981222604,2.132688287186112,1.9001704502471235,2.2877587791023974,31.194,20.736,22.363,0.2475234643479426,0.0334674940243591,0.4126075507533115,0.3715943398939556,3.0,4339,1414,3.0,0.5903460707057488,0.4639516470807465,0.0012764951167887804,1.3862943611198906,1.0986122886681098,15.441169200155919,1414,278.2497813259763,5.632106654872822,0.6016546983797785,7.254884810077338,7.254177846456518,4339,853.8372002640815,6.7509110417587985,1.8462374372488393,8.375629627094451,8.37539918579835
CRI,2023,411.0,,,,,,,2.0823622473441827,112571.33181186368,27.9,,0.33738,507.75814,15.0,711.36,16942.0268119375,5.31208992004395,85.39514799,24.177789153066,55.0202903747559,133.527658761832,1956.70376699752,24.308,21.6056900024414,5105525.0,,,385.0,415.0,CRI,413.5,416.0,416.0,,,,,,,393.5,402.0,402.0,420.5,426.0,426.0,55.0202903747559,52.6140899658203,51.6516418457031,21.6056900024414,21.3097190856934,20.6339893341064,15.681961032421,18.4668840173132,18.4424705219172,109962.65809242924,133809.45301205377,100867.3789427975,1.9852110618198764,2.1187348480485713,2.3636284539390973,40.11,25.071,21.65,0.2475234643479426,0.0394500931825668,0.4101519330377828,0.3581135948006423,3.3333,4416,1037,3.3333,0.6528809476008833,0.5025197942251426,0.0012858108933534442,1.4663293764561487,1.2039628042759356,15.445833844645792,1037,203.11329393157413,5.318675202097263,0.40001976911994774,6.945051063725834,6.9440872082295275,4416,864.9453288349386,6.763821775894019,1.7034593061077041,8.393216011596527,8.392989587956931
CZE,2012,508.0,,0.6328983421178275,0.6680191143841134,,,,1.3570507911300715,111206.25561856176,49.7,,1.757,3162.1117,867.0,13617.94,20014.0354015165,4.19049978256226,73.4300078241036,18.5892063440962,66.9287719726562,128.69010077246,834.666487802766,19.508,18.8267307281494,10510785.0,7.167512983217876,4.424687372992445,499.0,493.0,CZE,,,,,,,,,,,,,,,,,,,,,,,,,,,,,,,,,,0.540460505440239,0.1516876481459596,0.3326671834648271,0.2244725266917776,157.6111,20751,7661,157.6111,14.995178761624368,2.7722873494330815,0.0047421407541119965,5.066455294141404,5.06013060641568,16.167912430834612,7661,728.870393600478,6.592866975366767,0.23050115326428158,8.944028325260595,8.94389780251682,20751,1974.2578694169845,7.58845423560553,0.624347922123366,9.940397906556225,9.940349717268694
CZE,2013,503.0,,0.6328983421178275,0.6680191143841134,,,,1.373973146133596,116028.86540948327,48.36,,1.86743,3260.83143,984.0,13764.71,20260.4954999375,4.02132987976074,74.1104,17.334368506368,66.3243179321289,130.521237278882,1079.86553895505,18.958,18.8267307281494,10514272.0,7.1778933426466685,4.549520876790329,496.6666666666667,491.0,CZE,,,,,,,,,,,,,,,,,,,,,,,,,,,,,,,,,,0.53273605618831,0.1578116967611648,0.3313107125200129,0.2219560414751308,185.8436,23849,8601,185.8436,17.675365446128843,2.9272052995625613,0.0054205087952457695,5.230271903271022,5.224905459776896,16.168244130295115,8601,818.0309583012499,6.708121883262289,0.2508657610372855,9.059750013343681,9.059633754551479,23849,2268.2502411959667,7.7272047656955785,0.6956048755933287,10.079539496316487,10.07949756671628
CZE,2014,498.0,,0.6328983421178275,0.6680191143841134,,,,1.3761963433505418,113621.85959467752,50.22,,1.94392,3428.30846,910.0,15039.45,20038.4163180257,3.93603992462158,74.2317116367383,17.3712318028821,67.3959732055664,132.288685248373,1417.62547116024,15.841,18.8267307281494,10525347.0,7.265345283956474,4.471158188269578,494.3333333333333,489.0,CZE,,,,,,,,,,,,,,,,,,,,,,,,,,,,,,,,,,0.5266374731369013,0.1639542350265209,0.3310467081664301,0.2069982275588923,190.2,27645,10193,190.2,18.07066313348149,2.9481511926564794,0.005271014363007898,5.2533200006173,5.24807615011129,16.16929690611039,10193,968.4241289147046,6.876702213667536,0.2824787034812803,9.229554590899987,9.229456489168413,27645,2626.5167314673804,7.873794470558569,0.7661261412479146,10.227236331024303,10.227200158772034
CZE,2015,493.0,,0.6328983421178275,0.6680191143841134,,,,1.3684165737886549,94435.24366054343,51.32,,1.906,3619.16017,880.0,16488.26,17931.5987670768,5.71913003921509,75.668838699279,17.7344072038512,67.2303619384766,118.339820565816,2048.8222188023,12.582,19.3418006896973,10546059.0,7.355291061579108,4.436082588389042,492.0,487.0,CZE,508.0,,,0.6328983421178275,,,0.6680191143841134,,,499.0,,,493.0,,,66.9287719726562,,,18.8267307281494,,,18.5892063440962,,,111206.25561856176,,,1.3570507911300715,,,19.508,,,0.5213680544144887,0.1641967563179111,0.3790765353552691,0.1832438950190559,194.3333,29195,10536,194.3333,18.427101536223155,2.966669077594854,0.005091540763785305,5.274707330260425,5.269574726155781,16.171262793595115,10536,999.0461839820923,6.907801461897782,0.2760436501991268,9.262648151599528,9.262553243423117,29195,2768.3327013436965,7.926361668117839,0.7649102474908416,10.281786992571522,10.281752740717637
CZE,2016,494.3333333333333,,0.6328983421178275,0.6680191143841134,,,,1.33357489747294,87459.14554438791,49.4,,1.65411,3546.92776,792.0,16418.09,18753.9686718096,5.50080013275146,76.4811986951838,16.8728021438796,67.5056381225586,118.544499080322,11991.389254095,10.488,20.0784492492676,10566332.0,7.349109706522233,4.330141788496845,494.3333333333333,488.0,CZE,503.0,,,0.6328983421178275,,,0.6680191143841134,,,496.6666666666667,,,491.0,,,66.3243179321289,,,18.8267307281494,,,17.334368506368,,,116028.86540948327,,,1.373973146133596,,,18.958,,,0.5279728335017356,0.1558134219952106,0.3835664455781688,0.1629085156665019,196.6667,29632,10214,196.6667,18.61258003250324,2.9761711987393267,0.005247521599510456,5.286582278963666,5.281510417723166,16.173183277753544,10214,966.6552215092239,6.87487584770396,0.2725331010150666,9.231612507251722,9.23151460720759,29632,2804.379040900854,7.939293939273438,0.790650171262821,10.296643884176694,10.296610137445906
CZE,2017,495.6666666666667,,0.6328983421178275,0.6680191143841134,,,,1.2966851129890136,98151.84340108636,50.98,,1.74513,3718.34571,794.0,16387.57,20913.197632212,3.75574994087219,78.7191728513432,17.8292568189487,67.7142181396484,119.874291148129,25419.9420488373,7.936,20.7316493988037,10594438.0,7.34459553661132,4.330009200315358,496.6666666666667,489.0,CZE,498.0,508.0,,0.6328983421178275,0.6328983421178275,,0.6680191143841134,0.6680191143841134,,494.3333333333333,499.0,,489.0,493.0,,67.3959732055664,66.9287719726562,,18.8267307281494,18.8267307281494,,17.3712318028821,18.5892063440962,,113621.85959467752,111206.25561856176,,1.3761963433505418,1.3570507911300715,,15.841,19.508,,0.5341841343399671,0.1656171197250871,0.3471120143900271,0.1551496054609485,183.6667,29822,9601,183.6667,17.336143738818425,2.9088741796605486,0.004662327037584255,5.218552578584573,5.213122701972992,16.175839704389034,9601,906.2302313723484,6.810396256241397,0.2437186593315306,9.169726689090886,9.169622538697624,29822,2814.8732382029134,7.943027701422019,0.757023003706375,10.303035186880255,10.303001655150853
CZE,2018,497.0,,0.6328983421178275,0.6680191143841134,,,,1.282548002114401,113868.2406903898,48.75,,1.87652,3906.6782,678.0,15899.72,23705.9329811299,4.21541023254395,80.6881675434288,19.5549977904499,66.7902221679688,120.431679514249,42344.5953726121,6.714,21.001915509847,10629928.0,7.311051696259679,4.171030593009226,499.0,490.0,CZE,493.0,503.0,,0.6328983421178275,0.6328983421178275,,0.6680191143841134,0.6680191143841134,,492.0,496.6666666666667,,487.0,491.0,,67.2303619384766,66.3243179321289,,19.3418006896973,18.8267307281494,,17.7344072038512,17.334368506368,,94435.24366054343,116028.86540948327,,1.3684165737886549,1.373973146133596,,12.582,18.958,,0.5377880738441285,0.1777522610968694,0.383613948265254,0.1614569862804301,180.2083,29831,9067,180.2083,16.952918213557044,2.8877526762918975,0.004339471373290241,5.199647198299343,5.194113404046918,16.17918397701203,9067,852.9690887840445,6.7498949973302595,0.21833615289430405,9.11250701162742,9.112396727646056,29831,2806.321924287728,7.93998625603021,0.7183396687978365,10.303336921858657,10.303303400245593
CZE,2019,497.25,,0.6328983421178275,0.6680191143841134,,,,1.2875387922178878,113244.38280299785,49.43,,1.89547,4027.58714,765.0,16546.99,24062.7190013343,4.46737003326416,80.8669444139622,20.7104130233292,66.8802185058594,124.126150238634,56186.8725912141,5.615,20.9109001159668,10671870.0,7.346992918855904,4.286118275129897,496.0,489.75,CZE,494.3333333333333,498.0,508.0,0.6328983421178275,0.6328983421178275,0.6328983421178275,0.6680191143841134,0.6680191143841134,0.6680191143841134,494.3333333333333,494.3333333333333,499.0,488.0,489.0,493.0,67.5056381225586,67.3959732055664,66.9287719726562,20.0784492492676,18.8267307281494,18.8267307281494,16.8728021438796,17.3712318028821,18.5892063440962,87459.14554438791,113621.85959467752,111206.25561856176,1.33357489747294,1.3761963433505418,1.3570507911300715,10.488,15.841,19.508,0.5354716184225202,0.1817985100549392,0.4086173498911968,0.1608725186606892,178.0,32296,8511,178.0,16.679363597944878,2.8723980609702875,0.004141279385936483,5.187385805840755,5.181783550292085,16.18312186565405,8511,797.517211135443,6.682756521756455,0.198013645245536,9.049232211581426,9.049114723476961,32296,3026.273745838358,8.015417739633229,0.7513862867876666,10.382729625640236,10.382698662532777
CZE,2020,497.5,,0.6328983421178275,0.6680191143841134,,,,1.263077022210987,109055.27744381718,48.34,,1.94537,4187.18471,673.0,15501.35,23472.8915454417,4.62503004074097,81.33889705,22.58251525965,67.1843719482422,123.219460160155,67601.7572863652,7.936,21.385169111864,10697858.0,7.279328747630173,4.157472557449894,493.0,489.5,CZE,495.6666666666667,493.0,503.0,0.6328983421178275,0.6328983421178275,0.6328983421178275,0.6680191143841134,0.6680191143841134,0.6680191143841134,496.6666666666667,492.0,496.6666666666667,489.0,487.0,491.0,67.7142181396484,67.2303619384766,66.3243179321289,20.7316493988037,19.3418006896973,18.8267307281494,17.8292568189487,17.7344072038512,17.334368506368,98151.84340108636,94435.24366054343,116028.86540948327,1.2966851129890136,1.3684165737886549,1.373973146133596,7.936,12.582,18.958,0.5355900846650218,0.18537465529923,0.424455940328468,0.1730094905331654,201.2095,33933,7109,201.2095,18.808391362083885,2.9861056540858746,0.004491894354974343,5.309304288667661,5.304346653810712,16.18555409247617,7109,664.5255526854068,6.500577033319548,0.15870461866617933,8.869257522797287,8.869116865929483,33933,3171.9433927801247,8.062414951140452,0.7575360564354288,10.432172740602885,10.432143271199491
CZE,2021,497.75,,0.6328983421178275,0.6680191143841134,,,,1.3111644303935863,117395.87637174052,49.0,,1.93302,4560.45106,541.0,15882.75,27696.4619527544,4.65163993835449,82.67062427,20.3560909262553,69.8369293212891,126.173145654465,75932.7348813586,8.134,22.2698001861572,10505772.0,7.321725312530121,3.960727484228959,490.0,489.25,CZE,497.0,494.3333333333333,498.0,0.6328983421178275,0.6328983421178275,0.6328983421178275,0.6680191143841134,0.6680191143841134,0.6680191143841134,499.0,494.3333333333333,494.3333333333333,490.0,488.0,489.0,66.7902221679688,67.5056381225586,67.3959732055664,21.001915509847,20.0784492492676,18.8267307281494,19.5549977904499,16.8728021438796,17.3712318028821,113868.2406903898,87459.14554438791,113621.85959467752,1.282548002114401,1.33357489747294,1.3761963433505418,6.714,10.488,15.841,0.5396033591943541,0.1993993987670774,0.4398076112157822,0.1760668953141084,277.3667,34947,9612,277.3667,26.40136298408151,3.3105927561014163,0.005789199935868078,5.628939309237205,5.62534045741613,16.167435378375917,9612,914.9256237428339,6.819935164590193,0.2006217393204158,9.170871628065816,9.17076759685636,34947,3326.457113289723,8.109963661618131,0.7294140578475417,10.461616521417985,10.461587907067887
CZE,2022,498.0,,0.6328983421178275,0.6680191143841134,,,,1.3002707697553837,113864.4936755395,42.8,,1.89089,4696.6857,541.0,14425.23,28282.2236715857,4.30291986465454,84.54009378,21.8353618959526,70.8145904541016,128.105295003482,85606.0624517083,6.72,22.2876637269128,10672118.0,7.209839039245952,,487.0,489.0,CZE,497.25,495.6666666666667,493.0,0.6328983421178275,0.6328983421178275,0.6328983421178275,0.6680191143841134,0.6680191143841134,0.6680191143841134,496.0,496.6666666666667,492.0,489.75,489.0,487.0,66.8802185058594,67.7142181396484,67.2303619384766,20.9109001159668,20.7316493988037,19.3418006896973,20.7104130233292,17.8292568189487,17.7344072038512,113244.38280299785,98151.84340108636,94435.24366054343,1.2875387922178878,1.2966851129890136,1.3684165737886549,5.615,7.936,12.582,0.538576935895817,0.2012266308111721,0.4447311908050732,0.1718012988393983,242.5833,32996,11704,242.5833,22.730567634278408,3.1667639906958582,0.0048397038009757405,5.495458978477529,5.491345156547789,16.183145104047927,11704,1096.6895231105955,7.000962816246334,0.23350285566492032,9.367771379925012,9.36768594269996,32996,3091.794899569139,8.036830459322191,0.6582929105878086,10.404171927225226,10.404141620980623
CZE,2023,498.0,,0.6328983421178275,0.6680191143841134,,,,1.2709977439234574,129292.5577602559,44.8,,1.83369,4504.58395,541.0,14425.23,31761.5944102491,4.30291986465454,85.99404818,20.302723987427,66.7282867431641,126.004753501387,80152.0281309664,8.507,21.9581005821149,10864042.0,,,487.0,489.0,CZE,497.5,497.0,494.3333333333333,0.6328983421178275,0.6328983421178275,0.6328983421178275,0.6680191143841134,0.6680191143841134,0.6680191143841134,493.0,499.0,494.3333333333333,489.5,490.0,488.0,67.1843719482422,66.7902221679688,67.5056381225586,21.385169111864,21.001915509847,20.0784492492676,22.58251525965,19.5549977904499,16.8728021438796,109055.27744381718,113868.2406903898,87459.14554438791,1.263077022210987,1.282548002114401,1.33357489747294,7.936,6.714,10.488,0.5333146657773866,0.2006114307288581,0.4418987723637892,0.1782295838374758,172.4242,33596,9357,172.4242,15.871091072733336,2.825601569791553,0.0035233200777029217,5.155740616315648,5.149957719608172,16.20096899475252,9357,861.2816482115957,6.759581955360932,0.19120115370734642,9.143986871426161,9.143880005275912,33596,3092.4033614744862,8.037027175263592,0.6865014384901154,10.422192056250804,10.422162291245519
DEU,2012,524.0,0.6099625035192704,0.735499527104587,0.7671097578435896,1.95076958264038,0.1690764212615333,55.0,1.4251544793840454,290037.89356888615,56.2,0.745076057763668,2.82499,4355.567,46620.0,105639.02,44718.0159214069,4.83153009414673,82.3499984738392,17.2272861923698,60.8984489440918,114.191945537857,2194.9044898179,8.119,24.1829490661621,80425823.0,7.181208820563775,6.364173255671748,514.0,508.0,Germany,,,,,,,,,,,,,,,,,,,,,,,,,,,,,,,,,,0.6982610943206743,0.3184834248924785,0.3657639944505004,0.262045659261734,18477.168,170458,62045,18477.168,229.741733572313,5.441299048569269,0.05274668799086617,9.824345206082421,9.824291086698945,18.20284586417347,62045,771.4562025681727,6.649575311460008,0.17711958111726273,11.03563132441303,11.03561520720872,170458,2119.443651823122,7.6593806155000905,0.4866056822965004,12.046250077580142,12.046244211049578
DEU,2013,519.0,0.6009033957788352,0.735499527104587,0.7671097578435896,2.131122703606421,0.190560377146986,55.0,1.3762722907155809,299668.99790029245,55.83,0.7485054087228639,2.78067,4380.38742,47353.0,106118.13,47206.8353514242,4.83911991119385,84.17,17.2979906043683,60.8984489440918,123.435398879553,2601.18328828955,7.825,24.1829490661621,80645605.0,7.183003550224378,6.377022770412337,511.3333333333333,508.3333333333333,Germany,,,,,,,,,,,,,,,,,,,,,,,,,,,,,,,,,,0.6927067318428662,0.3220811798196138,0.3813280030847233,0.2594234569349665,17494.285,175726,65095,17494.285,216.92794046247155,5.384164459808659,0.0495225466752143,9.769686695037779,9.769629535146972,18.205574866320283,65095,807.1735589310787,6.694776836112013,0.18426990161776116,11.083618382376493,11.083603020331497,175726,2178.9904111947576,7.687075757238946,0.49744239544792535,12.07668693339917,12.07668124273783
DEU,2014,514.0,0.6469561579262868,0.730396505319648,0.7600552977729957,2.0819529812307054,0.1193852430925615,55.0,1.3967250929577129,318662.80259709136,56.02,0.7900512233328928,2.82218,4336.01915,48154.0,108118.23,48959.5991203133,4.82582998275757,86.1937006578756,17.2097149731509,65.1844787597656,122.308668591557,3352.78609576143,7.612,24.1829490661621,80982500.0,7.197496285231799,6.389606732849805,508.6666666666667,508.6666666666667,Germany,,,,,,,,,,,,,,,,,,,,,,,,,,,,,,,,,,0.6848278998003384,0.3265101628275865,0.3863442041271979,0.2698224227807609,17583.699,184033,67841,17583.699,217.12961442286914,5.38508944768018,0.05007579692605121,9.774784427900627,9.774727558662496,18.209743639911967,67841,837.7241996727688,6.731881927363025,0.19320122229459452,11.1249367511633,11.124922010923182,184033,2272.50331861822,7.72907723295972,0.524099004179495,12.122875802129615,12.122870368336311
DEU,2015,509.0,0.6402270124512086,0.7252934835347089,0.753000837702402,2.239249547213435,0.1320672262019334,55.0,1.384047302978645,253701.1467283248,57.05,0.7759842665702682,2.87725,4755.29531,47384.0,108479.28,41929.7549110722,4.76157999038696,87.5897993525767,17.8243752766447,68.23291015625,117.401165117624,4297.92588653237,7.328,24.7420501708984,81686611.0,7.192177090015225,6.364872233451382,506.0,509.0,Germany,524.0,,,0.735499527104587,,,0.7671097578435896,,,514.0,,,508.0,,,60.8984489440918,,,24.1829490661621,,,17.2272861923698,,,290037.89356888615,,,1.4251544793840454,,,8.119,,,0.6779513900289499,0.3261228546946727,0.3841118104632441,0.2379560994122559,17480.963,189869,68630,17480.963,214.00034578494143,5.370639636428423,0.04500253545451027,9.768924942675547,9.768867739225225,18.21840066635147,68630,840.1621656209976,6.734784466142073,0.17667928295729704,11.136499606683893,11.13648503590268,189869,2324.358884224001,7.7516296649153835,0.48879380410635337,12.15409490643746,12.154089639662123
DEU,2016,507.0,0.6838920456536814,0.7201904617497698,0.7459463776318082,2.028738282893904,0.1405422711620946,55.0,1.407993890056608,255920.7871640544,57.94,0.7623289087818294,2.88393,4839.84645,48480.0,110725.54,42948.9381932694,4.76321983337402,84.1652066441212,18.0827014214761,67.9464111328125,125.024012174369,11624.9602042748,7.079,25.5801200866699,82348669.0,7.20459095436162,6.3796414971211455,504.0,505.3333333333333,Germany,519.0,,,0.735499527104587,,,0.7671097578435896,,,511.3333333333333,,,508.3333333333333,,,60.8984489440918,,,24.1829490661621,,,17.2979906043683,,,299668.99790029245,,,1.3762722907155809,,,7.825,,,0.66868338540181,0.3313732668968625,0.3886421620701155,0.2418149646018392,17790.016,194108,67588,17790.016,216.0328298688106,5.380048631815345,0.04463629830008566,9.786448889765493,9.786392680041152,18.22647285173721,67588,820.7540063580141,6.711441087930088,0.16958265408565062,11.12120052689692,11.12118573148054,194108,2357.147994705294,7.765631841937522,0.48702949960433023,12.17617513593377,12.17616998417586
DEU,2017,505.0,0.6476437719744987,0.7150874399648307,0.7388919175612144,2.23218730238176,0.1852235773344066,55.0,1.3987896180806498,269141.65474094194,58.39,0.7710757461960217,2.9886,5058.39528,47785.0,111426.61,45553.9341495339,4.77830982208252,84.3941537010844,15.850578794452,68.4692306518555,132.003261888443,34181.2784354313,6.77,26.0311390227061,82657002.0,7.207163439182358,6.361495796799059,502.0,501.6666666666667,Germany,514.0,524.0,,0.730396505319648,0.735499527104587,,0.7600552977729957,0.7671097578435896,,508.6666666666667,514.0,,508.6666666666667,508.0,,65.1844787597656,60.8984489440918,,24.1829490661621,24.1829490661621,,17.2097149731509,17.2272861923698,,318662.80259709136,290037.89356888615,,1.3967250929577129,1.4251544793840454,,7.612,8.119,,0.6586754831873914,0.3431271724470445,0.4173923449085912,0.2376710542745182,18456.209,194934,64609,18456.209,223.28669747784946,5.412925132936634,0.0441418048843841,9.823210304860236,9.823156124020073,18.230210097336165,64609,781.6518677994152,6.6626879838380155,0.15452565972650031,11.076124476552211,11.076108998952167,194934,2358.3482981877323,7.766140715048944,0.46622459646683295,12.180421448644646,12.180416318716388
DEU,2018,503.0,0.6499940628252403,0.7099844181798917,0.7318374574906206,2.252396497845526,0.1586517396583859,55.0,1.4339402835501354,286458.16439696844,58.03,0.770984247562084,3.05057,5209.2143,46617.0,111308.13,48916.1686612154,4.88401985168457,87.037112092841,15.7474335584013,69.1634292602539,128.945577229674,56406.6207107244,6.22,25.1498794555664,82905782.0,7.203097328102458,6.333792619747081,500.0,498.0,Germany,509.0,519.0,,0.7252934835347089,0.735499527104587,,0.753000837702402,0.7671097578435896,,506.0,511.3333333333333,,509.0,508.3333333333333,,68.23291015625,60.8984489440918,,24.7420501708984,24.1829490661621,,17.8243752766447,17.2979906043683,,253701.1467283248,299668.99790029245,,1.384047302978645,1.3762722907155809,,7.328,7.825,,0.6435847311765214,0.3525672119660689,0.445430480459034,0.2475256872844239,19267.117,202721,61862,19267.117,232.39774760221184,5.452744069429763,0.044612821477168225,9.86620703997581,9.86615513942162,18.233215364356088,61862,746.1723236625402,6.616295846162439,0.14324085758240743,11.032677541668376,11.032661376786582,202721,2445.197368743232,7.802290003401974,0.4693984981080989,12.219590861331081,12.21958592845519
DEU,2019,500.25,0.6419014413978288,0.7099844181798917,0.7318374574906206,2.1516163613843804,0.1653463448092245,55.0,1.4036650580324703,274759.80780849163,58.19,0.770041720304089,3.11256,5398.63462,46632.0,113491.66,47656.199739747,5.02757978439331,88.1345169091916,16.3869405629417,72.705078125,128.292298108313,77970.0331298817,5.859,27.1979771669262,83092962.0,7.220256510382338,6.331862576072939,493.75,493.5,Germany,507.0,514.0,524.0,0.7201904617497698,0.730396505319648,0.735499527104587,0.7459463776318082,0.7600552977729957,0.7671097578435896,504.0,508.6666666666667,514.0,505.3333333333333,508.6666666666667,508.0,67.9464111328125,65.1844787597656,60.8984489440918,25.5801200866699,24.1829490661621,24.1829490661621,18.0827014214761,17.2097149731509,17.2272861923698,255920.7871640544,318662.80259709136,290037.89356888615,1.407993890056608,1.3967250929577129,1.4251544793840454,7.079,7.612,8.119,0.6451290235035012,0.3575837424073841,0.4720604344634201,0.2387272974352216,18894.285,208890,54559,18894.285,227.38730868686568,5.431042910068409,0.04211941068293036,9.846667699025222,9.846614774369014,18.235470563098215,54559,656.6019394037247,6.488599792952531,0.12162370406977548,10.907056292517344,10.907037963903628,208890,2513.931324291942,7.830000775716456,0.4656605792469693,12.249567863801822,12.249563076604701
DEU,2020,497.5,0.6645755173440159,0.7099844181798917,0.7318374574906206,2.1494783078196966,0.1241967816174754,55.0,1.334975370546461,271678.13443658286,56.55,0.7564514560522343,3.0897,5390.05249,42260.0,112179.45,47394.8734504469,5.51600980758667,89.81294133,15.5031959869375,72.3894195556641,128.424798814302,97517.56929049,7.862,28.3462200164795,83160871.0,7.207819208863225,6.232785259669394,487.5,489.0,Germany,505.0,509.0,519.0,0.7150874399648307,0.7252934835347089,0.735499527104587,0.7388919175612144,0.753000837702402,0.7671097578435896,502.0,506.0,511.3333333333333,501.6666666666667,509.0,508.3333333333333,68.4692306518555,68.23291015625,60.8984489440918,26.0311390227061,24.7420501708984,24.1829490661621,15.850578794452,17.8243752766447,17.2979906043683,269141.65474094194,253701.1467283248,299668.99790029245,1.3987896180806498,1.384047302978645,1.3762722907155809,6.77,7.328,7.825,0.639386264900238,0.3527610092245898,0.5105638352610244,0.234604515796525,17971.365,221207,42243,17971.365,216.1036168079577,5.380374736386,0.04009304495807567,9.79659057935395,9.796534936826017,18.23628749468471,42243,507.9672626324465,6.232383697453502,0.09424161704823146,10.651217610866365,10.651193938585422,221207,2659.98897486295,7.8864531277383465,0.493499642127409,12.30685871434161,12.306854193699227
DEU,2021,494.75,0.6637417040249631,0.7099844181798917,0.7318374574906206,2.5368623552911993,0.1216092824945895,55.0,1.3769174492239646,291930.3704614179,57.3,0.7790789624478615,3.0786,5520.57631,39822.0,119603.62,52349.2459994422,5.36734008789062,91.43060973,15.3851048227765,75.6655426025391,127.125099449404,113297.576359309,6.665,29.4035109811968,83196078.0,7.271433536816979,6.173061614624896,481.25,484.5,Germany,503.0,507.0,514.0,0.7099844181798917,0.7201904617497698,0.730396505319648,0.7318374574906206,0.7459463776318082,0.7600552977729957,500.0,504.0,508.6666666666667,498.0,505.3333333333333,508.6666666666667,69.1634292602539,67.9464111328125,65.1844787597656,25.1498794555664,25.5801200866699,24.1829490661621,15.7474335584013,18.0827014214761,17.2097149731509,286458.16439696844,255920.7871640544,318662.80259709136,1.4339402835501354,1.407993890056608,1.3967250929577129,6.22,7.079,7.612,0.6367692759606032,0.3641997322945902,0.5233718394016056,0.2437183738469048,16894.945,227468,56453,16894.945,203.07381557096957,5.3184817694297015,0.03678489421532325,9.734828931292357,9.734769743742085,18.236710765257264,56453,678.5536212416167,6.521436143268942,0.12291354799542961,10.94118142623482,10.941163712541249,227468,2734.1192694203687,7.913930322468462,0.4952597547592578,12.334769244352133,12.33476484813903
DEU,2022,492.0,0.679274500171304,0.7099844181798917,0.7318374574906206,2.431357142667303,0.1499562743344542,55.0,1.362503880870312,267344.9998215982,57.2,0.7711780348669498,3.07096,5801.62324,39822.0,113976.3,50506.5179638543,5.23916006088257,91.62984383,17.4981505573659,77.3656997680664,124.158264349285,126884.076646738,6.049,29.575744126838,83177813.0,7.223494684930759,,475.0,480.0,Germany,500.25,505.0,509.0,0.7099844181798917,0.7150874399648307,0.7252934835347089,0.7318374574906206,0.7388919175612144,0.753000837702402,493.75,502.0,506.0,493.5,501.6666666666667,509.0,72.705078125,68.4692306518555,68.23291015625,27.1979771669262,26.0311390227061,24.7420501708984,16.3869405629417,15.850578794452,17.8243752766447,274759.80780849163,269141.65474094194,253701.1467283248,1.4036650580324703,1.3987896180806498,1.384047302978645,5.859,6.77,7.328,0.6291364914632449,0.3647453720717994,0.528969160581567,0.2347991774728715,17149.602,214544,75441,17149.602,206.18000619948975,5.333588010553161,0.035538330855053896,9.74978855401884,9.749730245327715,18.236491199555413,75441,906.9846546698697,6.8112274783151685,0.1563329118679326,11.231119428090603,11.231106172786824,214544,2579.341680935997,7.8556771036183095,0.44458965607287465,12.27627478555711,12.276270124519423
DEU,2023,492.0,0.6468135416272544,0.7099844181798917,0.7318374574906206,2.3806579577529003,0.1391654866187089,55.0,1.362503880870312,291525.95049599634,58.8,0.7650936892215371,3.1539,5926.07432,39822.0,113976.3,54776.7668235491,5.23916006088257,92.4763763,17.7818374796623,78.5947494506836,124.662572774586,139972.802327193,6.02,30.5294541601323,83287273.0,,,475.0,480.0,Germany,497.5,503.0,507.0,0.7099844181798917,0.7099844181798917,0.7201904617497698,0.7318374574906206,0.7318374574906206,0.7459463776318082,487.5,500.0,504.0,489.0,498.0,505.3333333333333,72.3894195556641,69.1634292602539,67.9464111328125,28.3462200164795,25.1498794555664,25.5801200866699,15.5031959869375,15.7474335584013,18.0827014214761,271678.13443658286,286458.16439696844,255920.7871640544,1.334975370546461,1.4339402835501354,1.407993890056608,7.862,6.22,7.079,0.6340862553035711,0.3765122642808501,0.5437774306085491,0.2472705205117846,16629.811,213858,61534,16629.811,199.66809334722728,5.301652266319228,0.03369314702540337,9.719012338285921,9.718952207119385,18.23780631035019,61534,738.8163615346128,6.606401995313044,0.12467213903159637,11.027361397606438,11.027345146560275,213858,2567.7152378371184,7.8511611454375,0.4332910961260301,12.273072198343483,12.273067522354452
DNK,2012,498.0,0.6377466222321013,0.565940222596124,0.631425694867855,2.2377590321096705,0.1936720271978422,55.0,1.1466380355643235,242869.7739750831,59.9,0.7662116417730025,2.9845,7181.8507,1406.0,12398.11,58443.7747103968,7.24570989608765,92.2600117153012,15.826335095061,77.7465515136719,130.416027276514,3064.43340083969,15.775,28.9782695770264,5591572.0,7.704489756826663,5.5312126571623645,500.0,496.0,Denmark,,,,,,,,,,,,,,,,,,,,,,,,,,,,,,,,,,0.5303231727203894,0.3343332306071683,0.4906851436600721,0.2343174799738579,1326.6523,32428,9745,1326.6523,237.25927163237813,5.4733594573379944,0.03303595153159869,7.191167473465783,7.190413980406009,15.536771022055307,9745,1742.8014876675109,7.4638227721115475,0.24266746281254647,9.184612223403452,9.184509611941662,32428,5799.442446596413,8.665689477520976,0.8075136463915092,10.386808363179929,10.386777526107597
DNK,2013,499.3333333333333,0.6369995930068416,0.5873231316693507,0.5208149670069119,2.0073364715476933,0.173121711755423,55.0,1.1526274763182078,255454.6232724373,58.34,0.7466566459949149,2.96145,7115.41931,1341.0,12912.29,61377.5940590412,8.46860980987549,94.6297,15.822591156063,80.4186782836914,125.21344682497,3458.45684328857,14.774,28.9782695770264,5614932.0,7.740940129523233,5.479919787018905,503.6666666666667,497.3333333333333,Denmark,,,,,,,,,,,,,,,,,,,,,,,,,,,,,,,,,,0.491070040131282,0.3368188612894751,0.5321900927475914,0.236529014718582,1215.7576,34267,10843,1215.7576,216.52223036717098,5.382301053890491,0.030430002918151417,7.103944894841581,7.103122700549571,15.540940035662826,10843,1931.1008574992538,7.566363217084461,0.2713966350212541,9.291367210618557,9.291274989472182,34267,6102.834370923816,8.716672438081698,0.8576914592154675,10.441967253083934,10.441938070914238
DNK,2014,500.6666666666667,0.6153554268693765,0.5901961206855637,0.6188780162329247,2.3150536540051623,0.1750715182902361,55.0,1.1631928710112391,247715.861542416,57.52,0.782848102900928,2.91543,7358.18842,1377.0,14140.3,62520.4509747011,7.63833999633789,95.9935053764454,15.7179605296799,81.3143615722656,126.869141573913,4349.80220520158,14.196,28.9782695770264,5643475.0,7.826683171230088,5.501252496868299,507.3333333333333,498.6666666666667,Denmark,,,,,,,,,,,,,,,,,,,,,,,,,,,,,,,,,,0.5496068374220299,0.3427938418986137,0.5118307632538461,0.2311401471156228,1224.0455,36438,11824,1224.0455,216.89570698904487,5.384016540008189,0.029476780779289266,7.110733265146191,7.109916635583979,15.546010568492928,11824,2095.1629979755385,7.647863808627001,0.28473897084243704,9.377971213360134,9.377886643187983,36438,6456.660125188825,8.77302232143977,0.8774795855511436,10.503394908626325,10.50336746512563
DNK,2015,502.0,0.5961158824227826,0.5498171299672528,0.6598431460541072,2.088005202551976,0.1667797044373058,55.0,1.1454133065083143,215017.04136280113,57.7,0.7902501551604226,3.06422,7566.45783,1462.0,14343.41,53094.0133607574,7.67684006690979,96.3305016195436,17.1655001970314,83.300407409668,124.553508356615,6004.944503221,12.152,30.3837299346924,5683483.0,7.833877798250437,5.553876325866113,511.0,500.0,Denmark,498.0,,,0.565940222596124,,,0.631425694867855,,,500.0,,,496.0,,,77.7465515136719,,,28.9782695770264,,,15.826335095061,,,242869.7739750831,,,1.1466380355643235,,,15.775,,,0.5612134602991874,0.3377753272154818,0.5131514887131406,0.2090336789888822,1286.25,38204,12106,1286.25,226.3136882788248,5.426330950245559,0.02991012351665017,7.1602634389262505,7.159486287148259,15.553074806989798,12106,2130.031883617845,7.664361593797035,0.28150978059674786,9.40153907670774,9.401456476451633,38204,6721.934419439629,8.813280007764257,0.8883858960778255,10.550721676081666,10.550695501154628
DNK,2016,499.0,0.617617868059782,0.5715627662840377,0.5851665770532486,2.1716586739069217,0.1702316625321087,55.0,1.145203910363655,215315.2841712143,58.45,0.7998260351312658,3.10209,7852.0565,1552.0,14395.75,54500.9260410217,7.71534013748169,96.9677852516645,14.8833242354843,82.1714935302734,121.941164424922,24041.3337267218,12.147,30.979829788208,5728010.0,7.829717944413467,5.605615459343613,510.3333333333333,500.3333333333333,Denmark,499.3333333333333,,,0.5873231316693507,,,0.5208149670069119,,,503.6666666666667,,,497.3333333333333,,,80.4186782836914,,,28.9782695770264,,,15.822591156063,,,255454.6232724373,,,1.1526274763182078,,,14.774,,,0.5324936973593667,0.3472670524018925,0.529812392926996,0.2010326681437689,1295.6909,39372,12270,1295.6909,226.20262534457865,5.42584224199405,0.02880807408155795,7.167570836715762,7.166799345379416,15.560878733431151,12270,2142.105198838689,7.67001108378748,0.2728081743730052,9.414994033976548,9.414912537704957,39372,6873.5913519704045,8.835587481054766,0.8753874035382202,10.580835581187099,10.580810182749103
DNK,2017,496.0,0.6313446238962105,0.6311333081974939,0.6136058046463031,2.256821170896425,0.168999317948723,55.0,1.16202205529551,220813.1751492156,58.7,0.7856882681425145,2.93576,7647.61749,1490.0,14654.73,57521.5514992225,7.3700098991394,97.0993621555621,12.4279222825429,81.3220062255859,123.86211468599,43757.82743392,12.384,30.1001661571119,5764980.0,7.841110054350031,5.558591362758362,509.6666666666667,500.6666666666667,Denmark,500.6666666666667,498.0,,0.5901961206855637,0.565940222596124,,0.6188780162329247,0.631425694867855,,507.3333333333333,500.0,,498.6666666666667,496.0,,81.3143615722656,77.7465515136719,,28.9782695770264,28.9782695770264,,15.7179605296799,15.826335095061,,247715.861542416,242869.7739750831,,1.1631928710112391,1.1466380355643235,,14.196,15.775,,0.5729689208807958,0.3422910526918997,0.5387862768110833,0.1981573488444043,1402.6833,39833,11705,1402.6833,243.31104357690742,5.498442182223181,0.031815273697339094,7.246854989340493,7.246142324044145,15.567312242468525,11705,2030.3626378582405,7.616462097024672,0.26548956462756357,9.367856809851165,9.367771379925012,39833,6909.477569740051,8.840794027215798,0.9034810617522204,10.592476097947214,10.592450993449742
DNK,2018,493.0,0.6259583350922119,0.5551376146179715,0.6084132424831413,2.72882805190513,0.1187606613458917,55.0,1.175238574151638,240451.19919115957,58.39,0.806368574241714,2.97895,7597.52556,1262.0,14802.91,61324.7665045565,7.32747983932495,97.3192043651002,12.3547301877073,81.1405487060547,124.550124408336,123154.440492982,10.52,32.3588409423828,5793636.0,7.846210296649334,5.388273300355227,509.0,501.0,Denmark,502.0,499.3333333333333,,0.5498171299672528,0.5873231316693507,,0.6598431460541072,0.5208149670069119,,511.0,503.6666666666667,,500.0,497.3333333333333,,83.300407409668,80.4186782836914,,30.3837299346924,28.9782695770264,,17.1655001970314,15.822591156063,,215017.04136280113,255454.6232724373,,1.1454133065083143,1.1526274763182078,,12.152,14.774,,0.5350134747438652,0.3482849000724021,0.6103430940141552,0.2004793818032796,1436.9167,39809,11276,1436.9167,248.01639246925419,5.517518727507653,0.032644364340809695,7.27095060892579,7.27025491640995,15.572270631727315,11276,1946.273462813335,7.574185448931901,0.2561720190926656,9.330520532232288,9.330431852234003,39809,6871.160010742822,8.835233747843365,0.9043944579691314,10.591873415994362,10.591848296362112
DNK,2019,493.25,0.6214421178384469,0.5285003665308842,0.6101696186176742,2.4296928362267183,0.1678314533721907,55.0,1.1797565074670973,224385.08811886312,58.44,0.7454840314405189,2.90605,7693.54905,1351.0,15073.24,59404.2663247723,7.27585983276367,98.0464347521549,12.039996737934,81.6945877075195,124.573359763273,277330.575592896,10.041,31.5225927146297,5814422.0,7.860720552562588,5.452553511481349,504.0,498.0,Denmark,499.0,500.6666666666667,498.0,0.5715627662840377,0.5901961206855637,0.565940222596124,0.5851665770532486,0.6188780162329247,0.631425694867855,510.3333333333333,507.3333333333333,500.0,500.3333333333333,498.6666666666667,496.0,82.1714935302734,81.3143615722656,77.7465515136719,30.979829788208,28.9782695770264,28.9782695770264,14.8833242354843,15.7179605296799,15.826335095061,215315.2841712143,247715.861542416,242869.7739750831,1.145203910363655,1.1631928710112391,1.1466380355643235,12.147,14.196,15.775,0.5131339819616245,0.3452650218411863,0.7498151974920628,0.1900418501196579,1423.1667,40238,9854,1423.1667,244.76494826140927,5.504375584283829,0.03181430919211587,7.261342149727136,7.2606397381014975,15.575851940886242,9854,1694.7514301507526,7.4358812431994155,0.22028213755922604,9.19573421958682,9.195632743103909,40238,6920.378328232797,8.842370209158398,0.8995040238591574,10.602591953570201,10.602567101749182
DNK,2020,493.5,0.641057696299398,0.5381446454027248,0.6332121398493088,2.24591032050728,0.131859611603394,55.0,1.1654525487147092,236355.2205112464,57.53,0.7807418690274308,2.96533,7651.2843,1261.0,15427.2,60985.4885601514,7.38574981689453,96.54914573,13.2343925466707,82.6643295288086,124.370019531752,277081.814259482,11.634,33.0904998779297,5831404.0,7.881007593062392,5.381016309682586,499.0,495.0,Denmark,496.0,502.0,499.3333333333333,0.6311333081974939,0.5498171299672528,0.5873231316693507,0.6136058046463031,0.6598431460541072,0.5208149670069119,509.6666666666667,511.0,503.6666666666667,500.6666666666667,500.0,497.3333333333333,81.3220062255859,83.300407409668,80.4186782836914,30.1001661571119,30.3837299346924,28.9782695770264,12.4279222825429,17.1655001970314,15.822591156063,220813.1751492156,215017.04136280113,255454.6232724373,1.16202205529551,1.1454133065083143,1.1526274763182078,12.384,12.152,14.774,0.5320546739827291,0.3487424414902845,0.7485430738421764,0.205483580071269,1558.2417,40765,7426,1558.2417,267.21552819869794,5.591790867004144,0.03492427123622866,7.351954892320075,7.351313349186727,15.578768352661008,7426,1273.4497558392457,7.1502698003943115,0.1664360786906383,8.912877287669296,8.912742634737025,40765,6990.597804576737,8.852464393452177,0.9136502488316551,10.615603679643675,10.61557914909701
DNK,2021,493.75,0.6289208451717878,0.5968732983973002,0.6918245585105351,2.547349680541379,0.1196540172888118,55.0,1.1731212082119749,246771.82724751567,57.3,0.7737598948735315,2.74323,7708.2373,1090.0,16242.39,69340.7334922138,6.95915985107422,98.8658506,13.9247982031326,83.982292175293,125.604137839658,259654.486554193,10.8,32.7225268444934,5856733.0,7.928148348992299,5.2316998013070855,494.0,492.0,Denmark,493.0,499.0,500.6666666666667,0.5551376146179715,0.5715627662840377,0.5901961206855637,0.6084132424831413,0.5851665770532486,0.6188780162329247,509.0,510.3333333333333,507.3333333333333,501.0,500.3333333333333,498.6666666666667,81.1405487060547,82.1714935302734,81.3143615722656,32.3588409423828,30.979829788208,28.9782695770264,12.3547301877073,14.8833242354843,15.7179605296799,240451.19919115957,215315.2841712143,247715.861542416,1.175238574151638,1.145203910363655,1.1631928710112391,10.52,12.147,14.196,0.5890797892932768,0.3558110381791238,0.7271016792531435,0.2100902246397644,1543.15,41914,9583,1543.15,263.48307153493255,5.577777247491865,0.0341820135110439,7.3422288761250085,7.34158106085926,15.583102497555105,9583,1636.2364478626564,7.400765006685775,0.21227115670954455,9.16785032035523,9.167745974343763,41914,7156.5495644073235,8.875922961769435,0.9284288075053585,10.643399037071958,10.643375178979888
DNK,2022,494.0,0.6294386783254925,0.598927518340981,0.7101216002646257,2.397725119437349,0.1443317751228263,55.0,1.1660562588603618,215032.0125009028,55.9,0.7974845172225479,2.86709,9037.46818,1090.0,16126.02,67781.0940939514,6.35586023330688,97.86011812,15.988289228272,84.5866088867188,126.48354098254,258760.024712703,10.533,33.0808151718898,5903037.0,7.91308842091548,,489.0,489.0,Denmark,493.25,496.0,502.0,0.5285003665308842,0.6311333081974939,0.5498171299672528,0.6101696186176742,0.6136058046463031,0.6598431460541072,504.0,509.6666666666667,511.0,498.0,500.6666666666667,500.0,81.6945877075195,81.3220062255859,83.300407409668,31.5225927146297,30.1001661571119,30.3837299346924,12.039996737934,12.4279222825429,17.1655001970314,224385.08811886312,220813.1751492156,215017.04136280113,1.1797565074670973,1.16202205529551,1.1454133065083143,10.041,12.384,12.152,0.5962571909371727,0.385570953497116,0.7047201023987602,0.2000801914623591,1474.9333,41242,13373,1474.9333,249.86008049754724,5.524895335482817,0.027647132528830356,7.2970458144374355,7.296368047412467,15.590977522202506,13373,2265.444041770363,7.7259673808064795,0.25067242248042565,9.501067802613925,9.500993027872797,41242,6986.573182583812,8.851888590765764,0.7730675277004198,10.62723668039297,10.627212433560212
DNK,2023,494.0,0.6512290566860688,0.5964716743372465,0.6509218232487956,2.4285374725648183,0.1441796200662891,55.0,1.1573783209971316,234709.1734063887,58.7,0.7876710156160653,3.04841,8837.51688,1090.0,16126.02,68043.5466971243,6.35586023330688,98.77559197,17.1321575837404,81.2308197021484,126.717092547985,261262.408036924,11.499,33.6215669364704,5946952.0,,,489.0,489.0,Denmark,493.5,493.0,499.0,0.5381446454027248,0.5551376146179715,0.5715627662840377,0.6332121398493088,0.6084132424831413,0.5851665770532486,499.0,509.0,510.3333333333333,495.0,501.0,500.3333333333333,82.6643295288086,81.1405487060547,82.1714935302734,33.0904998779297,32.3588409423828,30.979829788208,13.2343925466707,12.3547301877073,14.8833242354843,236355.2205112464,240451.19919115957,215315.2841712143,1.1654525487147092,1.175238574151638,1.145203910363655,11.634,10.52,12.147,0.5627065931386784,0.387486323981448,0.7099060122902987,0.216887833839916,1493.1742,42000,11261,1493.1742,251.08226869831807,5.529755497322508,0.02841095209295013,7.3093289586278045,7.308659468562735,15.598389377359705,11261,1893.5750616450243,7.546749850494582,0.214265510024692,9.329189505814563,9.329100707697025,42000,7062.441398551729,8.862687661941814,0.7991431863100136,10.645448706505872,10.645424897265505
ESP,2012,496.0,,,,,,,1.5122036902921752,136574.88482396604,47.2,,1.29268,2693.39973,3266.0,54679.57,28456.4438151477,4.46012020111084,69.8099999420024,7.25080663420199,82.89208984375,107.756074158579,403.629824906669,52.829,20.8782897073911,46773055.0,7.064793174727284,4.260233609341378,484.0,488.0,ESP,,,,,,,,,,,,,,,,,,,,,,,,,,,,,,,,,,0.5504187638033317,0.158807426501553,0.3086207143563788,0.367894999962905,1610.4476,99801,36146,1610.4476,34.431097134878186,3.567589884666019,0.012783508051691306,7.384888184437655,7.384267431762576,17.66081784721818,36146,772.795362629189,6.651307449264723,0.28692189800924534,10.495349236591386,10.495321571395584,99801,2133.728489618649,7.6660947464369835,0.7922063947109139,11.510943502178916,11.510933482289435
ESP,2013,495.0,,,,,,,1.5017896217986102,141333.36327007768,49.41,,1.26864,2623.64689,3026.0,54727.56,29228.846559842,4.32852983474731,71.635,6.97005295956388,85.1826324462891,107.038567264134,488.496776374025,55.444,20.8782897073911,46604197.0,7.069283304052808,4.188590152186048,484.6666666666667,490.6666666666667,ESP,,,,,,,,,,,,,,,,,,,,,,,,,,,,,,,,,,0.5559485883253428,0.1575921421154439,0.3090469977604528,0.379795569891648,1591.3397,105324,37328,1591.3397,34.145845276553096,3.5595064114569577,0.01301464972542593,7.372959723039168,7.372331519060534,17.657201159418005,37328,800.9579051431784,6.6870561191363596,0.30528418599165164,10.52752578344374,10.527498994261212,105324,2259.968131196424,7.723548377174842,0.8613842586097492,11.564806086847216,11.564796592380118
ESP,2014,494.0,,,,,,,1.5181787255756596,140219.66024845678,49.27,,1.23401,2614.44648,2953.0,56177.8,29707.765509467,4.27524995803833,76.1867089778712,6.91215361464722,87.9358520507812,108.745818831037,626.120125999734,53.169,20.8782897073911,46460733.0,7.098496124142621,4.167580291595303,485.3333333333333,493.3333333333333,ESP,,,,,,,,,,,,,,,,,,,,,,,,,,,,,,,,,,0.5621067437385148,0.15758792219312,0.322581636351257,0.3707442109213244,1517.4788,112467,40529,1517.4788,32.66153377304659,3.5163557543628743,0.012492714623497127,7.325464323242478,7.324805552490103,17.654118062194566,40529,872.3280366670066,6.772311243183535,0.3336568728180684,10.609797719622355,10.6097730462363,112467,2420.6893162877996,7.792220640198716,0.9258897953374052,11.630424015720173,11.63041512426264
ESP,2015,493.0,,,,,,,1.5255953952579606,120042.823899926,49.07,,1.21165,2622.53289,2799.0,55305.66,25982.4416197775,4.24903011322021,78.6896318703515,6.88833506484239,88.5305328369141,109.391040801705,890.003238314135,48.353,21.2608748317821,46422303.0,7.0836895462278,4.115686760599868,486.0,496.0,ESP,496.0,,,,,,,,,484.0,,,488.0,,,82.89208984375,,,20.8782897073911,,,7.25080663420199,,,136574.88482396604,,,1.5122036902921752,,,52.829,,,0.567443836117799,0.1509168589270907,0.3299882919028482,0.3399545263806114,1457.4817,116589,40295,1457.4817,31.396152405450458,3.478039662828402,0.011971690622133803,7.28515124209159,7.284465362399683,17.653290569816026,40295,868.0094996579554,6.767354056917903,0.33098135888696345,10.604007487425486,10.603982670758612,116589,2511.4867739327797,7.82902828824712,0.9576569214858464,11.666418785927338,11.666410208825626
ESP,2016,489.6666666666667,,,,,,,1.5204010457432815,116461.25274652043,49.19,,1.1808,2712.74943,2745.0,55591.05,26755.6061149398,4.19327020645142,80.5613329432179,7.80248141094868,89.810791015625,110.247061960011,2764.10124822262,44.445,20.9353904724121,46458139.0,7.088061189032444,4.095767698179741,484.3333333333333,492.8571428571428,ESP,495.0,,,,,,,,,484.6666666666667,,,490.6666666666667,,,85.1826324462891,,,20.8782897073911,,,6.97005295956388,,,141333.36327007768,,,1.5017896217986102,,,55.444,,,0.5586516870700713,0.1531113644512828,0.3362561338822126,0.3230046086347993,1459.4587,120215,40098,1459.4587,31.414489073701375,3.47860551646977,0.011580313583809832,7.286505843440975,7.285820892531681,17.65406222854216,40098,863.0995744362467,6.761688010353594,0.3181641344723264,10.599106675327851,10.599081736739125,120215,2587.59826776531,7.858871798829913,0.9538655650055045,11.697045403705562,11.69703708531068
ESP,2017,486.3333333333333,,,,,,,1.5113899256200534,119808.31028476606,48.81,,1.20198,2847.3656,2167.0,55884.36,28381.3425596906,4.17846012115479,84.6022457016524,6.99949013494316,92.070182800293,112.030085134191,7250.46311851917,38.594,22.1227851569263,46571232.0,7.090889826188735,3.861379420920101,482.6666666666667,489.7142857142857,ESP,494.0,496.0,,,,,,,,485.3333333333333,484.0,,493.3333333333333,488.0,,87.9358520507812,82.89208984375,,20.8782897073911,20.8782897073911,,6.91215361464722,7.25080663420199,,140219.66024845678,136574.88482396604,,1.5181787255756596,1.5122036902921752,,53.169,52.829,,0.5595341388982172,0.1588468006620274,0.3535362039325017,0.2939463611562797,1359.7618,125829,39951,1359.7618,29.197462502173014,3.407757897743831,0.010254202165739804,7.2157999689651176,7.215064816331237,17.656493569407864,39951,857.8471791341058,6.755591000608997,0.3012774963405141,10.595434012519554,10.595408982170255,125829,2701.861097425982,7.90206615665635,0.94889855290307,11.742687068586013,11.742679121324043
ESP,2018,483.0,,,,,,,1.5323798356322194,126425.49362176991,48.68,,1.23288,2984.29629,1525.0,57270.34,30602.4212881113,4.15045022964478,86.107235525659,6.76693548745416,92.5194931030273,115.009066880916,11306.5682447896,34.362,21.9363403320312,46782011.0,7.110855922833818,3.5144665448376102,481.0,486.57142857142856,ESP,493.0,495.0,,,,,,,,486.0,484.6666666666667,,496.0,490.6666666666667,,88.5305328369141,85.1826324462891,,21.2608748317821,20.8782897073911,,6.88833506484239,6.97005295956388,,120042.823899926,141333.36327007768,,1.5255953952579606,1.5017896217986102,,48.353,55.444,,0.5503804643105024,0.1662641684878731,0.3638003014731296,0.2796380861207205,1424.6641,130883,38501,1424.6641,30.453246227486886,3.4485021964997964,0.010204498236161024,7.2623930192298465,7.2616913456183445,17.661009306652936,38501,822.9872803031063,6.714155093264971,0.27577264464685786,10.55846546697857,10.55843949396453,130883,2797.720687979831,7.936917694603928,0.937480871907605,11.782066713716743,11.782059073334265
ESP,2019,483.5,,,,,,,1.4657268278984064,121374.98616184622,47.85,,1.24207,3048.15265,1288.0,60307.51,29786.5245689007,4.20255994796753,90.718665325267,6.84640091103014,91.5387725830078,116.69612128516,17700.6267665434,32.555,23.0752325230941,47118501.0,7.155327191441319,3.3441096052455777,479.0,483.42857142857144,ESP,489.6666666666667,494.0,496.0,,,,,,,484.3333333333333,485.3333333333333,484.0,492.8571428571428,493.3333333333333,488.0,89.810791015625,87.9358520507812,82.89208984375,20.9353904724121,20.8782897073911,20.8782897073911,7.80248141094868,6.91215361464722,7.25080663420199,116461.25274652043,140219.66024845678,136574.88482396604,1.5204010457432815,1.5181787255756596,1.5122036902921752,44.445,53.169,52.829,0.5505592742757844,0.1677997360184762,0.3865421602154935,0.2608697588863206,1476.639,136226,35317,1476.639,31.33883652198528,3.47626887706349,0.010281255606403203,7.298200822689391,7.2975238383039045,17.668176284407693,35317,749.5357290759313,6.620787256970226,0.24589835718231873,10.47214802797307,10.47211971339814,136226,2891.136116575525,7.9697506487601055,0.9484879691230442,11.822077890936479,11.822070550220833
ESP,2020,484.0,,,,,,,1.4372580379281557,124616.86335476428,45.6,,1.39637,3051.64642,1431.0,65541.7,27233.9426461608,4.85118007659912,93.20564892,7.76842135531122,91.59912109375,116.712041523767,21589.3884182375,38.312,23.578010559082,47359424.0,7.233398355610539,3.4409224262837004,477.0,480.2857142857143,ESP,486.3333333333333,493.0,495.0,,,,,,,482.6666666666667,486.0,484.6666666666667,489.7142857142857,496.0,490.6666666666667,92.070182800293,88.5305328369141,85.1826324462891,22.1227851569263,21.2608748317821,20.8782897073911,6.99949013494316,6.88833506484239,6.97005295956388,119808.31028476606,120042.823899926,141333.36327007768,1.5113899256200534,1.5255953952579606,1.5017896217986102,38.594,48.353,55.444,0.5486431425069759,0.1712165940515302,0.4183695201613566,0.2883650843354547,1403.6202,152014,30654,1403.6202,29.637611302029352,3.422228381716807,0.009712006970332216,7.247522224940035,7.246810035170051,17.673276386303904,30654,647.2629396844017,6.474296385167341,0.21210286206237539,10.330551060196788,10.330518438558853,152014,3209.794105603987,8.074273570452817,1.0518237252414018,11.931734479169974,11.931727900850142
ESP,2021,484.5,,,,,,,1.4992417632118855,133145.45439146867,45.4,,1.39617,3229.64887,1308.0,70281.94,30799.4775937775,4.81316995620728,93.89752157,9.39320382214351,95.3768997192383,118.999806936801,24984.2229191447,34.999,24.9023668874483,47443821.0,7.301398672718751,3.352337927565833,475.0,477.1428571428572,ESP,483.0,489.6666666666667,494.0,,,,,,,481.0,484.3333333333333,485.3333333333333,486.57142857142856,492.8571428571428,493.3333333333333,92.5194931030273,89.810791015625,87.9358520507812,21.9363403320312,20.9353904724121,20.8782897073911,6.76693548745416,7.80248141094868,6.91215361464722,126425.49362176991,116461.25274652043,140219.66024845678,1.5323798356322194,1.5204010457432815,1.5181787255756596,34.362,44.445,53.169,0.556307157438946,0.1823320750576922,0.4246082341065426,0.2909110473386036,1500.7079,154963,39953,1500.7079,31.63126131851817,3.485270765037977,0.00979402485896808,7.314358339376932,7.313692209098123,17.675056853255118,39953,842.1117683586235,6.737099533268673,0.26074406297877933,10.595484071338678,10.595459042242352,154963,3266.2419833343524,8.091701477830965,1.011330368968052,11.950948110860786,11.950941657728274
ESP,2022,485.0,,,,,,,1.4735063642465127,125918.0126011721,44.6,,1.40684,3387.49657,1308.0,67099.71,30319.4987196616,4.58553981781006,94.4855432,12.5837187911388,95.0271606445312,123.399528756795,27046.3366105902,29.713,24.1534196804545,47786102.0,7.247912069042668,,473.0,474.0,ESP,483.5,486.3333333333333,493.0,,,,,,,479.0,482.6666666666667,486.0,483.42857142857144,489.7142857142857,496.0,91.5387725830078,92.070182800293,88.5305328369141,23.0752325230941,22.1227851569263,21.2608748317821,6.84640091103014,6.99949013494316,6.88833506484239,121374.98616184622,119808.31028476606,120042.823899926,1.4657268278984064,1.5113899256200534,1.5255953952579606,32.555,38.594,48.353,0.5469297092332855,0.183947930901161,0.4253956434245211,0.2714180497776132,1458.0,146399,50563,1458.0,30.51096320850778,3.450335523645611,0.009006935528353252,7.285506548522785,7.284820912568604,17.68224540204672,50563,1058.110996372962,6.965185152548024,0.3123578059808817,10.830995139615448,10.8309753625035,146399,3063.6313462018725,8.027682562572439,0.904393933069539,11.894097880509348,11.894091049884926
ESP,2023,485.0,,,,,,,1.4231524025084776,136915.2804080131,45.9,,1.49362,3653.80306,1308.0,67099.71,33493.2225409111,4.58553981781006,95.44564516,9.56253561613111,93.7303466796875,127.715490236713,28733.8233897512,28.747,25.0426560264041,48352528.0,,,473.0,474.0,ESP,484.0,483.0,489.6666666666667,,,,,,,477.0,481.0,484.3333333333333,480.2857142857143,486.57142857142856,492.8571428571428,91.59912109375,92.5194931030273,89.810791015625,23.578010559082,21.9363403320312,20.9353904724121,7.76842135531122,6.76693548745416,7.80248141094868,124616.86335476428,126425.49362176991,116461.25274652043,1.4372580379281557,1.5323798356322194,1.5204010457432815,38.312,34.362,44.445,0.5500735399811062,0.1971852258838756,0.4342220385186224,0.2552344969117476,1417.0361,151984,40539,1417.0361,29.306349814843188,3.411357255405988,0.008020779810404775,7.257028165160115,7.256322715724667,17.694029063915565,40539,838.404974399684,6.732693277019272,0.2294609098060375,10.610044420005991,10.610019752706195,151984,3143.248270286923,8.053330116807665,0.8602675674279288,11.93153711074828,11.931530531129964
EST,2012,541.0,,,,,,,1.2291111280371696,106943.51517517204,55.3,,2.10485,3457.75569,20.0,1497.43,17568.2137969714,4.67340993881226,78.3899259259259,20.5676117029777,72.9364700317383,151.196568013694,1255.76852126263,20.862,30.8465099334717,1322696.0,7.03271642724451,2.780099967408822,521.0,516.0,EST,,,,,,,,,,,,,,,,,,,,,,,,,,,,,,,,,,0.7080033141257277,0.1596057116598533,0.3866425300879222,0.219519680613531,33.0,2841,1109,33.0,24.949043468794038,3.256134748385095,0.007215386425636692,3.5263605246161616,3.4965075614664802,14.09518263589223,1109,838.439066875533,6.732733891245508,0.2424807135160937,7.01211529430638,7.011213987350367,2841,2147.8858331770866,7.67270476967387,0.621179176825268,7.952263308657046,7.951911381854188
EST,2013,538.6666666666666,,,,,,,1.218855224381569,98415.18320576068,50.6,,1.70141,3338.3961,25.0,1450.11,19310.3874900757,4.78006982803345,80.0043,20.6761148166196,75.4523162841797,146.247455268495,1613.81247453522,18.704,30.8465099334717,1317997.0,7.004190016407664,2.9941398418358167,520.6666666666666,517.0,EST,,,,,,,,,,,,,,,,,,,,,,,,,,,,,,,,,,0.7095808186468374,0.1468725459631313,0.3900131005844332,0.2046829080849199,18.1667,3260,1223,18.1667,13.783567033915856,2.69351622834466,0.004128799166137253,2.9531743982641174,2.8995902478617905,14.091623717865975,1223,927.9232046810424,6.8340260708986005,0.27795479532253303,7.1098794630722715,7.109062135687172,3260,2473.450243058216,7.8137735263127155,0.7409097569513146,8.089789175789319,8.089482474360754
EST,2014,536.3333333333334,,,,,,,1.2853524805482546,88196.92645986812,51.54,,1.40794,3285.59355,44.0,1687.96,20581.7898991695,4.32586002349854,84.2415280294352,23.652438820507,76.2024536132812,144.360615678625,2194.67572430004,14.975,30.8465099334717,1314545.0,7.158563854292916,3.5401374644802797,520.3333333333334,518.0,EST,,,,,,,,,,,,,,,,,,,,,,,,,,,,,,,,,,0.7087604312116795,0.1384649848532984,0.3863040401269009,0.201702666462286,29.625,3425,1303,29.625,22.536314846581895,3.1585445410037125,0.006859130474791046,3.421816668864891,3.3886185994552953,14.089001156114996,1303,991.2174935053573,6.899942330738894,0.30168597497561966,7.1731917424865985,7.172424577124845,3425,2605.4642480858392,7.865749887668986,0.7929965190264753,8.139148678884066,8.138856750696325
EST,2015,534.0,,,,,,,1.295773259103182,80107.01598249013,52.81,,1.44125,3188.49188,30.0,1544.89,17722.1557669523,5.05127000808716,88.4097035040431,22.7144676294333,74.5832824707031,144.802963084675,3120.70712714772,14.342,30.8465099334717,1315407.0,7.069412960394409,3.169964089413086,520.0,519.0,EST,541.0,,,,,,,,,521.0,,,516.0,,,72.9364700317383,,,30.8465099334717,,,20.5676117029777,,,106943.51517517204,,,1.2291111280371696,,,20.862,,,0.7047224433832409,0.1330475866580685,0.4233256541128289,0.1929205131313178,25.0,3436,1299,25.0,19.00552452586918,2.9960084617039913,0.005960662670989515,3.258096538021482,3.2188758248682006,14.089656681410414,1299,987.5270543641626,6.89621601134506,0.3097160323846152,7.170119543449628,7.1693500166706,3436,2612.11929083546,7.8682999173049835,0.8192334775007989,8.142354276849835,8.142063283104147
EST,2016,532.6666666666666,,,,,,,1.2979138919844526,68991.52177499293,51.73,,1.21835,3296.37262,29.0,1575.25,18666.3736521706,5.05511999130249,87.2402327514547,21.9072583684186,73.0334320068359,144.235470787302,10786.6756853297,14.125,30.8465099334717,1315790.0,7.088566964096803,3.1372314531888814,521.0,520.3333333333334,EST,538.6666666666666,,,,,,,,,520.6666666666666,,,517.0,,,75.4523162841797,,,30.8465099334717,,,20.6761148166196,,,98415.18320576068,,,1.218855224381569,,,18.704,,,0.7035341497038652,0.1296991066944448,0.426338117811394,0.1840061031731365,24.0833,3498,1208,24.0833,18.30330067867973,2.960276100909363,0.005552558156692774,3.222202286056338,3.181518654240429,14.089947803665954,1208,918.0796327681469,6.8233727701448,0.27851209150261264,7.097548850614793,7.0967213784947605,3498,2658.478936608425,7.885885494094015,0.8064861722484594,8.160232492367689,8.159946655578548
EST,2017,531.3333333333334,,,,,,,1.2487060224664848,73459.11791697254,50.93,,1.25152,3552.46537,37.0,1589.67,20851.5223496861,4.86288022994995,88.1024568740199,17.9646942764807,72.1369781494141,144.556616126155,29131.217625233,12.176,30.8465099334717,1317384.0,7.096462146685978,3.370255731532618,522.0,521.6666666666666,EST,536.3333333333334,541.0,,,,,,,,520.3333333333334,521.0,,518.0,516.0,,76.2024536132812,72.9364700317383,,30.8465099334717,30.8465099334717,,23.652438820507,20.5676117029777,,88196.92645986812,106943.51517517204,,1.2853524805482546,1.2291111280371696,,14.975,20.862,,0.7032331905370685,0.139524972638215,0.4395144952659372,0.15708434888927,52.75,3580,1180,52.75,40.04147613755746,3.7145831684797423,0.011271461356302387,3.984343667007772,3.965563772356176,14.091158509980621,1180,895.7145372951242,6.798737569820705,0.252138851193115,7.074116816197362,7.07326971745971,3580,2717.5068165394446,7.9078380440463025,0.7649636332808066,8.183397369998433,8.183118079394745
EST,2018,530.0,,,,,,,1.2827256016757151,86730.49227879963,50.51,,1.38298,3766.08146,24.0,1503.59,23618.1361254581,5.13962984085083,89.3570077747426,18.2045260067525,72.0659637451172,145.543490183174,48893.4376316683,12.076,30.8465099334717,1321977.0,7.0373613450332,2.9525443314004143,523.0,523.0,EST,534.0,538.6666666666666,,,,,,,,520.0,520.6666666666666,,519.0,517.0,,74.5832824707031,75.4523162841797,,30.8465099334717,30.8465099334717,,22.7144676294333,20.6761148166196,,80107.01598249013,98415.18320576068,,1.295773259103182,1.218855224381569,,14.342,18.704,,0.7040532058405656,0.1523997607515071,0.4710003399535937,0.168125169882742,47.5,3727,1170,47.5,35.93103359589463,3.6090522164472167,0.009540694745326789,3.8815637979434374,3.8607297110405954,14.094638901360426,1170,885.0380906778257,6.7867599414166575,0.23500237583225983,7.065613363597717,7.064759027791802,3727,2819.2623623557747,7.944585195900926,0.7485930382280619,8.223627175805483,8.223358899479258
EST,2019,529.0,,,,,,,1.2808704555035832,101357.73905647222,49.97,,1.59093,3770.42028,31.0,1694.02,24021.2501413306,5.16415023803711,90.2289281997919,16.9644248677655,72.7060317993164,147.04692867619,83313.1107289332,11.623,30.8465099334717,1326898.0,7.152798771175128,3.193055751811627,519.75,520.0,EST,532.6666666666666,536.3333333333334,541.0,,,,,,,521.0,520.3333333333334,521.0,520.3333333333334,518.0,516.0,73.0334320068359,76.2024536132812,72.9364700317383,30.8465099334717,30.8465099334717,30.8465099334717,21.9072583684186,23.652438820507,20.5676117029777,68991.52177499293,88196.92645986812,106943.51517517204,1.2979138919844526,1.2853524805482546,1.2291111280371696,14.125,14.975,20.862,0.6974342038842073,0.159801079576815,0.5069450728234332,0.1684426510797742,34.5,4240,1188,34.5,26.000491371605055,3.2958550647870655,0.006895913304286878,3.56953269648137,3.5409593240373143,14.098354445250802,1188,895.321268100487,6.798298906856185,0.23745927552153076,7.080867896690782,7.080026499922591,4240,3195.422707698708,8.069787559623085,0.8474977510196048,8.352554369474591,8.352318548226004
EST,2020,528.0,,,,,,,1.3113674140171967,107688.5700623332,48.28,,1.72614,3836.37969,21.0,1794.38,23933.9939421065,5.44180011749268,89.05828666,20.6216264338951,72.0443572998047,144.832210121466,84354.3769866162,18.417,30.8465099334717,1329522.0,7.208336020562973,2.82109018030462,516.5,517.0,EST,531.3333333333334,534.0,538.6666666666666,,,,,,,522.0,520.0,520.6666666666666,521.6666666666666,519.0,517.0,72.1369781494141,74.5832824707031,75.4523162841797,30.8465099334717,30.8465099334717,30.8465099334717,17.9646942764807,22.7144676294333,20.6761148166196,73459.11791697254,80107.01598249013,98415.18320576068,1.2487060224664848,1.295773259103182,1.218855224381569,12.176,14.342,18.704,0.6890473918673037,0.1654044276599832,0.5111364094064518,0.2192704221057947,49.8333,4724,1012,49.8333,37.48211763325466,3.6501936563325357,0.009770179351891693,3.928551651641437,3.9086834352660866,14.100330037102578,1012,761.1758210845702,6.63617726540257,0.19840992878485658,6.920671504248683,6.919683849847411,4724,3553.1566984224405,8.175873098463631,0.9261744106518404,8.460622839927844,8.460411177317253
EST,2021,527.0,,,,,,,1.271086179073361,121296.91249069662,49.9,,1.75152,4036.13127,25.0,1877.57,27951.1659277744,5.21514987945557,90.97970174,20.6301155577085,73.1502075195312,148.739589817601,96297.9325765704,16.622,31.8692302703857,1330932.0,7.252562825532863,2.98486492106604,513.25,514.0,EST,530.0,532.6666666666666,536.3333333333334,,,,,,,523.0,521.0,520.3333333333334,523.0,520.3333333333334,518.0,72.0659637451172,73.0334320068359,76.2024536132812,30.8465099334717,30.8465099334717,30.8465099334717,18.2045260067525,21.9072583684186,23.652438820507,86730.49227879963,68991.52177499293,88196.92645986812,1.2827256016757151,1.2979138919844526,1.2853524805482546,12.076,14.125,14.975,0.6887021710132986,0.1765946368435083,0.5242655720192839,0.2125726621682417,50.3333,5061,1270,50.3333,37.81808537175453,3.658886255858783,0.009369884882796326,3.9383396643946593,3.9186668858949396,14.10139000666568,1270,954.2185476042353,6.861940159958442,0.23641910626069287,7.147559271189454,7.146772179452637,5061,3802.5984798622317,8.243702866007578,0.9421394462876903,8.529516941105069,8.529319371214077
EST,2022,526.0,,,,,,,1.2996374047501713,107212.19091458556,50.2,,1.76094,4654.85436,25.0,1842.31,28340.3826549406,5.20733976364136,91.52016546,18.0186438315616,71.4251937866211,152.270772859015,104101.301859375,18.392,32.6601680552965,1348840.0,7.220262412337701,,510.0,511.0,EST,529.0,531.3333333333334,534.0,,,,,,,519.75,522.0,520.0,520.0,521.6666666666666,519.0,72.7060317993164,72.1369781494141,74.5832824707031,30.8465099334717,30.8465099334717,30.8465099334717,16.9644248677655,17.9646942764807,22.7144676294333,101357.73905647222,73459.11791697254,80107.01598249013,1.2808704555035832,1.2487060224664848,1.295773259103182,11.623,12.176,14.342,0.6832340502503426,0.1906154267470949,0.5363046504387459,0.2082190082193118,29.0,4750,1726,29.0,21.49995551733341,3.1135133322010162,0.004618824533391719,3.4011973816621555,3.367295829986474,14.114755521780507,1726,1279.6180421695678,7.155098085826285,0.2748996946425555,7.454141078146678,7.453561871643373,4750,3521.544438183921,8.166938859217439,0.7565316046072644,8.46611040118692,8.465899897028686
EST,2023,526.0,,,,,,,1.306925334429285,115924.44846722527,53.4,,1.83878,4800.4412,25.0,1842.31,30264.0064885057,5.20733976364136,93.18342241,16.581160524959,67.6179275512695,150.195729068839,112224.017467886,17.207,32.9437276359698,1370286.0,,,510.0,511.0,EST,528.0,530.0,532.6666666666666,,,,,,,516.5,523.0,521.0,517.0,523.0,520.3333333333334,72.0443572998047,72.0659637451172,73.0334320068359,30.8465099334717,30.8465099334717,30.8465099334717,20.6216264338951,18.2045260067525,21.9072583684186,107688.5700623332,86730.49227879963,68991.52177499293,1.3113674140171967,1.2827256016757151,1.2979138919844526,18.417,12.076,14.125,0.6796277440873592,0.1991050132519076,0.5463521370168607,0.2028120767115006,31.0,4892,1381,31.0,22.623014465593315,3.1622214260635197,0.004712694838464705,3.4657359027997265,3.4339872044851463,14.130530035141241,1381,1007.8188057091731,6.916535426139499,0.2099429539328954,7.231287004327616,7.2305631534092925,4892,3570.0576376026615,8.180617087929793,0.7436936499925593,8.495560891289124,8.495356496807062
FIN,2012,545.0,0.6249827098162887,0.6234865720915516,0.6785062319549582,1.793468302760925,0.2099877290341252,55.0,1.3006283989290293,216387.4241793377,61.8,0.749753530839447,3.4095,7492.46096,1698.0,10587.78,47551.6740841369,7.1715497970581,89.879997974222,10.4739136902235,91.5533828735352,172.147209506663,2205.22053036487,18.868,21.1388092041016,5413971.0,7.57898416097755,5.751406899810405,519.0,524.0,Finland,,,,,,,,,,,,,,,,,,,,,,,,,,,,,,,,,,0.6411094907156889,0.3373318923492283,0.5239065534985644,0.2361142909528745,2217.5332,19007,7404,2217.5332,409.59458408624647,6.017606314254896,0.054667563337726946,7.704601535773475,7.704150685886765,15.504493392658846,7404,1367.572896123751,7.221523794233262,0.1825265294573855,8.909910726701899,8.909775673693389,19007,3510.7317715591753,8.163864576997518,0.4685685771740311,9.852615222162372,9.852562611350837
FIN,2013,540.3333333333334,0.6492424651516876,0.5045476152435566,0.6399308134858026,1.9025221299534671,0.2121396296752279,55.0,1.3119396222690527,225973.2363665105,59.51,0.7518158796284886,3.28462,7222.80668,1596.0,10837.45,49691.0145200739,7.15288019180298,91.5144,9.02643257926868,91.2365264892578,136.259014207069,2525.47724091979,19.817,21.8909206390381,5438972.0,7.597674677395746,5.685067789125808,516.3333333333334,524.6666666666666,Finland,,,,,,,,,,,,,,,,,,,,,,,,,,,,,,,,,,0.5537454864536958,0.3309186223366385,0.4910788100181288,0.2413284782247339,2043.3833,20084,7825,2043.3833,375.6929250601033,5.931430333157416,0.05201481109835039,7.62285145820492,7.622362193470506,15.5091006303867,7825,1438.6909879293366,7.2721837778262115,0.1991872483466963,8.965206802770357,8.965079015408355,20084,3692.609559306428,8.214359459262429,0.5112430282166196,9.907728546793383,9.907678757154596
FIN,2014,535.6666666666666,0.6728057892976718,0.5642960977778375,0.611929680579276,1.7100431656995931,0.168414618038185,55.0,1.3154007332479485,225578.43800864,60.67,0.7622467484619395,3.16344,7022.1865,1419.0,11283.46,50073.7760815871,7.13832998275757,86.5303927529377,10.0525206084322,89.9938812255859,139.198825856641,3008.87373313471,20.454,22.5055408477783,5461512.0,7.633851452131024,5.5638234604723165,513.6666666666666,525.3333333333334,Finland,,,,,,,,,,,,,,,,,,,,,,,,,,,,,,,,,,0.5677449576773181,0.3234540225947163,0.4794695231968225,0.2481190311957494,1782.5955,21576,8527,1782.5955,326.3923067458242,5.791159166633536,0.046480153545597834,7.486386549762922,7.485825727290872,15.513236232461892,8527,1561.2892546972341,7.353907495520066,0.2223366261629813,9.051110146405625,9.050992878742049,21576,3950.5543519816492,8.281864287322458,0.5625818043969139,9.979383211539385,9.979336864819565
FIN,2015,531.0,0.6743193727683431,0.6315530580282296,0.6447081764491713,1.7537618551068093,0.2001208030999239,55.0,1.2977813365545194,179296.75780562445,59.97,0.7878518892658393,2.88826,6855.97138,1289.0,11122.9,42560.3456767103,7.07199001312256,86.4221333325445,10.1842827866076,89.6573791503906,134.974123663686,3395.18108392853,22.304,23.0319995880127,5479531.0,7.616234325614838,5.464844473428038,511.0,526.0,Finland,545.0,,,0.6234865720915516,,,0.6785062319549582,,,519.0,,,524.0,,,91.5533828735352,,,21.1388092041016,,,10.4739136902235,,,216387.4241793377,,,1.3006283989290293,,,18.868,,,0.6182815413763159,0.2996058550307942,0.4729596147971592,0.2326083590744118,1538.3333,22653,8534,1538.3333,280.7417824627692,5.640990986435166,0.04094850560224614,7.339104679591935,7.33845483660037,15.516530071320078,8534,1557.4325612903733,7.351435826721824,0.2271643907140075,9.05193063522854,9.051813463747946,22653,4134.112937767849,8.32726991972516,0.602994485920367,10.02809171576066,10.028047572471536
FIN,2016,528.0,0.664232194655901,0.634325880118004,0.6529316779142973,2.1257018823103797,0.184447604810591,55.0,1.283470397416826,182415.99459139607,59.9,0.7618874966519721,2.74716,6543.69993,1260.0,11298.48,43451.2562442158,6.90873003005981,87.7036499599455,10.052829776298,89.3280029296875,131.382780978293,7131.36291119889,20.057,25.9672173040461,5495303.0,7.629016012187456,5.439325141029158,509.6666666666667,524.0,Finland,540.3333333333334,,,0.5045476152435566,,,0.6399308134858026,,,516.3333333333334,,,524.6666666666666,,,91.2365264892578,,,21.8909206390381,,,9.02643257926868,,,225973.2363665105,,,1.3119396222690527,,,19.817,,,0.630495940951441,0.2898933359239561,0.4710688593082975,0.2215905651532145,1493.5,23511,8548,1493.5,271.7775525753539,5.608656637302727,0.04153270404857239,7.309546981723993,7.308877637656164,15.519404285336954,8548,1555.51022391304,7.350201558387582,0.23771111764793895,9.053569596026234,9.053452616439039,23511,4278.381010109907,8.361563654310714,0.653816809431527,10.065266208098754,10.065223675720974
FIN,2017,525.0,0.6807278791913591,0.5871271365958022,0.6190577504339531,1.9481494691692909,0.1778441968255071,55.0,1.3101793404410678,188081.43627162417,58.49,0.7937502449723974,2.74723,6731.45341,1390.0,10979.67,46085.0174739036,6.40826988220215,87.4689290730615,9.6573147330322,90.6983871459961,129.983392624641,22324.1144951885,20.041,24.3361492156982,5508214.0,7.598061775392917,5.534773506331662,508.3333333333333,522.0,Finland,535.6666666666666,545.0,,0.5642960977778375,0.6234865720915516,,0.611929680579276,0.6785062319549582,,513.6666666666666,519.0,,525.3333333333334,524.0,,89.9938812255859,91.5533828735352,,22.5055408477783,21.1388092041016,,10.0525206084322,10.4739136902235,,225578.43800864,216387.4241793377,,1.3154007332479485,1.3006283989290293,,20.454,18.868,,0.5770635440391368,0.2978377916345556,0.4664139407882871,0.2261930112660403,1637.3167,23961,8291,1637.3167,297.25001606691393,5.6979321148486495,0.044158370854254184,7.40142459126752,7.400814022312479,15.52175099065401,8291,1505.2065878340966,7.317349575468665,0.22360796341515443,9.02304647355567,9.022925868116218,23961,4350.048854311035,8.378172210952526,0.6462272839694265,10.084224521199845,10.0841827875855
FIN,2018,522.0,0.6758153341798764,0.602636938743632,0.6583250378597754,1.8474736861104697,0.2019111121883945,55.0,1.3032343385421254,200562.95298859524,59.63,0.7641648894224322,2.77601,6872.68968,1387.0,11150.48,49654.2497035329,6.31771993637085,88.8899599985585,9.01765355032152,92.3850021362305,129.629119305202,33999.120663944,16.958,28.0847371207921,5515525.0,7.612165504520208,5.531300277654203,507.0,520.0,Finland,531.0,540.3333333333334,,0.6315530580282296,0.5045476152435566,,0.6447081764491713,0.6399308134858026,,511.0,516.3333333333334,,526.0,524.6666666666666,,89.6573791503906,91.2365264892578,,23.0319995880127,21.8909206390381,,10.1842827866076,9.02643257926868,,179296.75780562445,225973.2363665105,,1.2977813365545194,1.3119396222690527,,22.304,19.817,,0.6176731366874352,0.3072449279405017,0.4778092232322258,0.214977490139911,1990.1667,24769,7830,1990.1667,360.82996632233557,5.891174395187325,0.0525020018541468,7.596476027329773,7.595973683054345,15.523077401061927,7830,1419.6291377520724,7.258855107230509,0.20656092503103857,8.965845494750937,8.965717788984849,24769,4490.778303062718,8.410003960914379,0.6534236975854144,10.117388522483406,10.117348150251422
FIN,2019,519.25,0.6930061251651864,0.6671162296584241,0.649734237180077,2.176571906407466,0.2110854902134846,55.0,1.3098674035717364,187893.15732893787,59.83,0.7889186283112231,2.81534,7245.85837,1321.0,11414.95,48358.1807773701,6.45300006866455,89.6073851129779,9.21470120593618,94.5891189575195,129.487723024493,57692.6350775481,17.128,25.9350891113281,5521606.0,7.634494018852132,5.481646701418458,501.25,512.5,Finland,528.0,535.6666666666666,545.0,0.634325880118004,0.5642960977778375,0.6234865720915516,0.6529316779142973,0.611929680579276,0.6785062319549582,509.6666666666667,513.6666666666666,519.0,524.0,525.3333333333334,524.0,89.3280029296875,89.9938812255859,91.5533828735352,25.9672173040461,22.5055408477783,21.1388092041016,10.052829776298,10.0525206084322,10.4739136902235,182415.99459139607,225578.43800864,216387.4241793377,1.283470397416826,1.3154007332479485,1.3006283989290293,20.057,20.454,18.868,0.6299748045157024,0.3145222880821673,0.5055080230817818,0.2112098440551197,1838.4167,26098,7075,1838.4167,332.94963458095344,5.810990186938238,0.04595033708628139,7.517203789474898,7.516659991039307,15.524179317966839,7075,1281.3301057699516,7.156434097135309,0.1768362063320252,8.864464055279676,8.864322722511439,26098,4726.523406414728,8.461156751639283,0.6523068993432075,10.169652278400532,10.169613962022192
FIN,2020,516.5,0.6777871831391422,0.6134790960528198,0.705730732715623,2.229505470904903,0.2143874010920071,55.0,1.3069388870463818,189715.98217533567,57.02,0.7991929550914803,2.93278,7548.32504,1588.0,11315.41,48828.6846862799,6.6812801361084,92.17027106,9.98230025285834,96.4726333618164,128.761294644181,81650.5089118576,21.193,30.2859658436355,5529543.0,7.624304174836529,5.663601501403341,495.5,505.0,Finland,525.0,531.0,540.3333333333334,0.5871271365958022,0.6315530580282296,0.5045476152435566,0.6190577504339531,0.6447081764491713,0.6399308134858026,508.3333333333333,511.0,516.3333333333334,522.0,526.0,524.6666666666666,90.6983871459961,89.6573791503906,91.2365264892578,24.3361492156982,23.0319995880127,21.8909206390381,9.6573147330322,10.1842827866076,9.02643257926868,188081.43627162417,179296.75780562445,225973.2363665105,1.3101793404410678,1.2977813365545194,1.3119396222690527,20.041,22.304,19.817,0.6372113214099945,0.325535455262199,0.5412658228258378,0.2329751599535097,1862.119,27576,5384,1862.119,336.75820949398525,5.822330282966778,0.04461363384717006,7.53000724403131,7.529470365569305,15.525615729938966,5384,973.6790183203204,6.882108204816529,0.1289927252947656,8.591372589590488,8.591186871324563,27576,4987.03057377436,8.514796436246732,0.6606804221263849,10.224737370956664,10.224701108196701
FIN,2021,513.75,0.6678860336885794,0.6972876093720897,0.6850383562255578,1.9803927114114943,0.201796157430118,55.0,1.2595328391256515,203164.30670099249,58.4,0.8499026029011784,3.01133,7870.42868,1557.0,11810.95,53099.1351400148,6.58820009231567,92.80806082,10.2937538536253,100.868072509766,129.036333202492,104960.876315666,17.058,27.5905704498291,5541017.0,7.665073320693102,5.641890574227242,489.75,497.5,Finland,522.0,528.0,535.6666666666666,0.602636938743632,0.634325880118004,0.5642960977778375,0.6583250378597754,0.6529316779142973,0.611929680579276,507.0,509.6666666666667,513.6666666666666,520.0,524.0,525.3333333333334,92.3850021362305,89.3280029296875,89.9938812255859,28.0847371207921,25.9672173040461,22.5055408477783,9.01765355032152,10.052829776298,10.0525206084322,200562.95298859524,182415.99459139607,225578.43800864,1.3032343385421254,1.283470397416826,1.3154007332479485,16.958,20.057,20.454,0.6536530168014973,0.341551205389725,0.5614231812396797,0.2157079640286304,2132.5833,28418,7238,2132.5833,384.87218140640965,5.955506178374291,0.04890104428294109,7.665558145690565,7.665089340736575,15.52768861588304,7238,1306.2583998569216,7.1756873986409575,0.1659704258773515,8.88723835429314,8.887100204123687,28418,5128.661399161922,8.542794931924448,0.6516368558417485,10.254813214543644,10.254778026198021
FIN,2022,511.0,0.6847168251386605,0.6319424044047097,0.6815161275255729,2.294422257319541,0.1703053163673963,55.0,1.242912751430912,186309.52381665027,56.9,0.7774536868895927,2.982,8073.32591,1557.0,12012.73,50440.560224974,6.37578010559082,92.98879471,9.62392843667484,104.944221496582,128.023293416281,131286.012181913,14.138,28.8638220877644,5556106.0,7.679287107883658,,484.0,490.0,Finland,519.25,525.0,531.0,0.6671162296584241,0.5871271365958022,0.6315530580282296,0.649734237180077,0.6190577504339531,0.6447081764491713,501.25,508.3333333333333,511.0,512.5,522.0,526.0,94.5891189575195,90.6983871459961,89.6573791503906,25.9350891113281,24.3361492156982,23.0319995880127,9.21470120593618,9.6573147330322,10.1842827866076,187893.15732893787,188081.43627162417,179296.75780562445,1.3098674035717364,1.3101793404410678,1.2977813365545194,17.128,20.041,22.304,0.6132618763420193,0.3409768109270054,0.5777528191964016,0.1898413276660303,2056.0596,27464,10202,2056.0596,370.0540630434337,5.916347774479984,0.04583663129281916,7.629032863467534,7.628546614481751,15.530408061148101,10202,1836.1780714766783,7.515986016541454,0.22743762508117032,9.230437073675304,9.230339058482873,27464,4943.030244563369,8.505936116546682,0.6122669021004962,10.220667745776721,10.220631335137528
FIN,2023,511.0,0.6223881124829446,0.6462410853064381,0.6928145420813226,2.4203374638642567,0.1765544032605268,55.0,1.2187497833344083,196585.36672376885,61.2,0.8384402913298027,3.0938,8314.89822,1557.0,12012.73,52834.2916752703,6.37578010559082,93.51385075,9.71402259549133,108.130409240723,127.47302579722,153868.49826224,16.106,29.8881473990903,5583911.0,,,484.0,490.0,Finland,516.5,522.0,528.0,0.6134790960528198,0.602636938743632,0.634325880118004,0.705730732715623,0.6583250378597754,0.6529316779142973,495.5,507.0,509.6666666666667,505.0,520.0,524.0,96.4726333618164,92.3850021362305,89.3280029296875,30.2859658436355,28.0847371207921,25.9672173040461,9.98230025285834,9.01765355032152,10.052829776298,189715.98217533567,200562.95298859524,182415.99459139607,1.3069388870463818,1.3032343385421254,1.283470397416826,21.193,16.958,20.057,0.6341038123482793,0.3532993902335616,0.599079407397017,0.2010228636783259,1963.0833,26947,8057,1963.0833,351.5606355473789,5.865222623196558,0.042280810449581055,7.582780901456942,7.5822716284245155,15.535399984901913,8057,1442.8954902755436,7.275099941678123,0.17353134723945468,8.994420665751292,8.994296557777195,26947,4825.82906496898,8.481945022762691,0.580383419890975,10.20166436208055,10.201627252886743
FRA,2012,499.0,0.6409025191385307,0.5853125744120495,0.6188479675874689,1.3073993488179436,0.265673609575134,55.0,1.425518639923524,224640.40994027417,51.8,0.6660605108337949,2.22761,4052.17043,14540.0,72430.66,40863.5814412333,5.46482992172241,81.44,26.6906319566323,57.9090118408203,97.1924631662654,622.48640329988,24.949,16.3929500579834,65657659.0,7.006836790570493,5.404709985451858,495.0,505.0,France,,,,,,,,,,,,,,,,,,,,,,,,,,,,,,,,,,0.4698009809900256,0.2513986141540957,0.3645113428755482,0.3410399703727813,7993.938,143392,46559,7993.938,121.75179745595256,4.810164409793102,0.030046070262635168,8.986563870391207,8.98643878342433,17.9999648160363,46559,709.1175760622231,6.565430556412818,0.17499697712917348,10.74849708240532,10.748475604511441,143392,2183.9340936599647,7.689340943990091,0.5389541558991052,11.873344391451308,11.87333741758587
FRA,2013,497.6666666666667,0.6134528764035829,0.5754625705976087,0.606410918290792,1.627108473528938,0.2327745914999311,55.0,1.3968421012286316,230575.24120179817,52.83,0.6882725419060567,2.23369,4133.56261,14690.0,73455.58,42669.1795111893,5.46482992172241,81.9198,27.1817177565412,59.8487586975098,98.347924466483,821.359069250837,24.363,16.3929500579834,65997932.0,7.015710811219472,5.409781510367982,494.3333333333333,503.0,France,,,,,,,,,,,,,,,,,,,,,,,,,,,,,,,,,,0.4567177198572868,0.2565993011436722,0.3673002506901572,0.3393472782963826,8000.77,151923,48690,8000.77,121.22758634315996,4.805884768749399,0.029327627952189156,8.987418046189802,8.987293066030238,18.00513396616647,48690,737.7503889061251,6.604960095158241,0.17847809710716467,10.793249487064015,10.793228949176747,151923,2301.9357636842315,7.741940006980199,0.5568890521012894,11.93113567478673,11.93112909252658
FRA,2014,496.3333333333333,0.6140622860259218,0.5949778335517847,0.587318351900771,1.3686279043310172,0.2440406894360585,55.0,1.360205062445214,232826.29700505137,52.18,0.6966241919556788,2.27173,4210.03605,14500.0,73314.26,43148.0459288416,5.46482992172241,83.7510996681821,27.4702736686884,61.5104789733887,101.132290573498,1188.96912080874,24.828,16.3929500579834,66312067.0,7.009042607167549,5.392094862228816,493.6666666666667,501.0,France,,,,,,,,,,,,,,,,,,,,,,,,,,,,,,,,,,0.4558515024133469,0.2599722387958196,0.3759018884391936,0.3389603748146535,8342.293,157044,51066,8342.293,125.80354341842488,4.842638986552933,0.02988182094507834,9.029213261547063,9.029093397611666,18.009882444628186,51066,770.086084030528,6.647800019769736,0.18291674343988765,10.840893775014358,10.840874192705016,157044,2368.256745789571,7.770331575571985,0.5625264766532274,11.964287667465397,11.964281299843481
FRA,2015,495.0,0.5987076607386415,0.5858574945103988,0.6497887886694684,1.5028100817312422,0.2142274570113078,55.0,1.3664282179768918,189357.63427603687,53.59,0.7016494391748404,2.22401,4310.70957,14306.0,72732.87,36702.4323733379,5.46482992172241,78.0060377071902,28.2116908505326,62.7859306335449,102.718366606519,1898.47153356589,25.262,17.6630706787109,66548272.0,6.997535664319127,5.375147717063597,493.0,499.0,France,499.0,,,0.5853125744120495,,,0.6188479675874689,,,495.0,,,505.0,,,57.9090118408203,,,16.3929500579834,,,26.6906319566323,,,224640.40994027417,,,1.425518639923524,,,24.949,,,0.486863572147367,0.2504262706482673,0.3613262680458861,0.323504558541939,8598.6016,159358,50640,8598.6016,129.20848793789867,4.869136919184913,0.029973832808666504,9.059471155587142,9.059354864368867,18.013438137028768,50640,760.9513887903806,6.635882759413362,0.17652578454511392,10.832516803858471,10.832497056818058,159358,2394.622658271277,7.781398458632135,0.5555054497144601,11.978914797698335,11.978908522538868
FRA,2016,494.3333333333333,0.6194141469289538,0.5893118717683666,0.666375565089449,1.8675347601712131,0.2400063455608762,55.0,1.3667830059015915,187536.7736291298,54.04,0.6708902203168593,2.22468,4392.04699,14206.0,71971.68,37024.2157133669,5.46482992172241,79.2698113207547,27.9331801598168,64.7276763916016,103.816661597799,6688.01787132278,24.938,17.4036998748779,66724104.0,6.984388379179318,5.365539322569164,493.6666666666667,497.0,France,497.6666666666667,,,0.5754625705976087,,,0.606410918290792,,,494.3333333333333,,,503.0,,,59.8487586975098,,,16.3929500579834,,,27.1817177565412,,,230575.24120179817,,,1.3968421012286316,,,24.363,,,0.4966867826001736,0.252274225083183,0.3704953750146131,0.3202105469207161,8249.707,163924,50000,8249.707,123.63908251207091,4.825422220991935,0.02815067388704576,9.018054172626648,9.017932963546533,18.01607682491442,50000,749.3543862349954,6.620545609910301,0.17061620423031848,10.819798284210286,10.819778284410283,163924,2456.743368183708,7.806998877915128,0.5593618132450145,12.00716428513182,12.007158184762442
FRA,2017,493.6666666666667,0.5951441148055694,0.5757500051152,0.6398366996596856,1.84803302440413,0.2280621710037127,55.0,1.3670480776916103,187551.08665311016,54.18,0.7183937146027113,2.20422,4546.76212,14415.0,70699.91,38687.1626407164,5.46482992172241,80.5024597243607,26.0180218998669,65.8022308349609,105.718368398783,14819.4761291503,22.572,18.0016708374023,66918020.0,6.963677350982345,5.377187828998757,494.3333333333333,495.0,France,496.3333333333333,499.0,,0.5949778335517847,0.5853125744120495,,0.587318351900771,0.6188479675874689,,493.6666666666667,495.0,,501.0,505.0,,61.5104789733887,57.9090118408203,,16.3929500579834,16.3929500579834,,27.4702736686884,26.6906319566323,,232826.29700505137,224640.40994027417,,1.360205062445214,1.425518639923524,,24.828,24.949,,0.4771377810249295,0.2570393650148685,0.3834209738390314,0.30266841809821,7863.7207,163007,46982,7863.7207,117.5127521704916,4.775020568038388,0.025845370632781552,8.970142303100854,8.97001514491958,18.018978846077932,46982,702.0829367037459,6.555474860248625,0.15441382640527185,10.757541113134543,10.757519828613711,163007,2435.9208476281874,7.798490573667368,0.5357484696446331,12.001554558339128,12.001548423652075
FRA,2018,493.0,0.6117424402656234,0.5480567102060345,0.6602099053403228,1.9951097434528795,0.2100037332343096,55.0,1.3716570065415508,195456.43321127284,54.36,0.6892957660679631,2.20407,4670.53241,14303.0,69234.08,41418.1766484844,5.42540979385376,82.0431867788484,25.9347849255776,67.5435180664062,107.482434668386,20362.9338827691,20.953,19.2230115180777,67158348.0,6.939164820466028,5.365855764426398,495.0,493.0,France,495.0,497.6666666666667,,0.5858574945103988,0.5754625705976087,,0.6497887886694684,0.606410918290792,,493.0,494.3333333333333,,499.0,503.0,,62.7859306335449,59.8487586975098,,17.6630706787109,16.3929500579834,,28.2116908505326,27.1817177565412,,189357.63427603687,230575.24120179817,,1.3664282179768918,1.3968421012286316,,25.262,24.363,,0.4776369160749473,0.263115448646115,0.3934982369197035,0.299361782013363,7862.4927,169936,44389,7862.4927,117.07394440375454,4.771311075693559,0.025066509366917022,8.969986150590552,8.969858972550396,18.022563791896093,44389,660.9602725784738,6.495205542925499,0.1415171150859167,10.70076949782808,10.700746969978026,169936,2530.377906258206,7.836519060445648,0.5417750449264533,12.043183059112314,12.04317717456132
FRA,2019,491.5,0.6375357209221827,0.5456912439243377,0.6742587999044143,1.7812488424469064,0.2172834127565029,55.0,1.334992377726448,185933.35291866836,54.25,0.7219571582921461,2.19668,4773.97249,14103.0,68294.1,40408.2848574751,5.36638021469116,83.3397440866883,26.9265976407414,67.7331314086914,109.600780374596,29255.7243091748,19.929,19.7005405426025,67382061.0,6.922185992009395,5.348530469766748,489.75,488.25,France,494.3333333333333,496.3333333333333,499.0,0.5893118717683666,0.5949778335517847,0.5853125744120495,0.666375565089449,0.587318351900771,0.6188479675874689,493.6666666666667,493.6666666666667,495.0,497.0,501.0,505.0,64.7276763916016,61.5104789733887,57.9090118408203,17.4036998748779,16.3929500579834,16.3929500579834,27.9331801598168,27.4702736686884,26.6906319566323,187536.7736291298,232826.29700505137,224640.40994027417,1.3667830059015915,1.360205062445214,1.425518639923524,24.938,24.828,24.949,0.4773192653678357,0.2630106448271357,0.405611357097553,0.2890288763683235,7852.1064,173914,38267,7852.1064,116.5311105577492,4.766703069242885,0.02440967366314865,8.968664452245267,8.968537105992265,18.025889383186374,38267,567.9107975043981,6.343723651193995,0.11895979683460599,10.552369316798059,10.552343184962949,173914,2581.0133649666786,7.85632474760027,0.5406426975381835,12.066321953091734,12.06631620313989
FRA,2020,490.0,0.662380263954828,0.6135973464984369,0.6769029794921354,1.6991626738084853,0.2153164850696955,55.0,1.347214407977971,182420.7435191114,53.66,0.7130872264676362,2.2742,4883.2219,12771.0,67560.3,39169.8606000707,5.65871000289917,84.70639801,21.1920405248012,68.8709411621094,110.387215275645,36107.8390576723,20.398,20.9787726562609,67601110.0,6.908151512159184,5.24658722045694,484.5,483.5,France,493.6666666666667,495.0,497.6666666666667,0.5757500051152,0.5858574945103988,0.5754625705976087,0.6398366996596856,0.6497887886694684,0.606410918290792,494.3333333333333,493.0,494.3333333333333,495.0,499.0,503.0,65.8022308349609,62.7859306335449,59.8487586975098,18.0016708374023,17.6630706787109,16.3929500579834,26.0180218998669,28.2116908505326,27.1817177565412,187551.08665311016,189357.63427603687,230575.24120179817,1.3670480776916103,1.3664282179768918,1.3968421012286316,22.572,25.262,24.363,0.5133318702201254,0.2647024454119306,0.4260843908895635,0.2706804314237748,7774.2251,175677,31348,7774.2251,115.00144154437699,4.753602618135847,0.02355032064882757,8.958697688396828,8.958569066485634,18.02913496099673,31348,463.720196310386,6.141435496111425,0.09496193410960621,10.352937647625682,10.352905748172756,175677,2598.729517902886,7.8631626870221005,0.532175184974266,12.076408052903346,12.076402360654766
FRA,2021,488.5,0.6951842172245901,0.5876989972974287,0.6674229753133787,1.8859344204394488,0.2105968974132581,55.0,1.3502919002649336,191287.0674087817,55.0,0.6897722500184411,2.21278,5058.05374,13386.0,69471.16,43725.0999521245,5.41743993759155,86.09548575,22.305003085565,69.9397888183594,113.952719366702,39644.0530743928,19.252,22.9350666621263,67842811.0,6.932449639312645,5.289826628721086,479.25,478.75,France,493.0,494.3333333333333,496.3333333333333,0.5480567102060345,0.5893118717683666,0.5949778335517847,0.6602099053403228,0.666375565089449,0.587318351900771,495.0,493.6666666666667,493.6666666666667,493.0,497.0,501.0,67.5435180664062,64.7276763916016,61.5104789733887,19.2230115180777,17.4036998748779,16.3929500579834,25.9347849255776,27.9331801598168,27.4702736686884,195456.43321127284,187536.7736291298,232826.29700505137,1.3716570065415508,1.3667830059015915,1.360205062445214,20.953,24.938,24.828,0.4945292132484669,0.2746087376591732,0.4292431405603411,0.2740418386311678,7311.7988,177488,39765,7311.7988,107.77558730577952,4.689286927863871,0.021307718906477955,8.897381352243764,8.897244596344024,18.03270398432062,39765,586.1343215864096,6.375253620885226,0.11588139464615682,10.590767554818026,10.590742407391236,177488,2616.1651821885744,7.869847019448653,0.5172276366894777,12.086663914146289,12.08665827997844
FRA,2022,487.0,0.630268298298582,0.5801173330103151,0.6729504114122465,1.9873046945860864,0.2484268248453537,55.0,1.3630405108185997,175553.19353868018,55.0,0.7149760459083763,2.21937,5181.84576,13386.0,65888.42,40988.6396406579,5.32434988021851,85.33331734,21.9264611257156,71.5107269287109,115.950519429629,47329.437557888,17.856,23.5888817236364,68184457.0,6.874535660878235,,474.0,474.0,France,491.5,493.6666666666667,495.0,0.5456912439243377,0.5757500051152,0.5858574945103988,0.6742587999044143,0.6398366996596856,0.6497887886694684,489.75,494.3333333333333,493.0,488.25,495.0,499.0,67.7331314086914,65.8022308349609,62.7859306335449,19.7005405426025,18.0016708374023,17.6630706787109,26.9265976407414,26.0180218998669,28.2116908505326,185933.35291866836,187551.08665311016,189357.63427603687,1.334992377726448,1.3670480776916103,1.3664282179768918,19.929,22.572,25.262,0.4889320107339917,0.2717744191675246,0.4329962879950451,0.2603914505274775,7678.2549,172898,51206,7678.2549,112.61004689089187,4.732771943317331,0.021731647776967386,8.946277803205978,8.946147573759351,18.037727193613996,51206,750.9922679299185,6.6227260418888925,0.14492756108779248,10.843631520432442,10.84361199166168,172898,2535.7391934645752,7.8386347531578355,0.4893505733108844,12.060462887964663,12.06045710422449
FRA,2023,487.0,0.6737060031329088,0.6002551688016947,0.6765898172003951,2.033848307451002,0.2080310799538424,55.0,1.3601326616399998,181370.48904011145,56.0,0.7326072748412754,2.17832,5368.63555,13386.0,65888.42,44700.1384177544,5.32434988021851,86.83635789,22.3835449721792,70.4536437988281,116.687800394775,52017.9916172468,17.419,24.3546212580131,68372286.0,,,474.0,474.0,France,490.0,493.0,494.3333333333333,0.6135973464984369,0.5480567102060345,0.5893118717683666,0.6769029794921354,0.6602099053403228,0.666375565089449,484.5,495.0,493.6666666666667,483.5,493.0,497.0,68.8709411621094,67.5435180664062,64.7276763916016,20.9787726562609,19.2230115180777,17.4036998748779,21.1920405248012,25.9347849255776,27.9331801598168,182420.7435191114,195456.43321127284,187536.7736291298,1.347214407977971,1.3716570065415508,1.3667830059015915,20.398,20.953,24.938,0.5037947974374714,0.2800749842356596,0.4424013884756016,0.2624440374017178,7939.7783,181004,40009,7939.7783,116.12568139084891,4.763247558179648,0.021630390126006767,8.979766572107298,8.979640631937,18.040478125048434,40009,585.1639946629838,6.373599604798774,0.10899678125161313,10.59688470185128,10.59685970778737,181004,2647.32994301229,7.881684510130317,0.49311038500504845,12.106279934175811,12.106274409451288
GBR,2012,514.0,0.6006691773341665,0.7003588904113432,0.6684968165007066,1.731987801198915,0.203568709795673,55.0,1.4450882974816108,167425.47183141662,61.2,0.7157401143854285,1.57587,4017.98198,15370.0,98685.19,42688.3263728372,5.52529001235962,87.4799984242111,23.460196722755,59.1535682678223,122.465231814068,2500.1177190752,22.106,28.3882904052734,63711000.0,7.345978321459244,5.489952189820871,494.0,499.0,United Kingdom,,,,,,,,,,,,,,,,,,,,,,,,,,,,,,,,,,0.613585602724058,0.244405519125972,0.4121654231858928,0.2916391631803174,4699.8062,204318,73402,4699.8062,73.76757859710254,4.314384349802429,0.018359360237126435,8.455489304903127,8.45527655280545,17.969867790092547,73402,1152.1087410337304,7.050216827212939,0.2867381553149052,11.203720085701978,11.20370646218779,204318,3206.9501341997457,8.073387424663519,0.7981494566582764,12.227437776970913,12.227432882651504
GBR,2013,512.3333333333334,0.6203961173860191,0.7003588904113432,0.6684968165007066,1.8635805554207732,0.1728123352938878,55.0,1.4340017136794485,169435.3688203174,61.25,0.7683495317561296,1.62096,4171.80763,14972.0,99858.85,43606.9837896348,5.52529001235962,89.8441,23.5876424891453,56.7794799804688,122.184696024755,2832.02107921857,20.944,28.3882904052734,64139000.0,7.351102455034639,5.457159245872702,493.3333333333333,498.6666666666667,United Kingdom,,,,,,,,,,,,,,,,,,,,,,,,,,,,,,,,,,0.6092380553601234,0.2507300929678414,0.4191125816445198,0.2863611404779612,4735.0464,211712,78056,4735.0464,73.8247618453671,4.315148870912008,0.017696108831692967,8.462957973813145,8.462746804938586,17.976563161212827,78056,1216.9818675065094,7.104950561054356,0.29171572024439424,11.265194608020675,11.265181796787786,211712,3300.831007655249,8.1022324443864,0.7912232059595828,12.262986862889923,12.262982139503254
GBR,2014,510.6666666666667,0.6415245341894917,0.7003588904113432,0.6684968165007066,1.920728607199795,0.2203459847168554,55.0,1.4215062235712097,252615.1963977247,62.37,0.7556999844306548,2.26488,4280.79983,15196.0,99810.65,47746.2421759562,5.60134983062744,91.6133009176453,22.2044750130662,56.5240287780762,120.958261038047,3250.15475085113,17.512,29.3326206207275,64620000.0,7.3431534260477935,5.464506972712432,492.6666666666667,498.3333333333333,United Kingdom,,,,,,,,,,,,,,,,,,,,,,,,,,,,,,,,,,0.6106662370556482,0.2799364106742905,0.425870957174869,0.3041258092750367,5098.0278,221412,82174,5098.0278,78.89241411327761,4.38068090600307,0.018429363027067214,8.536805173089714,8.536609038040062,17.984034518360627,82174,1271.6496440730423,7.148856339996209,0.29705888959378,11.31660639853242,11.316594229307174,221412,3426.3695450324976,8.139548349452456,0.8004040555740017,12.307785014786722,12.307780498329883
GBR,2015,509.0,0.6340720658677781,0.7003588904113432,0.6684968165007066,2.1107820180183734,0.2283358531427849,55.0,1.419577414572817,234615.13129004496,62.42,0.7993914060316967,2.27566,4389.5625,14867.0,101175.14,45255.3449216209,5.55453014373779,92.0002998740234,22.3335907744673,56.4461288452148,121.211739725133,4388.16678957719,15.177,30.8624572753906,65088000.0,7.349511266304709,5.435527532974351,492.0,498.0,United Kingdom,514.0,,,0.7003588904113432,,,0.6684968165007066,,,494.0,,,499.0,,,59.1535682678223,,,28.3882904052734,,,23.460196722755,,,167425.47183141662,,,1.4450882974816108,,,22.106,,,0.6145735054523801,0.2791616835983908,0.4267801484454141,0.2850602022531969,5159.853,232615,84393,5159.853,79.27502765486726,4.385458584477135,0.018059892678340326,8.548857154890923,8.548663369697714,17.99125075839037,84393,1296.5984513274338,7.168270489870481,0.2953821596861723,11.343251588009638,11.343239738755845,232615,3573.853859390364,8.181679575800354,0.8141708562961261,12.35714430431917,12.357140005379504
GBR,2016,507.6666666666667,0.6261087275918882,0.7003588904113432,0.6684968165007066,2.119547124829707,0.1790617802140661,55.0,1.3915606319286893,215888.9337660384,61.93,0.7737977209571307,2.32051,4434.65942,13876.0,101572.0,41257.9085545556,5.42795991897583,94.7758006318882,23.5591126028431,58.083869934082,119.786558760596,8697.02928041215,13.205,32.3922939300537,65607000.0,7.345486495702281,5.358950559866462,495.3333333333333,500.0,United Kingdom,512.3333333333334,,,0.7003588904113432,,,0.6684968165007066,,,493.3333333333333,,,498.6666666666667,,,56.7794799804688,,,28.3882904052734,,,23.5876424891453,,,169435.3688203174,,,1.4340017136794485,,,20.944,,,0.6249567171526229,0.2749711376512956,0.4332312094937508,0.2679076512133431,5359.625,236561,83688,5359.625,81.6928833813465,4.4151335448969276,0.018421456000187384,8.586835851744686,8.586649288930778,17.999192955538568,83688,1275.5955919337875,7.1519521198423055,0.28764229022434995,11.334862826096648,11.334850877023596,236561,3605.7280473120245,8.19055628225077,0.8130789099723073,12.37396560900533,12.37396138177478
GBR,2017,506.3333333333333,0.6286357507655098,0.7003588904113432,0.6684968165007066,1.8278062850865189,0.1980394148503854,55.0,1.3779360899624518,212787.43763808368,60.89,0.7993790804147123,2.32602,4472.69458,13301.0,102026.8,40916.8115070354,5.45254993438721,90.4245504868553,22.6194649609659,59.6282081604004,119.206737402819,21225.7223418124,12.519,33.9221305847168,65966000.0,7.344497691761705,5.311402260615627,498.6666666666667,502.0,United Kingdom,510.6666666666667,514.0,,0.7003588904113432,0.7003588904113432,,0.6684968165007066,0.6684968165007066,,492.6666666666667,494.0,,498.3333333333333,499.0,,56.5240287780762,59.1535682678223,,29.3326206207275,28.3882904052734,,22.2044750130662,23.460196722755,,252615.1963977247,167425.47183141662,,1.4215062235712097,1.4450882974816108,,17.512,22.106,,0.6352493258379044,0.2752395476006976,0.4319462698656042,0.2582444189755548,5427.8208,241619,80192,5427.8208,82.28209683776493,4.422233602156955,0.01839653823127018,8.59947722544025,8.599293006408312,18.00465001573942,80192,1215.6565503441168,7.103861843088202,0.2717951178200316,11.292191508249816,11.29217903825574,241619,3662.780826486372,8.206250905906149,0.8189203982012946,12.395121523073556,12.395117384334753
GBR,2018,505.0,0.6308732587117458,0.7003588904113432,0.6684968165007066,2.280537931430704,0.1744921695598404,55.0,1.3660584669671394,212787.43763808368,60.13,0.8066092083833819,2.70889,4472.69458,12865.0,102782.03,43702.9976303165,5.20438003540039,90.692008988783,22.3331118559009,61.1377716064453,118.184381927412,27332.2874081673,11.647,35.0402437845866,66289000.0,7.346986579849008,5.273381186531081,502.0,504.0,United Kingdom,509.0,512.3333333333334,,0.7003588904113432,0.7003588904113432,,0.6684968165007066,0.6684968165007066,,492.0,493.3333333333333,,498.0,498.6666666666667,,56.4461288452148,56.7794799804688,,30.8624572753906,28.3882904052734,,22.3335907744673,23.5876424891453,,234615.13129004496,169435.3688203174,,1.419577414572817,1.4340017136794485,,15.177,20.944,,0.643886038220165,0.2916687844917802,0.4291366712824327,0.2517575791802136,5430.7783,247665,76677,5430.7783,81.92578406673807,4.417946039919415,0.018316874224561533,8.600021854709018,8.599837735990073,18.009534528872233,76677,1156.707749400353,7.054197250978994,0.25861541151784906,11.24737011439898,11.247357072763558,247665,3736.1402344280345,8.226075954718796,0.8353220117319154,12.419836343238122,12.419832305534042
GBR,2019,503.75,0.6305298074268212,0.7003588904113432,0.6684968165007066,1.998353524316643,0.1734303053972642,55.0,1.331184528605963,212787.43763808368,61.3,0.8360245167946004,2.6707,4472.69458,12061.0,103937.96,43158.7411267323,5.26116991043091,92.5166285497138,23.0942001089205,65.5119934082031,120.250108782533,36099.3681619667,10.688,36.1583569844564,66631000.0,7.353020386663588,5.204071747241184,498.75,501.5,United Kingdom,507.6666666666667,510.6666666666667,514.0,0.7003588904113432,0.7003588904113432,0.7003588904113432,0.6684968165007066,0.6684968165007066,0.6684968165007066,495.3333333333333,492.6666666666667,494.0,500.0,498.3333333333333,499.0,58.083869934082,56.5240287780762,59.1535682678223,32.3922939300537,29.3326206207275,28.3882904052734,23.5591126028431,22.2044750130662,23.460196722755,215888.9337660384,252615.1963977247,167425.47183141662,1.3915606319286893,1.4215062235712097,1.4450882974816108,13.205,17.512,22.106,0.6473743700066895,0.2895730652624483,0.4463825387699961,0.2456953786031582,5586.0859,256441,68287,5586.0859,83.83614083534691,4.4407216411011525,0.01874398963216194,8.628213124318581,8.628034124116926,18.014680492680636,68287,1024.8532965136349,6.933280029653106,0.22913554193848729,11.131489334661426,11.13147469069291,256441,3848.6740406117274,8.25574375892139,0.8604821929539681,12.454657797166085,12.454653897641244
GBR,2020,502.5,0.6967526575455213,0.7003588904113432,0.6684968165007066,2.284730921868164,0.1984898940773074,55.0,1.3206291876479108,212787.43763808368,59.78,0.7992411611264926,2.93993,4472.69458,11990.0,104648.2,40812.6794663879,5.43936014175415,94.81820132,23.0073604990707,69.4076614379883,117.304850715261,36636.6265132446,13.365,37.2764701843262,66744000.0,7.358132712687802,5.196515044813068,495.5,499.0,United Kingdom,506.3333333333333,509.0,512.3333333333334,0.7003588904113432,0.7003588904113432,0.7003588904113432,0.6684968165007066,0.6684968165007066,0.6684968165007066,498.6666666666667,492.0,493.3333333333333,502.0,498.0,498.6666666666667,59.6282081604004,56.4461288452148,56.7794799804688,33.9221305847168,30.8624572753906,28.3882904052734,22.6194649609659,22.3335907744673,23.5876424891453,212787.43763808368,234615.13129004496,169435.3688203174,1.3779360899624518,1.419577414572817,1.4340017136794485,12.519,15.177,20.944,0.6503984931664265,0.2948222477218533,0.4563315253914136,0.2562665151247804,5779.1909,278551,53779,5779.1909,86.58742209037516,4.47263740419005,0.019359117986181642,8.662191988802682,8.662018969168969,18.016374963564047,53779,805.7503296176435,6.693014239506693,0.18014874818875815,10.892656929822856,10.892638335377017,278551,4173.423828359103,8.336731622577917,0.9330893835275251,12.537360035462676,12.537356445462262
GBR,2021,501.25,0.6600702214237111,0.7003588904113432,0.6684968165007066,2.188197993907664,0.1792292347631317,55.0,1.2099066872566555,212787.43763808368,59.8,0.8148208873924523,2.89968,4472.69458,11592.0,109939.22,47691.3768799404,5.90681982040405,96.19650269,23.8654057182193,76.7543563842773,117.887430294308,44113.2061387794,12.891,39.5936584472656,66984000.0,7.403838258282002,5.1593785356998305,492.25,496.5,United Kingdom,505.0,507.6666666666667,510.6666666666667,0.7003588904113432,0.7003588904113432,0.7003588904113432,0.6684968165007066,0.6684968165007066,0.6684968165007066,502.0,495.3333333333333,492.6666666666667,504.0,500.0,498.3333333333333,61.1377716064453,58.083869934082,56.5240287780762,35.0402437845866,32.3922939300537,29.3326206207275,22.3331118559009,23.5591126028431,22.2044750130662,212787.43763808368,215888.9337660384,252615.1963977247,1.3660584669671394,1.3915606319286893,1.4215062235712097,11.647,13.205,17.512,0.6614944737676278,0.3059619430475292,0.4828611586063742,0.2432149136720239,5819.5488,285760,69418,5819.5488,86.87968470082407,4.4759686596722865,0.019424461730365696,8.669149831812586,8.66897801194701,18.019964342866405,69418,1036.3370357100205,6.9444121657530005,0.23170306337125757,11.147915884241439,11.147901478859588,285760,4266.093395437717,8.358688170794192,0.9538083406172831,12.562911076104237,12.562907576670272
GBR,2022,500.0,0.6748551810880948,0.7003588904113432,0.6684968165007066,2.166177593231455,0.2117929608386202,55.0,1.2446037687177989,212787.43763808368,59.7,0.7815988904174513,2.75224,4472.69458,11592.0,105583.93,47057.043229179,5.90681982040405,95.46530151,27.1597708192348,79.7695083618164,119.833999505569,44420.8922548962,10.589,39.5936584472656,67604000.0,7.354234389683134,,489.0,494.0,United Kingdom,503.75,506.3333333333333,509.0,0.7003588904113432,0.7003588904113432,0.7003588904113432,0.6684968165007066,0.6684968165007066,0.6684968165007066,498.75,498.6666666666667,492.0,501.5,502.0,498.0,65.5119934082031,59.6282081604004,56.4461288452148,36.1583569844564,33.9221305847168,30.8624572753906,23.0942001089205,22.6194649609659,22.3335907744673,212787.43763808368,212787.43763808368,234615.13129004496,1.331184528605963,1.3779360899624518,1.419577414572817,10.688,12.519,15.177,0.659259181157606,0.2984660558579902,0.483015813434026,0.2487690039029692,5700.3535,266693,91548,5700.3535,84.31976658185907,4.4464061578031,0.018852118130064464,8.648458881774745,8.648283469443493,18.029177710860257,91548,1354.1802260221289,7.211689732603416,0.3027660846947723,11.4246296270501,11.42461870387823,266693,3944.929294124608,8.280439768055224,0.8820028337648327,12.49385721272919,12.493853463106495
GBR,2023,500.0,0.6503384506376215,0.7003588904113432,0.6684968165007066,2.0068454710337607,0.1643553504259415,55.0,1.2547246818975069,212787.43763808368,62.4,0.839108271265875,2.67614,4472.69458,11592.0,105583.93,49944.4702124201,5.90681982040405,95.44719696,28.8917146113567,80.4146499633789,122.781542240418,47354.4501547626,11.944,39.5936584472656,68492000.0,,,489.0,494.0,United Kingdom,502.5,505.0,507.6666666666667,0.7003588904113432,0.7003588904113432,0.7003588904113432,0.6684968165007066,0.6684968165007066,0.6684968165007066,495.5,502.0,495.3333333333333,499.0,504.0,500.0,69.4076614379883,61.1377716064453,58.083869934082,37.2764701843262,35.0402437845866,32.3922939300537,23.0073604990707,22.3331118559009,23.5591126028431,212787.43763808368,212787.43763808368,215888.9337660384,1.3206291876479108,1.3660584669671394,1.3915606319286893,13.365,11.647,13.205,0.6598849839711759,0.3004321700820531,0.488671453652821,0.2623648407903196,5574.8184,271299,74894,5574.8184,81.39371605442972,4.411509172532004,0.018197915059612612,8.626194383760796,8.626015021806744,18.042227508091,74894,1093.4707703089412,6.998026210630008,0.24447695919110604,11.223842411602819,11.22382905948751,271299,3961.0319453366815,8.284512290158016,0.8856030463266467,12.510980498647022,12.510976812683724
GRC,2012,467.0,,0.7330535969608143,0.7440416012185254,,,,1.1865747587101725,69576.77168314232,35.3,,0.71953,2236.28739,628.0,11842.68,21624.346052551,3.68238997459412,55.0699934418411,10.1435850577284,110.122978210449,120.926137220412,162.335736922308,55.656,22.1860599517822,11045011.0,6.978418611289124,4.057996058849038,453.0,477.0,GRC,,,,,,,,,,,,,,,,,,,,,,,,,,,,,,,,,,0.6134425025125635,0.1005652770165942,0.2536408950433859,0.3179364998079008,77.1111,19174,7181,77.1111,6.981532204902285,2.077130398657849,0.003121929782424917,4.358132172226925,4.345247239078356,16.217489390761617,7181,650.1577952253737,6.478752001816176,0.2907308774948526,8.879333174786028,8.879193928110318,19174,1735.9874064407902,7.459907516036808,0.7762809977839165,9.861362626235456,9.861310473636943
GRC,2013,463.0,,0.7330535969608143,0.7440416012185254,,,,1.226252093881162,66851.66797092951,37.71,,0.82288,2655.47213,698.0,11775.12,21573.3449762805,3.68238997459412,59.8663,8.47893188139786,112.705833435059,114.142688333026,212.490211086681,58.491,22.1860599517822,10965211.0,6.979947270489935,4.169078832896519,453.3333333333333,473.6666666666667,GRC,,,,,,,,,,,,,,,,,,,,,,,,,,,,,,,,,,0.6103954462023422,0.1126982410442136,0.2607131312687921,0.3286460444442636,86.5,20318,7643,86.5,7.888585089698684,2.184767879344703,0.002970690221365149,4.471638793363569,4.460144413937834,16.210238182695036,7643,697.0226108736074,6.548251496039434,0.2624853799062871,8.941676305360163,8.941545475242885,20318,1852.9511196820563,7.525074380989708,0.6977859412450532,9.919311687883013,9.919262471651491
GRC,2014,459.0,,0.7330535969608143,0.7440416012185254,,,,1.2349247044209966,66415.64020767785,38.95,,0.84553,2733.92303,651.0,11537.0,21474.7257123892,3.68238997459412,63.2073404784561,11.5060312558605,119.104209899902,111.488230327161,277.808048593089,52.645,22.1860599517822,10892413.0,6.966191732403961,4.107036532772175,453.6666666666667,470.3333333333333,GRC,,,,,,,,,,,,,,,,,,,,,,,,,,,,,,,,,,0.611049536929594,0.1148026103448222,0.2678197488039029,0.3136069346960504,93.7955,21385,7791,93.7955,8.611085532654704,2.2629171752557875,0.003149717617563909,4.551721939779887,4.541116880447724,16.203577049794717,7791,715.268508456299,6.574055108471764,0.2616271565100715,8.960852845322371,8.960724500330858,21385,1963.2931656190415,7.582887747438266,0.7181230576264767,9.970491781316602,9.970445020661009
GRC,2015,455.0,,0.7330535969608143,0.7440416012185254,,,,1.22254386715345,54653.375577538915,40.28,,0.9716,3196.52298,550.0,11331.18,17980.7298238137,3.68238997459412,66.8349594911035,12.9218253082768,125.2537117004395,116.133089816996,409.948060615756,49.731,22.929069519043,10820883.0,6.954790128204541,3.947923694679873,454.0,467.0,GRC,467.0,,,0.7330535969608143,,,0.7440416012185254,,,453.0,,,477.0,,,110.122978210449,,,22.1860599517822,,,10.1435850577284,,,69576.77168314232,,,1.1865747587101725,,,55.656,,,0.6143896231785043,0.1231764979261867,0.2834162240696258,0.2981412538307254,92.2333,21830,7728,92.2333,8.523638967355991,2.253777020236635,0.0026665345504120197,4.5351049540138195,4.524321236722464,16.196988436185933,7728,714.1746195758701,6.572526736059416,0.22342233234183412,8.952734767106872,8.952605375892354,21830,2017.3954380617552,7.610058137148786,0.6311218316540164,9.991086257015196,9.99104044954399
GRC,2016,454.0,,0.7330535969608143,0.7440416012185254,,,,1.2358726916312472,66085.48596887517,39.75,,1.00556,2726.60076,606.0,11175.8,17919.2426377048,3.575085043907165,69.0879154723892,13.7270081175833,131.403213500977,116.365109232942,1411.84492794199,47.223,20.1387195587158,10775971.0,6.945151016462137,4.047187116028669,453.0,463.6666666666667,GRC,463.0,,,0.7330535969608143,,,0.7440416012185254,,,453.3333333333333,,,473.6666666666667,,,112.705833435059,,,22.1860599517822,,,8.47893188139786,,,66851.66797092951,,,1.226252093881162,,,58.491,,,0.6052913845872455,0.1141512063482631,0.2876989960606756,0.2967206881636513,94.5417,23202,7568,94.5417,8.773381071645423,2.2796624728860335,0.0032176991954060135,4.559562801397818,4.549041007010063,16.192829305903164,7568,702.3033005563954,6.555788236259587,0.2575746735126691,8.931816237309167,8.931684110731714,23202,2153.123834501782,7.6751393465474695,0.7896733053436771,10.052036859639367,10.051993760835352
GRC,2017,453.0,,0.7330535969608143,0.7440416012185254,,,,1.240894205859817,65870.25815518807,38.85,,1.1492,3250.61522,498.0,11146.65,18631.9930129293,3.46778011322021,69.8929706543154,12.1148895809545,135.333923339844,120.305633506681,3695.69375338864,43.392,23.5572662762607,10754679.0,6.944517737553593,3.8566250180748183,452.0,460.3333333333333,GRC,459.0,467.0,,0.7330535969608143,0.7330535969608143,,0.7440416012185254,0.7440416012185254,,453.6666666666667,453.0,,470.3333333333333,477.0,,119.104209899902,110.122978210449,,22.1860599517822,22.1860599517822,,11.5060312558605,10.1435850577284,,66415.64020767785,69576.77168314232,,1.2349247044209966,1.1865747587101725,,52.645,55.656,,0.6185035182220611,0.1308480425306061,0.2927426005085727,0.2740613268613814,93.3333,24663,7557,93.3333,8.678390122104062,2.2698955777575005,0.002669768500654489,4.546834255618175,4.536176957358219,16.190851473655563,7557,702.6709025903981,6.556310778949489,0.21616551176746107,8.930361883909434,8.93022956502072,24663,2293.2344145278535,7.738154478400622,0.7054770433665334,10.113099969565987,10.113059423820243
GRC,2018,452.0,,0.7330535969608143,0.7440416012185254,,,,1.2451907504404365,70195.19499463755,38.93,,1.2066,3416.08087,430.0,11287.46,19873.4015238771,3.57626008987427,72.2383733920483,12.9551889486437,140.950317382812,113.418450589721,5035.36701512231,40.011,24.1726354055762,10732882.0,6.959085956655953,3.71512686887132,451.0,457.0,GRC,455.0,463.0,,0.7330535969608143,0.7330535969608143,,0.7440416012185254,0.7440416012185254,,454.0,453.3333333333333,,467.0,473.6666666666667,,125.2537117004395,112.705833435059,,22.929069519043,22.1860599517822,,12.9218253082768,8.47893188139786,,54653.375577538915,66851.66797092951,,1.22254386715345,1.226252093881162,,49.731,58.491,,0.6223064665127066,0.1380875052243522,0.2971880639962165,0.2642390337778727,98.3373,25691,7203,98.3373,9.16224551802582,2.318679433283719,0.0026820926865311068,4.598521129925905,4.5884034058411665,16.188822671272973,7203,671.1151767064988,6.510429719745372,0.19645763734700425,8.882391706295847,8.882252884889363,25691,2393.672081739089,7.781001582616668,0.7007070888632356,10.153934938377683,10.15389601499835
GRC,2019,449.25,,0.7330535969608143,0.7440416012185254,,,,1.258109322841617,66970.80523760949,38.9,,1.26236,3644.60084,356.0,11908.61,19335.3602002969,3.55062007904053,75.6712066931757,12.5222555558252,143.96272277832,110.855033355177,6647.33991681452,34.754,24.4034378297833,10721582.0,7.013658144330033,3.5323442086135333,445.75,452.25,GRC,454.0,459.0,467.0,0.7330535969608143,0.7330535969608143,0.7330535969608143,0.7440416012185254,0.7440416012185254,0.7440416012185254,453.0,453.6666666666667,453.0,463.6666666666667,470.3333333333333,477.0,131.403213500977,119.104209899902,110.122978210449,20.1387195587158,22.1860599517822,22.1860599517822,13.7270081175833,11.5060312558605,10.1435850577284,66085.48596887517,66415.64020767785,69576.77168314232,1.2358726916312472,1.2349247044209966,1.1865747587101725,47.223,52.645,55.656,0.6166667810561348,0.1441111037525382,0.3052227121028612,0.2388100785671916,114.5833,28229,6454,114.5833,10.687163517473447,2.458491104251571,0.0029323275679960185,4.749991482134576,4.741302069403538,16.187769277345733,6454,601.9634042811966,6.401856505467924,0.16516579749270885,8.772610303280743,8.772455372611907,28229,2632.9136875509603,7.876226113182787,0.7224148276141428,10.248140521247535,10.248105097311578
GRC,2020,446.5,,0.7330535969608143,0.7440416012185254,,,,1.258170064556596,66434.90820521307,36.79,,1.48872,4008.18457,400.0,12756.02,17886.733165236,3.4922400315602635,78.11584474,13.2518669714424,143.693344116211,106.669795200072,8907.70838312568,33.74,26.0435390472412,10698599.0,7.084484155983402,3.6477468113918663,440.5,447.5,GRC,453.0,455.0,463.0,0.7330535969608143,0.7330535969608143,0.7330535969608143,0.7440416012185254,0.7440416012185254,0.7440416012185254,452.0,454.0,453.3333333333333,460.3333333333333,467.0,473.6666666666667,135.333923339844,125.2537117004395,112.705833435059,23.5572662762607,22.929069519043,22.1860599517822,12.1148895809545,12.9218253082768,8.47893188139786,65870.25815518807,54653.375577538915,66851.66797092951,1.240894205859817,1.22254386715345,1.226252093881162,43.392,49.731,58.491,0.6133962330291386,0.1572208680574195,0.3081948083303051,0.2365246691491721,93.7917,32654,5804,93.7917,8.766727307005338,2.2789814362440333,0.002187206490594653,4.5516818526853955,4.541076365956324,16.185623356280015,5804,542.5009386743068,6.298031433651413,0.1353482927744285,8.666474894131992,8.666302614004078,32654,3052.1753362286036,8.023937421884549,0.7614857257505494,10.393753262336757,10.39372263868611
GRC,2021,443.75,,0.7330535969608143,0.7440416012185254,,,,1.2269563225072704,69760.98811013329,36.3,,1.43353,4244.36826,394.0,14749.19,20654.7001960815,3.4338599840799966,78.49426371,12.2848681524393,150.605484008789,108.643525000707,11384.3924146816,35.39,28.1758626025841,10569207.0,7.241715010716615,3.6448780411550175,435.25,442.75,GRC,452.0,454.0,459.0,0.7330535969608143,0.7330535969608143,0.7330535969608143,0.7440416012185254,0.7440416012185254,0.7440416012185254,451.0,453.0,453.6666666666667,457.0,463.6666666666667,470.3333333333333,140.950317382812,131.403213500977,119.104209899902,24.1726354055762,20.1387195587158,22.1860599517822,12.9551889486437,13.7270081175833,11.5060312558605,70195.19499463755,66085.48596887517,66415.64020767785,1.2451907504404365,1.2358726916312472,1.2349247044209966,40.011,47.223,52.645,0.6190312544518711,0.1655283663341538,0.3116995923913407,0.2382861256214697,86.75,34998,8487,86.75,8.207805940407829,2.220051596089747,0.001933810979070847,4.4744918623459755,4.4630304188269685,16.17345533138016,8487,802.9930722333283,6.68959065251663,0.18919024529538073,9.046408680293819,9.046290859969677,34998,3311.3174905175006,8.105403371574306,0.7801673388532738,10.463074768634808,10.463046195981693
GRC,2022,441.0,,0.7330535969608143,0.7440416012185254,,,,1.242610296307066,62621.66302448653,34.5,,1.47714,4926.78077,394.0,15105.34,20886.5243087629,3.37547993659973,83.17066333,14.4708651762207,166.389556884766,109.026956114201,13068.1749587664,31.29,28.9304521780928,10436882.0,7.27814842513092,,430.0,438.0,GRC,449.25,453.0,455.0,0.7330535969608143,0.7330535969608143,0.7330535969608143,0.7440416012185254,0.7440416012185254,0.7440416012185254,445.75,452.0,454.0,452.25,460.3333333333333,467.0,143.96272277832,135.333923339844,125.2537117004395,24.4034378297833,23.5572662762607,22.929069519043,12.5222555558252,12.1148895809545,12.9218253082768,66970.80523760949,65870.25815518807,54653.375577538915,1.258109322841617,1.240894205859817,1.22254386715345,34.754,43.392,49.731,0.627844080199176,0.1819160218450285,0.3254526504459466,0.2258892106087887,129.7167,30109,10658,129.7167,12.428683202512014,2.59739295677137,0.002522678353823325,4.873032385994996,4.865352841707574,16.160856436807453,10658,1021.1862125105946,6.929698958188621,0.20727250920697948,9.274159884689137,9.274066062856727,30109,2884.8654224508814,7.967580107079149,0.5855477556495539,10.312612621475779,10.312579409366641
GRC,2023,441.0,,0.7330535969608143,0.7440416012185254,,,,1.228217264559898,66023.24953990894,37.5,,1.4943,5283.3671,394.0,15105.34,23343.7103964562,3.37547993659973,85.0102229,15.1515337740903,165.113418579102,110.79216956747,14227.2514879146,26.543,28.0326523757238,10407351.0,,,430.0,438.0,GRC,446.5,452.0,454.0,0.7330535969608143,0.7330535969608143,0.7330535969608143,0.7440416012185254,0.7440416012185254,0.7440416012185254,440.5,451.0,453.0,447.5,457.0,463.6666666666667,143.693344116211,140.950317382812,131.403213500977,26.0435390472412,24.1726354055762,20.1387195587158,13.2518669714424,12.9551889486437,13.7270081175833,66434.90820521307,70195.19499463755,66085.48596887517,1.258170064556596,1.2451907504404365,1.2358726916312472,33.74,40.011,47.223,0.6230689219801765,0.1937695683085415,0.3337325018184515,0.2064767807002852,101.75,30394,8600,101.75,9.776743380712345,2.3773904215758175,0.0018504758794277883,4.632298853376344,4.622518824322705,16.15802294135018,8600,826.3389982715101,6.718214524298839,0.1564038581137983,9.059633754551479,9.0595174822416,30394,2920.4357573795673,7.9798304721513365,0.5527603329663705,10.322033400182823,10.32200049949355
HKG,2012,523.0,,0.6801844709896463,0.6873190826096638,,,,2.9166666666666665,85146.91078649857,58.7,,0.72733,3137.56656,171.0,,36730.796195815,3.50960993766785,72.9,18.4954233328322,60.9527896995708,227.571131531867,998.307715976,9.229,,7150100.0,,3.215500110754315,548.0,527.0,HKG,,,,,,,,,,,,,,,,,,,,,,,,,,,,,,,,,,0.6894750427776578,0.1721211267292518,0.4120060345408922,0.3610339936740517,410.1071,16866,6682,410.1071,57.356834170151465,4.066576475612787,0.018280674871213397,6.018853764491742,6.016418345098672,15.782636900586374,6682,934.5323841624593,6.841115762071121,0.29785260847580525,8.80732226751107,8.807172622916703,16866,2358.8481279982097,7.7663525434058105,0.7518081554254612,9.733114329258015,9.733055040134587
HKG,2013,523.0,,0.6801844709896463,0.6873190826096638,,,,2.848,84724.43104687589,59.43,,0.73017,3309.70489,226.0,,38403.7777145477,3.76031994819641,74.2,13.9010183381569,68.0858986854034,233.650196473593,1161.59857359763,9.444,,7178900.0,,3.4806598021276245,548.0,527.0,HKG,,,,,,,,,,,,,,,,,,,,,,,,,,,,,,,,,,0.6975475438725511,0.1800282871893713,0.4304080710943704,0.3368742183347938,418.65,17583,6985,418.65,58.31673376143978,4.082891454415968,0.01761991950933117,6.039421030528836,6.037035248650441,15.786656725944958,6985,972.9902909916561,6.881401335411801,0.29398098118399196,8.851663425366777,8.851520271691061,17583,2449.261028848431,7.803949840250651,0.7400239931507703,9.774744676643403,9.77468780514454
HKG,2014,523.0,,0.6801844709896463,0.6873190826096638,,,,2.8,84943.57057032203,56.82,,0.74014,3512.80511,192.0,,40315.3739510191,3.57254004478455,79.8662704309064,11.3905603813352,69.6881506285714,231.702338725003,1553.63441455149,9.202,,7229500.0,,3.3162875490693393,548.0,527.0,HKG,,,,,,,,,,,,,,,,,,,,,,,,,,,,,,,,,,0.6993608037836513,0.189418743415763,0.4392882378744984,0.3209307118939289,534.6667,19169,7694,534.6667,73.95624870322982,4.316904592697533,0.021053330995419162,6.283512139297154,6.281643562102488,15.793680435450318,7694,1064.2506397399543,6.970965392933659,0.30296318936405625,8.94832604627298,8.94819608331224,19169,2651.4973372985683,7.883256866641665,0.7548091209929287,9.86110183603969,9.86104966983816
HKG,2015,523.0,,0.6826992897659372,0.6860962537398784,,,,2.676056338028169,92680.77498531084,57.23,,0.76183,3487.89638,239.0,,42432.1619740441,3.26210999488831,84.9483529634062,12.3029118452087,68.7008718656545,227.03653842734,2331.82011438289,10.424,,7291300.0,,3.5198331251286135,548.0,527.0,HKG,523.0,,,0.6801844709896463,,,0.6873190826096638,,,548.0,,,527.0,,,60.9527896995708,,,,,,18.4954233328322,,,85146.91078649857,,,2.9166666666666665,,,9.229,,,0.6990910901595108,0.1936779198326735,0.440004194421868,0.3178527470220914,611.5,19346,7479,611.5,83.86707445860135,4.44108620253322,0.024045173744124057,6.417548942418882,6.415914955127227,15.802192414561189,7479,1025.7430087912992,6.934146943747305,0.2940864340675451,8.919988070968524,8.919854372191667,19346,2653.299137328049,7.883935920420092,0.7607161590414129,9.870292647678488,9.870240958742492
HKG,2016,522.5714285714286,,0.6852141085422281,0.684873424870093,,,,2.6666666666666665,94365.29067974287,55.69,,0.7915,3668.25742,233.0,,43734.1980702999,3.29269003868103,87.47941467087,13.4708648681174,70.3316379391101,237.377770818344,3873.32006651583,9.728,,7336600.0,,3.489164920707237,546.8571428571429,523.1428571428571,HKG,523.0,,,0.6801844709896463,,,0.6873190826096638,,,548.0,,,527.0,,,68.0858986854034,,,,,,13.9010183381569,,,84724.43104687589,,,2.848,,,9.444,,,0.6969800033525102,0.2021138172818654,0.4605645908019232,0.3184479219839849,735.9167,20351,7421,735.9167,100.30759479868058,4.618161381777749,0.027344753465715223,6.6024748600212515,6.601116932975785,15.808386078014513,7421,1011.5039664149606,6.920181716419895,0.2757450883626811,8.912203841620542,8.912069097970134,20351,2773.900716953357,7.928370247866033,0.7561903103717724,9.92093446613985,9.920885329712549
HKG,2017,522.1428571428571,,0.687728927318519,0.6836505960003074,,,,2.6666666666666665,103630.11326909505,53.88,,0.83519,3720.22457,324.0,,46160.429791493,3.30989003181458,89.4159446487565,61.5548639261037,72.9228515909643,247.078996858382,10482.7408970405,8.531,,7393200.0,,3.802744926945297,545.7142857142857,519.2857142857143,HKG,523.0,523.0,,0.6801844709896463,0.6801844709896463,,0.6873190826096638,0.6873190826096638,,548.0,548.0,,527.0,527.0,,69.6881506285714,60.9527896995708,,,,,11.3905603813352,18.4954233328322,,84943.57057032203,85146.91078649857,,2.8,2.9166666666666665,,9.202,9.229,,0.6959558499070506,0.2099136463534175,0.4828497114074552,0.4879872920680342,833.9,21487,7628,833.9,112.79283666071524,4.734379572968605,0.030318824721034313,6.727311957199955,6.726113491092939,15.816071216790663,7628,1031.7589135962776,6.939989057172842,0.27733780425956317,8.93971205409023,8.93958096672031,21487,2906.3193204566355,7.974986739884636,0.7812214735350334,9.97524991876302,9.975203380077728
HKG,2018,521.7142857142857,,0.6902437460948099,0.682427767130522,,,,2.6666666666666665,105331.00583308586,54.62,,0.8633,3978.17159,314.0,,48537.5668888343,3.32624006271362,90.5073953294283,64.6544468445663,78.2463196011546,266.34009236007,19399.4042347637,8.731,,7452600.0,,3.7642871341085846,544.5714285714286,515.4285714285714,HKG,523.0,523.0,,0.6826992897659372,0.6801844709896463,,0.6860962537398784,0.6873190826096638,,548.0,548.0,,527.0,527.0,,68.7008718656545,68.0858986854034,,,,,12.3029118452087,13.9010183381569,,92680.77498531084,84724.43104687589,,2.676056338028169,2.848,,10.424,9.444,,0.6980237740315541,0.2223857603344844,0.5146450315634656,0.5007093258723463,835.1,22980,7463,835.1,112.05485333977404,4.7278731287159985,0.028167425865050243,6.728748223156012,6.727551478159183,15.82407352276034,7463,1001.3954861390655,6.910147900518114,0.2517225472768171,8.91784674252718,8.917712757131387,22980,3083.4876418967874,8.034140842124172,0.775101720008208,10.042423066556905,10.042379551402746
HKG,2019,521.2857142857143,,0.6902437460948099,0.682427767130522,,,,2.6666666666666665,105555.52835023728,55.54,,0.92557,4240.38811,346.0,,48359.0011950597,3.81017994880676,91.7434003891587,65.5667246519625,83.8542119335773,286.618647834243,60542.0956592389,8.527,,7507900.0,,3.851950033526699,543.4285714285714,511.57142857142856,HKG,522.5714285714286,523.0,523.0,0.6852141085422281,0.6801844709896463,0.6801844709896463,0.684873424870093,0.6873190826096638,0.6873190826096638,546.8571428571429,548.0,548.0,523.1428571428571,527.0,527.0,70.3316379391101,69.6881506285714,60.9527896995708,,,,13.4708648681174,11.3905603813352,18.4954233328322,94365.29067974287,84943.57057032203,85146.91078649857,2.6666666666666665,2.8,2.9166666666666665,9.728,9.202,9.229,0.699565995187904,0.2315121992392398,0.592115594176256,0.5031225994225605,935.0095,25427,7032,935.0095,124.53675461846855,4.8325985811809185,0.029369187769576248,6.841625625998735,6.8405566896648775,15.831466357473571,7032,936.6134338496784,6.843337746631451,0.2208791765170944,8.858368636308018,8.858226439365012,25427,3386.6993433583293,8.1279063102044,0.7986767379550852,10.1436062080563,10.14356688055654
HKG,2020,520.8571428571429,,0.6902437460948099,0.682427767130522,,,,2.6666666666666665,105048.4084013116,54.24,,0.99236,4355.79712,423.0,,46109.2299946609,4.40563011169434,92.41313602,69.6513217074644,89.9479038224414,291.916274990037,70629.594973934,15.533,,7481000.0,,4.05253671527649,542.2857142857143,507.7142857142857,HKG,522.1428571428571,523.0,523.0,0.687728927318519,0.6826992897659372,0.6801844709896463,0.6836505960003074,0.6860962537398784,0.6873190826096638,545.7142857142857,548.0,548.0,519.2857142857143,527.0,527.0,72.9228515909643,68.7008718656545,68.0858986854034,,,,61.5548639261037,12.3029118452087,13.9010183381569,103630.11326909505,92680.77498531084,84724.43104687589,2.6666666666666665,2.676056338028169,2.848,8.531,10.424,9.444,0.7016579930908393,0.2330252800601631,0.6279655789189645,0.549315753414761,905.8214,28394,4969,905.8214,121.08293008956022,4.804700568637045,0.027798110599228328,6.809945517825577,6.808842156367434,15.827877030854541,4969,664.2160139018848,6.500111820844224,0.1524901173317009,8.511175119090675,8.51097389160232,28394,3795.481887448202,8.2418300977867,0.8713633309551851,10.253968352311533,10.25393313422352
HKG,2021,520.4285714285714,,0.6902437460948099,0.682427767130522,,,,2.6666666666666665,105168.09844849187,53.7,,0.97026,4591.73346,401.0,,49770.5642374739,4.00030994415283,93.08715788,70.5506557214905,97.3813269493844,319.852066930488,100440.301628199,12.79,,7413100.0,,4.009030456772979,541.1428571428571,503.8571428571428,HKG,521.7142857142857,522.5714285714286,523.0,0.6902437460948099,0.6852141085422281,0.6801844709896463,0.682427767130522,0.684873424870093,0.6873190826096638,544.5714285714286,546.8571428571429,548.0,515.4285714285714,523.1428571428571,527.0,78.2463196011546,70.3316379391101,69.6881506285714,,,,64.6544468445663,13.4708648681174,11.3905603813352,105331.00583308586,94365.29067974287,84943.57057032203,2.6666666666666665,2.6666666666666665,2.8,8.731,9.728,9.202,0.705266157634118,0.2453454073118824,0.6727337755445187,0.5400546671097364,1246.5674,31109,6949,1246.5674,168.15737006110803,5.13082946543394,0.03662176202647181,7.128950854222323,7.128148972901727,15.81875926336306,6949,937.3946122404932,6.844170555891084,0.20414830704056003,8.846496938558838,8.846353043314327,31109,4196.48999743697,8.342242005967789,0.9139228210857364,10.345284589891683,10.34525244536991
HKG,2022,520.0,,0.6902437460948099,0.682427767130522,,,,2.6666666666666665,108794.45356274108,51.8,,1.07293,4815.20071,401.0,,48825.8441873536,3.72866988182068,95.61357052,72.6367726437239,100.776315789474,292.80765987826,126913.87266713,11.03,,7346100.0,,,540.0,500.0,HKG,521.2857142857143,522.1428571428571,523.0,0.6902437460948099,0.687728927318519,0.6826992897659372,0.682427767130522,0.6836505960003074,0.6860962537398784,543.4285714285714,545.7142857142857,548.0,511.57142857142856,519.2857142857143,527.0,83.8542119335773,72.9228515909643,68.7008718656545,,,,65.5667246519625,61.5548639261037,12.3029118452087,105555.52835023728,103630.11326909505,92680.77498531084,2.6666666666666665,2.6666666666666665,2.676056338028169,8.527,8.531,10.424,0.7043040478037644,0.253566668728602,0.6671026715255641,0.5411675382246061,1897.9167,33826,11208,1897.9167,258.35704659615305,5.558205670646748,0.05365447094647755,7.549038844657974,7.5485120899032765,15.809680118119626,11208,1525.7075182750032,7.33086874677753,0.3168523204248745,9.324472306021095,9.324383088016843,33826,4604.620138576932,8.435032605980346,0.9562675402116171,10.42901457915501,10.428985016533987
HKG,2023,520.0,,0.6902437460948099,0.682427767130522,,,,2.6666666666666665,106062.44388148664,53.3,,1.10625,5273.74369,401.0,,50562.3633144379,3.80328011512756,95.97781908,72.3154885126867,105.461738484398,319.493898344345,131226.894547578,8.973,,7536100.0,,,540.0,500.0,HKG,520.8571428571429,521.7142857142857,522.5714285714286,0.6902437460948099,0.6902437460948099,0.6852141085422281,0.682427767130522,0.682427767130522,0.684873424870093,542.2857142857143,544.5714285714286,546.8571428571429,507.7142857142857,515.4285714285714,523.1428571428571,89.9479038224414,78.2463196011546,70.3316379391101,,,,69.6513217074644,64.6544468445663,13.4708648681174,105048.4084013116,105331.00583308586,94365.29067974287,2.6666666666666665,2.6666666666666665,2.6666666666666665,15.533,8.731,9.728,0.7096065154808929,0.2703652358749847,0.7022192200817361,0.5293374631557201,1336.8094,37191,10073,1336.8094,177.3874285107682,5.183957749673956,0.033635959374955546,7.198788779120977,7.198041008973996,15.835215364789361,10073,1336.6330064622284,7.198656917909836,0.25345050594641777,9.217713126305595,9.21761385594268,37191,4935.0459786892425,8.504319880511297,0.9357766074310755,10.52384896337042,10.523822075506256
HUN,2012,494.0,,,,,,,1.4851740743562691,67832.48194905864,46.5,,1.25758,2400.89424,692.0,6506.75,12950.1594488143,4.15359020233154,70.579998153838,21.2196345000288,60.6758003234863,116.767825095297,393.130815185978,28.185,19.4259796142578,9920362.0,6.487529431237614,4.259230540579608,477.0,488.0,HUN,,,,,,,,,,,,,,,,,,,,,,,,,,,,,,,,,,0.5033042841173068,0.1057772283867843,0.3103134939724299,0.2686919234736649,146.8333,11953,4263,146.8333,14.801203827037764,2.7600861287151583,0.006164871230245345,4.996085287602356,4.989297929693342,16.110099970530726,4263,429.7222218302114,6.06546338541267,0.1789842362361665,8.357962965845681,8.35772841676521,11953,1204.8955471584604,7.094977762556465,0.5018528209549373,9.388821229384199,9.38873757187798
HUN,2013,488.3333333333333,,,,,,,1.45057466729788,75250.31906208384,46.93,,1.38449,2527.84945,642.0,6306.37,13739.4620151401,4.19040012359619,72.6439,19.3691523112004,57.5212211608887,117.200126277309,516.472944576447,26.545,19.4259796142578,9872734.0,6.461102990138474,4.190072533521573,477.0,482.0,HUN,,,,,,,,,,,,,,,,,,,,,,,,,,,,,,,,,,0.4861670495141403,0.1135894711190193,0.3181245516527344,0.2538532030887747,153.8333,12548,4514,153.8333,15.581631187470464,2.8082955277068655,0.006163987015710315,5.042349054300508,5.03586954859005,16.10528737406514,4514,457.21884130576194,6.12734688943972,0.18087265493827645,8.415160465851086,8.414938957377482,12548,1270.9751928898318,7.148326241264791,0.5027891170060905,9.437396260110308,9.43731656931057
HUN,2014,482.6666666666667,,,,,,,1.4550683761557974,72643.85639474636,44.61,,1.3437,2654.79529,546.0,6670.04,14352.501883174,4.59878015518188,75.6531974544103,16.6901975118435,53.4245910644531,118.895659080821,670.393015871595,20.378,19.9017601013184,9833038.0,6.5211063197343115,4.034720017458862,477.0,476.0,HUN,,,,,,,,,,,,,,,,,,,,,,,,,,,,,,,,,,0.4703748404660094,0.116009786779132,0.3420844754247759,0.2155440279767008,148.8333,13874,4984,148.8333,15.136044424927475,2.7810555538042605,0.005701397950320861,5.00952334277413,5.002826887684253,16.10125849829261,4984,506.8626806893251,6.230211097433484,0.19092345183772158,8.514188682395938,8.51398806046729,13874,1410.957630795284,7.252732411084062,0.5314751145257923,9.537843938614635,9.537771863945247
HUN,2015,477.0,,,,,,,1.4734059779146316,66601.23906777661,43.0,,1.33884,2569.66887,569.0,6586.04,12782.9412577973,4.49287986755371,72.8347370323805,17.08325844517,50.9797401428223,100.623739037612,930.825479918614,17.272,20.6730899810791,9797755.0,6.5120408080929755,4.0787998382345565,477.0,470.0,HUN,494.0,,,,,,,,,477.0,,,488.0,,,60.6758003234863,,,19.4259796142578,,,21.2196345000288,,,67832.48194905864,,,1.4851740743562691,,,28.185,,,0.4584560267928707,0.1116427706220127,0.3116208929363901,0.202184024547029,132.3,14368,5114,132.3,13.503093310661473,2.6743619584442992,0.0052547989619617696,4.892602227184663,4.88507207112091,16.09766383576494,5114,521.9563052964684,6.259497914296475,0.2031220097616968,8.539932678385727,8.539737155851132,14368,1466.458387661255,7.291287195362399,0.5706799054079116,9.572828387229206,9.57275879054198
HUN,2016,478.3333333333333,,,,,,,1.4931110578260818,59208.46422171883,44.71,,1.17645,2625.94197,616.0,6531.06,13215.8605277789,4.60210990905762,79.2594121273057,17.5764530213374,50.7361488342285,101.442011503556,4148.87463875886,12.923,20.4075393676758,9759755.0,6.507550483746551,4.160699221832307,478.3333333333333,472.0,HUN,488.3333333333333,,,,,,,,,477.0,,,482.0,,,57.5212211608887,,,19.4259796142578,,,19.3691523112004,,,75250.31906208384,,,1.45057466729788,,,26.545,,,0.4616000563727264,0.1083414556777628,0.3377688906842895,0.1830354968157058,164.2833,14780,5041,164.2833,16.832727870730363,2.881035413483499,0.006410167499143312,5.107660971290111,5.101592376541826,16.093777855615187,5041,516.5088672820168,6.2490266598372015,0.19669469972408296,8.525558107747866,8.525359754082631,14780,1514.3822770141257,7.323423014176227,0.5767005875663451,9.601097851212073,9.601030194502194
HUN,2017,479.6666666666667,,,,,,,1.500834120483539,66768.2468721002,41.74,,1.31498,2902.24254,496.0,6766.09,14736.1668157258,4.64034986495972,76.7505471201922,17.2630732776764,51.3840599060059,101.629260697653,13712.8966738756,10.699,20.8109029221453,9726756.0,6.546234754115737,3.951116076768335,479.6666666666667,474.0,HUN,482.6666666666667,494.0,,,,,,,,477.0,477.0,,476.0,488.0,,53.4245910644531,60.6758003234863,,19.9017601013184,19.4259796142578,,16.6901975118435,21.2196345000288,,72643.85639474636,67832.48194905864,,1.4550683761557974,1.4851740743562691,,20.378,28.185,,0.4696444464168402,0.1209433668090805,0.3404590358676219,0.1763798192409314,136.9583,15247,4953,136.9583,14.08057321474909,2.713407373445524,0.00485161836775678,4.926951465580426,4.91967649993322,16.090390996721485,4953,509.2139660951709,6.234830179098582,0.17545534498821413,8.507950610049305,8.507748732588238,15247,1567.5318677676298,7.3578953447769875,0.540110568349546,9.632203625893982,9.632138041371906
HUN,2018,481.0,,,,,,,1.435567134939796,64838.73127120993,44.94,,1.50196,3846.48666,407.0,6875.82,16605.0570511887,4.60567998886108,76.0743606365063,16.8209858629646,52.5629386901855,102.737202940663,19379.9008629269,10.115,21.8310533614892,9706964.0,6.56433338015563,3.759539684492417,481.0,476.0,HUN,477.0,488.3333333333333,,,,,,,,477.0,477.0,,470.0,482.0,,50.9797401428223,57.5212211608887,,20.6730899810791,19.4259796142578,,17.08325844517,19.3691523112004,,66601.23906777661,75250.31906208384,,1.4734059779146316,1.45057466729788,,17.272,26.545,,0.4818120493508183,0.1497738209534941,0.3436118484677889,0.1630098474417838,140.0,16389,4840,140.0,14.422635130819483,2.7358362439902923,0.0037495606785282556,4.948759890378168,4.941642422609304,16.088354124023635,4840,498.61110023690213,6.213829996253004,0.12962766917197685,8.484876589939695,8.484669999710677,16389,1688.3754797071465,7.432114200986067,0.43893964257428275,9.704426671737876,9.704365657063827
HUN,2019,482.25,,,,,,,1.3637776530388117,61970.4016476755,44.51,,1.46473,4021.15293,427.0,7377.59,17012.8598553199,4.20140981674194,80.3716936050482,17.3787600622128,54.2122917175293,105.141557934591,26447.1020825133,11.472,22.6326181219748,9694824.0,6.635923399408869,3.807642473048565,479.0,475.25,HUN,478.3333333333333,482.6666666666667,494.0,,,,,,,478.3333333333333,477.0,477.0,472.0,476.0,488.0,50.7361488342285,53.4245910644531,60.6758003234863,20.4075393676758,19.9017601013184,19.4259796142578,17.5764530213374,16.6901975118435,21.2196345000288,59208.46422171883,72643.85639474636,67832.48194905864,1.4931110578260818,1.4550683761557974,1.4851740743562691,12.923,20.378,28.185,0.4871408401996421,0.1531464925858673,0.3520048324110234,0.1607665371640373,140.1667,17706,4547,140.1667,14.457890107133455,2.738119559533614,0.003595458904154002,4.9499414615514805,4.942832428556994,16.087102692806642,4547,469.01315588606866,6.152760685559311,0.11663648810443741,8.422442854870427,8.42222295382501,17706,1826.3353723595187,7.510614104041966,0.45418202295517235,9.781715320606217,9.781658844170995
HUN,2020,483.5,,,,,,,1.3736894387081635,60103.570013173,41.53,,1.58067,4309.61589,428.0,7762.07,16386.9308821258,4.12265014648438,84.77115202,17.4648807221778,56.6071815490723,105.981902376717,33083.571663234,12.882,24.0824909210205,9670419.0,6.689177772015753,3.812394520681009,477.0,474.5,HUN,479.6666666666667,477.0,488.3333333333333,,,,,,,479.6666666666667,477.0,477.0,474.0,470.0,482.0,51.3840599060059,50.9797401428223,57.5212211608887,20.8109029221453,20.6730899810791,19.4259796142578,17.2630732776764,17.08325844517,19.3691523112004,66768.2468721002,66601.23906777661,75250.31906208384,1.500834120483539,1.4734059779146316,1.45057466729788,10.699,17.272,26.545,0.497058103809276,0.1621739984826982,0.3692246803121349,0.1678537696947275,118.4643,19975,4287,118.4643,12.250172407214205,2.5840105642128006,0.0028425207071561555,4.783017581968583,4.774611649362736,16.08458219637701,4287,443.31067764488796,6.096524042164651,0.10286547315586585,8.363575702750637,8.363342466597977,19975,2065.577510136841,7.633649141178139,0.47929503762267794,9.902286831959609,9.902236770634476
HUN,2021,484.75,,,,,,,1.3468491262566389,69808.52777401784,42.7,,1.63327,4452.48668,433.0,8387.03,19030.628130329,4.65407991409302,88.64083466,16.3975126429279,58.6536102294922,105.137285804787,42102.778838019,13.549,25.8268891446559,9630932.0,6.770609395688773,3.827756310186036,475.0,473.75,HUN,481.0,478.3333333333333,482.6666666666667,,,,,,,481.0,478.3333333333333,477.0,476.0,472.0,476.0,52.5629386901855,50.7361488342285,53.4245910644531,21.8310533614892,20.4075393676758,19.9017601013184,16.8209858629646,17.5764530213374,16.6901975118435,64838.73127120993,59208.46422171883,72643.85639474636,1.435567134939796,1.4931110578260818,1.4550683761557974,10.115,12.923,20.378,0.5081267212086447,0.1711652071279676,0.4050460534716579,0.1683863238324131,103.6667,21267,5956,103.6667,10.76393229647972,2.465038265530655,0.002417510274613493,4.650781015711431,4.641180945054481,16.080490559984383,5956,618.4240528331007,6.428790099257051,0.1388940826282496,8.692322277628687,8.6921543938039,21267,2208.197503626856,7.70038460803674,0.4959470206942552,9.964958874624228,9.964911854523127
HUN,2022,486.0,,,,,,,1.3090798608473728,54231.670094026646,39.8,,1.39056,4725.1504,433.0,8801.72,18428.028825614,3.8011999130249,89.14282688,18.4048917258431,60.2746810913086,105.793848314995,51406.6835924429,10.541,24.6647205352783,9605074.0,6.821501612784286,,473.0,473.0,HUN,482.25,479.6666666666667,477.0,,,,,,,479.0,479.6666666666667,477.0,475.25,474.0,470.0,54.2122917175293,51.3840599060059,50.9797401428223,22.6326181219748,20.8109029221453,20.6730899810791,17.3787600622128,17.2630732776764,17.08325844517,61970.4016476755,66768.2468721002,66601.23906777661,1.3637776530388117,1.500834120483539,1.4734059779146316,11.472,10.699,17.272,0.5025853274699907,0.1685018581678488,0.3879696964173394,0.1495659008965109,136.8214,22459,7706,136.8214,14.244700249055864,2.72423191800066,0.0030146554169060654,4.925958644054801,4.918676425702662,16.077802058475783,7706,802.2842926561524,6.688708689467061,0.1697902129541003,8.949884285777994,8.949754525186103,22459,2338.243307651768,7.757582783257099,0.4948505570641239,10.019491228292434,10.019446703703723
HUN,2023,486.0,,,,,,,1.3398156480194927,67049.8999804695,41.3,,1.37748,4567.0829,433.0,8801.72,22230.6277875187,3.8011999130249,91.4500713,18.8624569621863,56.5924415588379,105.054424922699,53717.7865400025,12.779,26.3525127220673,9592186.0,,,473.0,473.0,HUN,483.5,481.0,478.3333333333333,,,,,,,477.0,481.0,478.3333333333333,474.5,476.0,472.0,56.6071815490723,52.5629386901855,50.7361488342285,24.0824909210205,21.8310533614892,20.4075393676758,17.4648807221778,16.8209858629646,17.5764530213374,60103.570013173,64838.73127120993,59208.46422171883,1.3736894387081635,1.435567134939796,1.4931110578260818,12.882,10.115,12.923,0.5068944323853388,0.170503400731507,0.3960570804159485,0.1714100365504004,140.4833,23233,6214,140.4833,14.645597989863834,2.7501895988169665,0.003206772968772657,4.952181688916829,4.945088620499282,16.07645936666078,6214,647.8189643111591,6.475153732200098,0.14184523874334734,8.734721003944811,8.734560089952993,23233,2422.075635313994,7.7927929358943295,0.5303331882401333,10.05337200207342,10.053328960775287
IDN,2012,382.0,,0.7670336738492802,0.7928409989300275,,,,1.3964598479114907,48611.28760335939,28.1,,0.0847,177.73496,663.0,2111.14,3632.27254030331,3.40748000144958,14.52,10.871757163658,29.0425391195214,111.581048999,5.22361576902754,15.673,5.77638038733417,252698525.0,2.235844892939185,,375.0,396.0,IDN,,,,,,,,,,,,,,,,,,,,,,,,,,,,,,,,,,0.330219979978361,0.0052210949572681,0.1158506012172962,0.1545489327262826,14.6667,23201,7368,14.6667,0.05804030712090623,0.056418430178192806,0.0003265553784179895,2.75153744069926,2.6855796179748417,19.347707735380563,7368,29.157273474390088,3.4064261370104756,0.1640491745371315,8.905037290767,8.904901577935142,23201,91.81296171000602,4.530586303637909,0.5165723260635163,10.051993760835352,10.05195066017375
IDN,2013,389.0,,0.7670336738492802,0.7928409989300275,,,,1.3964598479114907,48611.28760335939,31.95,,0.0847,177.73496,663.0,2815.34,3566.60284506078,3.35904002189636,14.94,9.67606262852233,29.894529174265,122.424816798816,7.69974987186659,15.977,6.18710368188552,255852467.0,2.485220213323207,1.2785245954424769,378.6666666666667,396.3333333333333,IDN,,,,,,,,,,,,,,,,,,,,,,,,,,,,,,,,,,0.3410163111289132,0.0054196323078683,0.1267902424786417,0.1516940730089129,15.8583,33003,10039,15.8583,0.061982204768031415,0.060137166340404606,0.0003487338943786378,2.824843117122252,2.7636930225675957,19.360111535537463,10039,39.23745632673536,3.6947983112372076,0.22076386281424523,9.214332393245721,9.214232786691527,33003,128.99230711736698,4.867475272684358,0.725756525994475,10.404384045224234,10.404353745407546
IDN,2014,396.0,,0.7670336738492802,0.7928409989300275,,,,1.3964598479114907,48611.28760335939,31.81,,0.13825,177.73496,702.0,3354.32,3441.06808464008,3.28800988197327,17.1431598350566,9.32850761968047,29.9904910473273,125.767185647597,11.6116741423225,15.977,7.96649980545044,258877399.0,2.635993778721345,1.3114922376553175,382.3333333333333,396.6666666666667,IDN,,,,,,,,,,,,,,,,,,,,,,,,,,,,,,,,,,0.3564717597491191,0.0071862152235419,0.1344354423225977,0.1504612922874587,13.0,40229,12319,13.0,0.05021682097478119,0.04899663901849149,0.00028253766718028457,2.6390573296152584,2.5649493574615367,19.371865144657846,12319,47.58623212217919,3.8833402011052556,0.2677370401533789,9.41897923708751,9.418898064961974,40229,155.39788392265172,5.0524032981133615,0.8743236779227437,10.602368264943834,10.602343407563055
IDN,2015,403.0,,0.7670336738492802,0.7928409989300275,,,,1.3964598479114907,48611.28760335939,29.79,,0.1918,177.73496,1058.0,4474.1,3288.22269725538,3.58361005783081,22.062742603379,8.88987824359938,32.4590200433758,129.468797674053,17.4523036924373,17.224,8.48301029205322,261799249.0,2.89534891803036,1.6176569350538506,386.0,397.0,IDN,382.0,,,0.7670336738492802,,,0.7928409989300275,,,375.0,,,396.0,,,29.0425391195214,,,5.77638038733417,,,10.871757163658,,,48611.28760335939,,,1.3964598479114907,,,15.673,,,0.3692529671443959,0.009372011720813,0.1623026111091737,0.1545919519226413,7.3333,58523,17517,7.3333,0.028011157510998058,0.027626020583993657,0.00015760071913256717,2.120259536192091,1.9924256192253302,19.383088542833974,17517,66.91004678932445,4.218183988115662,0.37645968350472214,9.770984202723035,9.770927116951647,58523,223.54151214543785,5.414060599422484,1.2577239286262976,10.977192205498053,10.977175118345029
IDN,2016,400.6666666666667,,0.7670336738492802,0.7928409989300275,,,,1.3964598479114907,48611.28760335939,29.07,,0.24535,177.73496,1101.0,6753.72,3521.46943457574,1.21023452496964,25.447353701827,7.99860974921307,34.8307173410877,145.704251250337,302.667050169382,15.997,8.79403018951416,264627418.0,3.2779601918931847,1.6410463820282857,383.6666666666667,388.3333333333333,IDN,389.0,,,0.7670336738492802,,,0.7928409989300275,,,378.6666666666667,,,396.3333333333333,,,29.894529174265,,,6.18710368188552,,,9.67606262852233,,,48611.28760335939,,,1.3964598479114907,,,15.977,,,0.3625930965590288,0.0124235320069236,0.1125140257308525,0.1458353352569149,7.5,84225,24514,7.5,0.028341734415441414,0.027947538265699942,0.00015946066218734578,2.1400661634962708,2.0149030205422647,19.393833424836224,24514,92.63590366135078,4.539413896058739,0.5212024897147459,10.107040454085334,10.10699966190111,84225,318.2776774854071,5.766061186488912,1.790743236363893,11.341258941163606,11.341247068274754
IDN,2017,398.3333333333333,,0.7670336738492802,0.7928409989300275,,,,1.3964598479114907,42241.79234467537,30.1,,0.23805,214.08281,2271.0,13002.06,3798.88326174526,1.05324382490056,32.335806250688,8.44632702628773,35.967012362631,162.782511760443,1267.73606423762,14.553,8.23369979858398,267346658.0,3.904670252440613,2.2507220651745485,381.3333333333333,379.6666666666667,IDN,396.0,382.0,,0.7670336738492802,0.7670336738492802,,0.7928409989300275,0.7928409989300275,,382.3333333333333,375.0,,396.6666666666667,396.0,,29.9904910473273,29.0425391195214,,7.96649980545044,5.77638038733417,,9.32850761968047,10.871757163658,,48611.28760335939,48611.28760335939,,1.3964598479114907,1.3964598479114907,,15.977,15.673,,0.3513017920634954,0.0168240148617094,0.1462750599075756,0.1377837120900693,7.75,128449,35902,7.75,0.028988580062968283,0.028576358697974806,0.00013540825656655145,2.169053700369523,2.0476928433652555,19.404056718813333,35902,134.29006469944352,4.9074211008429875,0.6272809325486878,10.488576136444582,10.488548283231015,128449,480.45859619460816,6.176820238329283,2.244265180350576,11.76329500253803,11.763287217377325
IDN,2018,396.0,,0.7670336738492802,0.7928409989300275,,,,1.337503669827019,40606.94975684844,29.8,,0.22632,215.18755,1407.0,21795.18,3860.95353090726,0.994436460846179,39.9046386385762,8.21299200751234,36.1494878042588,118.330216938024,1272.12317710915,16.369,9.37423038482666,269951846.0,4.403510302087061,1.8264894520957389,379.0,371.0,IDN,403.0,389.0,,0.7670336738492802,0.7670336738492802,,0.7928409989300275,0.7928409989300275,,386.0,378.6666666666667,,397.0,396.3333333333333,,32.4590200433758,29.894529174265,,8.48301029205322,6.18710368188552,,8.88987824359938,9.67606262852233,,48611.28760335939,48611.28760335939,,1.3964598479114907,1.3964598479114907,,17.224,15.977,,0.3457865425813072,0.0197082269923388,0.1203794613057932,0.1370339934156318,7.7,177519,48460,7.7,0.028523605650764842,0.028124381379592417,0.00013255230449328895,2.1633230256605382,2.0412203288596382,19.413754152908577,48460,179.51349738130705,5.195805552712994,0.834218789057764,10.788514629733339,10.788493994370517,177519,657.5950586387174,6.490108867087998,3.055915914460281,12.086838557606475,12.086832924422515
IDN,2019,392.75,,0.7670336738492802,0.7928409989300275,,,,1.2785474917425472,28777.33972944784,29.72,,0.27129,387.17063,3093.0,31005.34,4106.94856160358,0.964399077622927,47.6906489788375,8.09206094724751,37.3230862728703,125.244348145809,1672.32938886525,13.577,8.78998911544875,272489381.0,4.743065154524236,2.5137290196573145,375.75,368.0,IDN,400.6666666666667,396.0,382.0,0.7670336738492802,0.7670336738492802,0.7670336738492802,0.7928409989300275,0.7928409989300275,0.7928409989300275,383.6666666666667,382.3333333333333,375.0,388.3333333333333,396.6666666666667,396.0,34.8307173410877,29.9904910473273,29.0425391195214,8.79403018951416,7.96649980545044,5.77638038733417,7.99860974921307,9.32850761968047,10.871757163658,48611.28760335939,48611.28760335939,48611.28760335939,1.3964598479114907,1.3964598479114907,1.3964598479114907,15.997,15.977,15.673,0.3374786579581012,0.0302084721003632,0.1498105796867364,0.1107804150272803,6.6667,228949,62465,6.6667,0.02446590753567751,0.024171410969549945,6.319153789035472e-05,2.0368862750776753,1.8971249848733813,19.42311020250093,62465,229.23829094095964,5.4391148201657105,0.5920859517183926,11.042377687702809,11.04236167886593,228949,840.2125585950816,6.734844373097847,2.1701350605935206,12.341258918085241,12.341254550309815
IDN,2020,389.5,,0.7670336738492802,0.7928409989300275,,,,1.300417508199613,27360.062984790093,26.49,,0.28068,395.34168,1309.0,32895.71,3853.70288774146,1.01593221347809,53.72649449,8.4247469855579,38.1650601406923,129.40362112725,1868.76353333811,14.773,10.5170803070068,274814866.0,4.793319298920683,1.7514940316079597,372.5,365.0,IDN,398.3333333333333,403.0,389.0,0.7670336738492802,0.7670336738492802,0.7670336738492802,0.7928409989300275,0.7928409989300275,0.7928409989300275,381.3333333333333,386.0,378.6666666666667,379.6666666666667,397.0,396.3333333333333,35.967012362631,32.4590200433758,29.894529174265,8.23369979858398,8.48301029205322,6.18710368188552,8.44632702628773,8.88987824359938,9.67606262852233,42241.79234467537,48611.28760335939,48611.28760335939,1.3964598479114907,1.3964598479114907,1.3964598479114907,14.553,17.224,15.977,0.337955590773087,0.0298884917385322,0.1736981734851001,0.1194868123262528,16.4167,273372,82188,16.4167,0.0597373069330245,0.05802105376253097,0.00015110298244552537,2.857429516050577,2.7982991094047795,19.431608214374723,82188,299.06679065898857,5.704005085406552,0.7564767536248357,11.316776752138244,11.316764584985906,273372,994.749679953631,6.903495900649331,2.516177095098172,12.518592441994373,12.518588783981954
IDN,2021,386.25,,0.7670336738492802,0.7928409989300275,,,,1.3257683851839754,27360.062984790093,27.1,,0.28068,395.34168,1397.0,39566.05,4287.17313995098,1.03221750658374,62.10447842,7.20127970144306,40.6293239880732,132.199444256099,2189.14677796205,13.8,9.99885068603274,276758053.0,4.969553522843026,1.799683038715851,369.25,362.0,IDN,396.0,400.6666666666667,396.0,0.7670336738492802,0.7670336738492802,0.7670336738492802,0.7928409989300275,0.7928409989300275,0.7928409989300275,379.0,383.6666666666667,382.3333333333333,371.0,388.3333333333333,396.6666666666667,36.1494878042588,34.8307173410877,29.9904910473273,9.37423038482666,8.79403018951416,7.96649980545044,8.21299200751234,7.99860974921307,9.32850761968047,40606.94975684844,48611.28760335939,48611.28760335939,1.337503669827019,1.3964598479114907,1.3964598479114907,16.369,15.997,15.977,0.331159764145875,0.0334318492427438,0.202013724279938,0.1139003737824224,7.6667,326591,120796,7.6667,0.02770181361262864,0.027325060376951437,7.007056177994854e-05,2.159488095499822,2.0368862750776753,19.438654227593986,120796,436.4678775941526,6.081003280460158,1.1040269712876027,11.701866729737386,11.701858451351837,326591,1180.059609683697,7.0741672888302,2.984910697206774,12.696466964423644,12.696463902494598
IDN,2022,383.0,,0.7670336738492802,0.7928409989300275,,,,1.2824607700987838,27360.062984790093,27.9,,0.28068,395.34168,1397.0,31947.1,4730.83484836107,0.863943349575907,66.48461277,8.30819306709832,42.3260385456152,122.873012230307,2496.40884911853,14.054,9.48062106505868,278830529.0,4.749922529061137,,366.0,359.0,IDN,392.75,398.3333333333333,403.0,0.7670336738492802,0.7670336738492802,0.7670336738492802,0.7928409989300275,0.7928409989300275,0.7928409989300275,375.75,381.3333333333333,386.0,368.0,379.6666666666667,397.0,37.3230862728703,35.967012362631,32.4590200433758,8.78998911544875,8.23369979858398,8.48301029205322,8.09206094724751,8.44632702628773,8.88987824359938,28777.33972944784,42241.79234467537,48611.28760335939,1.2785474917425472,1.3964598479114907,1.3964598479114907,13.577,14.553,17.224,0.3236193963141098,0.0308785239761862,0.2000030188206171,0.1135349407171209,9.0,350310,133805,9.0,0.03227767071374024,0.031767691638141846,8.164499810326157e-05,2.302585092994046,2.1972245773362196,19.446114732290518,133805,479.87930331689034,6.175616309962785,1.2138343301341017,11.804146268720173,11.804138795185827,350310,1256.3545364144827,7.136765218475248,3.177895476172618,12.766576610348281,12.76657375573787
IDN,2023,383.0,,0.7670336738492802,0.7928409989300275,,,,1.2370539680264598,27360.062984790093,30.3,,0.28068,395.34168,1397.0,31947.1,4876.30774512252,1.27517088245674,69.20836554,9.08308687782522,44.8813034886441,125.238194847046,2722.38990575723,13.015,9.32683739576692,281190067.0,,,366.0,359.0,IDN,389.5,396.0,400.6666666666667,0.7670336738492802,0.7670336738492802,0.7670336738492802,0.7928409989300275,0.7928409989300275,0.7928409989300275,372.5,379.0,383.6666666666667,365.0,371.0,388.3333333333333,38.1650601406923,36.1494878042588,34.8307173410877,10.5170803070068,9.37423038482666,8.79403018951416,8.4247469855579,8.21299200751234,7.99860974921307,27360.062984790093,40606.94975684844,48611.28760335939,1.300417508199613,1.337503669827019,1.3964598479114907,14.773,16.369,15.997,0.3254921667759863,0.0310994771296104,0.2239780965477783,0.105831416504413,104.75,430528,105212,104.75,0.3725238274508466,0.3166512548707795,0.00094228321043925,4.661077817926388,4.6515765588022475,19.454541393663803,105212,374.16684423635775,5.927370844987382,0.9464391516633353,11.563742145795578,11.5637326412215,430528,1531.0924905466165,7.334389720897658,3.8728334703960807,12.97276996411188,12.972767641385278
IRL,2012,522.0,,,,,,,1.494736358553187,156450.15892149138,58.7,,1.5455,4873.66344,79.0,7018.56,49335.8408099555,5.70776987075806,76.919992540097,25.5863586944318,68.1972503662109,108.989828987516,2466.77217013119,30.792,31.0609990347078,4599533.0,7.331013695089755,,501.0,523.0,IRL,,,,,,,,,,,,,,,,,,,,,,,,,,,,,,,,,,0.6699912867846749,0.2225328151313077,0.3730377820998907,0.3397739678832623,545.4922,15823,5824,545.4922,118.59730107382642,4.784130274989555,0.024334323150107882,6.3035200348706395,6.301688506362464,15.341465334566513,5824,1266.2155049219127,7.144577256561312,0.25980774432013565,8.669914278433902,8.669742589876522,15823,3440.131856864599,8.143555724407864,0.7058615965620718,9.669283053862493,9.669219856718984
IRL,2013,515.6666666666666,,,,,,,1.490614582442944,156907.6638329187,57.91,,1.53562,5141.73776,79.0,7077.4,52537.6108648692,5.23177003860474,78.2477,24.9839328156584,71.6995468139648,105.53780299895,2641.75737096805,26.732,31.0609990347078,4623816.0,7.334094657367238,,502.0,522.3333333333334,IRL,,,,,,,,,,,,,,,,,,,,,,,,,,,,,,,,,,0.6679034728852778,0.2328020282458598,0.3580893830628134,0.318823758538698,555.0,16377,6110,555.0,120.03072786633379,4.796044462665617,0.023344389284126733,6.320768294250582,6.318968113746434,15.34673089615507,6110,1321.4193644383774,7.187218189804303,0.25699859193876456,8.717845704894916,8.71768205216564,16377,3541.879694174682,8.172695148368742,0.6888487627137722,9.703694249830134,9.703633190449867
IRL,2014,509.3333333333333,,,,,,,1.436291955561847,159778.30844666567,56.67,,1.47756,5290.95054,79.0,7186.57,57214.5379785709,4.73554992675781,83.4917223351728,24.9189231516136,73.813232421875,105.460883393918,2807.79949074014,23.416,31.0609990347078,4657740.0,7.342086840787587,,503.0,521.6666666666666,IRL,,,,,,,,,,,,,,,,,,,,,,,,,,,,,,,,,,0.6639298788783934,0.2412760374996019,0.3574828650252606,0.2980124644649614,571.8333,16949,6433,571.8333,122.7705496657177,4.818429445567501,0.023203873999116557,6.350594749431495,6.34884751533835,15.354040909920927,6433,1381.1419272007454,7.231389696016109,0.2610385254519399,8.769351707798972,8.769196271411001,16949,3638.889246716218,8.199708533441571,0.687757184499445,9.738023112808596,9.737964114018055
IRL,2015,503.0,,,,,,,1.4902639129487203,139801.72695971848,59.13,,1.14062,5242.06636,79.0,6896.82,64250.1385181257,3.62438988685608,83.4947916666667,28.3389494347801,77.2321472167969,104.242903808134,3194.41458099255,20.235,31.1764627730336,4701957.0,7.291518434709459,,504.0,521.0,IRL,522.0,,,,,,,,,501.0,,,523.0,,,68.1972503662109,,,31.0609990347078,,,25.5863586944318,,,156450.15892149138,,,1.494736358553187,,,30.792,,,0.6623657174815498,0.2400883323084903,0.3205903962432611,0.2928486170599957,598.4595,17642,6334,598.4595,127.27881177986103,4.854206112074392,0.024280274807482793,6.396028415888625,6.394358853535434,15.363489362995674,6334,1347.0986655131044,7.206450482794521,0.25697856017089876,8.75384509275524,8.753687227098585,17642,3752.0547295519714,8.23032538190958,0.7157587241135138,9.778094383128066,9.778037701818713
IRL,2016,500.6666666666667,,,,,,,1.459208360244692,143315.63550138005,59.03,,1.14954,5143.85544,79.0,7148.95,64129.5571542383,3.65881991386414,83.5,32.8418171476767,77.5571365356445,102.558386941167,11725.2277164193,16.797,31.7892265802023,4762722.0,7.314567409196828,2.86716871010683,502.6666666666667,520.0,IRL,515.6666666666666,,,,,,,,,502.0,,,522.3333333333334,,,71.6995468139648,,,31.0609990347078,,,24.9839328156584,,,156907.6638329187,,,1.490614582442944,,,26.732,,,0.6612170639309359,0.2382090424203264,0.3276596940234726,0.2909197890166932,646.6167,17796,6307,646.6167,135.76620680358837,4.918272948382872,0.02639386125586538,6.47329900899415,6.471753692362698,15.376329911503914,6307,1324.2427334620832,7.189350916707879,0.25744166975697186,8.74957394808293,8.749415406663651,17796,3736.518738654072,8.226177231373082,0.7264043055327527,9.786785182749986,9.786728991925932
IRL,2017,498.3333333333333,,,,,,,1.4676188610693068,170478.72067526763,58.13,,1.20821,5114.19434,62.0,7288.93,72161.4047531385,3.37737011909485,84.1140070623844,29.3340262522775,77.5191116333008,101.842124574945,38437.1028566871,14.402,31.1619205474854,4827445.0,7.320456774576237,2.6277965072638683,501.3333333333333,519.0,IRL,509.3333333333333,522.0,,,,,,,,503.0,501.0,,521.6666666666666,523.0,,73.813232421875,68.1972503662109,,31.0609990347078,31.0609990347078,,24.9189231516136,25.5863586944318,,159778.30844666567,156450.15892149138,,1.436291955561847,1.494736358553187,,23.416,30.792,,0.6527353113054634,0.2516912455446158,0.3436828698297811,0.2816421091447617,704.5583,18489,6212,704.5583,145.94848827899645,4.990082105496574,0.02853792378155822,6.5589894043067325,6.557571081640881,15.389827900159315,6212,1286.80906773666,7.160697656340871,0.2516152070467975,8.734399150063695,8.734238184268579,18489,3829.976312521427,8.250874961575667,0.7488914299884479,9.82498532438117,9.824931239630352
IRL,2018,496.0,,,,,,,1.4790974628681834,187824.33206529915,57.19,,1.08244,4656.77702,76.0,7457.08,80804.1123164826,3.30347990989685,87.0001401148942,25.0152782298751,76.7604675292969,102.030494877842,69157.3047242336,13.756,35.1531239019396,4898022.0,7.328744358304671,2.804357923678221,500.0,518.0,IRL,503.0,515.6666666666666,,,,,,,,504.0,502.0,,521.0,522.3333333333334,,77.2321472167969,71.6995468139648,,31.1764627730336,31.0609990347078,,28.3389494347801,24.9839328156584,,139801.72695971848,156907.6638329187,,1.4902639129487203,1.490614582442944,,20.235,26.732,,0.6687502155668378,0.2511823070034622,0.3776511075588633,0.2731411951488061,650.7706,19266,6039,650.7706,132.86396018637726,4.896824061773783,0.028531312454032263,6.479692659525468,6.478157199155431,15.4043420081134,6039,1232.9466874587333,7.117973000500235,0.26476395201304553,8.706159290928861,8.705993714307901,19266,3933.424553830097,8.27751991224921,0.8446667162582109,9.86614906688076,9.86609716331757
IRL,2019,498.0,,,,,,,1.4280539824598455,187576.75854016095,56.1,,1.13733,4961.4389,58.0,7999.14,81827.6688873996,3.22984004020691,87.0000552425146,25.9769791902199,74.444580078125,104.597515228061,94607.6886844775,12.457,35.4656977800903,4976456.0,7.382993254213331,2.5380429511476477,498.0,517.5,IRL,500.6666666666667,509.3333333333333,522.0,,,,,,,502.6666666666667,503.0,501.0,520.0,521.6666666666666,523.0,77.5571365356445,73.813232421875,68.1972503662109,31.7892265802023,31.0609990347078,31.0609990347078,32.8418171476767,24.9189231516136,25.5863586944318,143315.63550138005,159778.30844666567,156450.15892149138,1.459208360244692,1.436291955561847,1.494736358553187,16.797,23.416,30.792,0.6671065750925997,0.2611721912352173,0.4008775023289085,0.2640865722921101,704.9583,20959,5277,704.9583,141.65870249832412,4.9604550817456134,0.02855193933726043,6.559556170593019,6.558138652126731,15.420228549073858,5277,1060.3931794031737,6.96733764433506,0.21372694510118298,8.57130251706327,8.571113033405668,20959,4211.631731497275,8.345842845743725,0.8488730419510506,9.950371138434978,9.95032342737316
IRL,2020,500.0,,,,,,,1.3926214525367373,187253.3575199379,53.05,,1.12466,5196.11055,75.0,8513.7,86514.0706108754,3.19163990020752,91.99989097,25.8991544690003,74.1961975097656,105.045612677382,114566.465340423,15.263,37.2187148537184,5039747.0,7.432667809453185,2.7651674663804005,496.0,517.0,IRL,498.3333333333333,503.0,515.6666666666666,,,,,,,501.3333333333333,504.0,502.0,519.0,521.0,522.3333333333334,77.5191116333008,77.2321472167969,71.6995468139648,31.1619205474854,31.1764627730336,31.0609990347078,29.3340262522775,28.3389494347801,24.9839328156584,170478.72067526763,139801.72695971848,156907.6638329187,1.4676188610693068,1.4902639129487203,1.490614582442944,14.402,20.235,26.732,0.6762160305845005,0.2731025384589495,0.4327750375374045,0.2719922290163241,783.1,23518,4614,783.1,155.38478419650826,5.05231953563234,0.029904056640309217,6.664536563236877,6.663260401756892,15.43286644037487,4614,915.5221482348221,6.820586233092317,0.17619373941819272,8.437067146936952,8.4368504387337,23518,4666.504092368129,8.448379752194953,0.8980763683652051,10.065563884101888,10.065521364383361
IRL,2021,502.0,,,,,,,1.3295851965014351,213641.22827853775,50.7,,1.0732,5213.43167,75.0,9437.0,103783.446284479,2.90461993217468,93.50610352,28.4781475271992,78.4613265991211,106.86972424373,113930.009969504,15.612,38.4914834180722,5110585.0,7.521620933996878,2.7520941135873627,494.0,516.5,IRL,496.0,500.6666666666667,509.3333333333333,,,,,,,500.0,502.6666666666667,503.0,518.0,520.0,521.6666666666666,76.7604675292969,77.5571365356445,73.813232421875,35.1531239019396,31.7892265802023,31.0609990347078,25.0152782298751,32.8418171476767,24.9189231516136,187824.33206529915,143315.63550138005,159778.30844666567,1.4790974628681834,1.459208360244692,1.436291955561847,13.756,16.797,23.416,0.6888059787963072,0.2984553111816437,0.4292241460659555,0.2874545875110833,946.5333,24904,6256,946.5333,185.21036241447896,5.226877015359319,0.03552561424756891,6.85386208145774,6.852806152280893,15.446824437036392,6256,1224.126005144225,7.110798979031187,0.23480234951352594,8.741456115998364,8.741296282225147,24904,4873.023342728865,8.491675023408165,0.9347055166695731,10.122823865507383,10.122783712121445
IRL,2022,504.0,,,,,,,1.3853541200726192,290131.85761625064,48.5,,1.53215,5554.98837,75.0,9254.27,105190.685952731,2.90461993217468,95.03690338,46.7867801497714,77.5933380126953,110.608851322579,134764.070843587,9.389,38.4278214966169,5212836.0,7.482279431357448,,492.0,516.0,IRL,498.0,498.3333333333333,503.0,,,,,,,498.0,501.3333333333333,504.0,517.5,519.0,521.0,74.444580078125,77.5191116333008,77.2321472167969,35.4656977800903,31.1619205474854,31.1764627730336,25.9769791902199,29.3340262522775,28.3389494347801,187576.75854016095,170478.72067526763,139801.72695971848,1.4280539824598455,1.4676188610693068,1.4902639129487203,12.457,14.402,20.235,0.6870533507612826,0.3223634827513768,0.4563861223858102,0.3677213032555245,803.5167,23376,8020,803.5167,154.1419488355283,5.044340496770138,0.02774838371723329,6.6902417244519174,6.688997969031276,15.466634603443364,8020,1538.5099396950143,7.339219423787372,0.2769600649397965,8.989818381366925,8.98969370086056,23376,4484.315255649708,8.408564063137353,0.8072591618494618,10.059507911994038,10.05946513399048
IRL,2023,504.0,,,,,,,1.4343580089545738,294916.4006300196,50.4,,1.58829,5752.79698,75.0,9254.27,106818.917130804,2.90461993217468,96.8660965,47.7737732849219,77.5933380126953,110.798344311602,149934.162195583,10.161,41.8523570536881,5311538.0,,,492.0,516.0,IRL,500.0,496.0,500.6666666666667,,,,,,,496.0,500.0,502.6666666666667,517.0,518.0,520.0,74.1961975097656,76.7604675292969,77.5571365356445,37.2187148537184,35.1531239019396,31.7892265802023,25.8991544690003,25.0152782298751,32.8418171476767,187253.3575199379,187824.33206529915,143315.63550138005,1.3926214525367373,1.4790974628681834,1.459208360244692,15.263,13.756,16.797,0.7059427805562839,0.3308239655340459,0.4756279048206261,0.3832040668966268,786.05,24427,6612,786.05,147.9891511648792,5.003873492320646,0.02572473036670228,6.66829177880083,6.6670204036375225,15.485391993464479,6612,1244.8371827519638,7.127563018860411,0.21638816510989822,8.796792687674662,8.796641458940915,24427,4598.856301131612,8.43378034310481,0.7994122367119607,10.103485294343026,10.103444356875002
ISL,2012,478.0,,,,,,,1.1386597945202666,147937.21070403364,55.7,,1.69237,5739.72216,37.0,645.19,46594.9869146614,7.58223009109497,96.2097995545657,15.3938778989576,79.5824813842773,109.747195651429,4580.37640778757,13.201,31.3356183131779,320716.0,7.607241093897131,4.756747843882271,493.0,483.0,ISL,,,,,,,,,,,,,,,,,,,,,,,,,,,,,,,,,,0.5866718132535822,0.2387111436646828,0.4930564368078395,0.1745114779717902,37.0,1362,500,37.0,115.36686663590217,4.756747843882271,0.020099730164622142,3.6375861597263857,3.6109179126442243,12.678311275300475,500,1559.0117112959751,7.352448607456413,0.2716179751975965,6.2166061010848646,6.214608098422191,1362,4246.7479015702365,8.354144215956032,0.739887364438253,7.217443431696533,7.216709486709457
ISL,2013,476.3333333333333,,,,,,,1.1410872209505911,147937.21070403364,56.4,,1.69237,5739.72216,33.0,589.16,50173.3360061057,7.44866991043091,96.5468,15.7355558714745,78.3723907470703,109.997066860151,5522.54111019137,10.415,31.3356183131779,323764.0,7.506987601273513,4.634011199764738,491.3333333333333,482.6666666666667,ISL,,,,,,,,,,,,,,,,,,,,,,,,,,,,,,,,,,0.5812090570052889,0.2441197178634656,0.4908295591303686,0.1633243643283887,43.75,1445,566,43.75,135.1292917063046,4.913605108442489,0.02354282802188888,3.8010914447208646,3.7784916128036232,12.687770134304166,566,1748.186950988992,7.466906359522941,0.30457692938032244,6.340359303727752,6.338594078203183,1445,4463.127463213946,8.403829057240854,0.77758597695153,7.27655640271871,7.275864600546533
ISL,2014,474.6666666666667,,,,,,,1.063157894736842,174524.88366678596,54.05,,1.93616,5799.723330000001,51.0,597.31,55140.364935793,7.6414098739624,98.1580233097118,17.1233939798944,80.3950881958008,112.987310388627,6576.33496850812,9.566,31.3356183131779,327386.0,7.509599568210589,5.054839825998534,489.6666666666667,482.3333333333333,ISL,,,,,,,,,,,,,,,,,,,,,,,,,,,,,,,,,,0.5801365354356112,0.2607052836654052,0.5058594736743786,0.1673202955956213,45.0,1554,653,45.0,137.45242618804713,4.930526773392986,0.023699824692852568,3.828641396489095,3.8066624897703196,12.698895181856445,653,1994.5874289065507,7.598693736561624,0.34391078943183834,6.483107351457199,6.481577129276431,1554,4746.690451027228,8.465413557948633,0.818433946059842,7.349230824613334,7.348587530927593
ISL,2015,473.0,,,,,,,1.061389337641357,201112.5566295383,57.02,,2.18137,5859.7245,40.0,615.26,53505.6964079339,7.45796012878418,98.19999695,20.1396578475779,75.6419982910156,116.004435688559,7611.50491966809,8.578,32.343291894634,330815.0,7.5287784536920865,4.8033117892043,488.0,482.0,ISL,478.0,,,,,,,,,493.0,,,483.0,,,79.5824813842773,,,31.3356183131779,,,15.3938778989576,,,147937.21070403364,,,1.1386597945202666,,,13.201,,,0.5754205040632069,0.2672934447098701,0.5041116369088855,0.186042669530123,44.0,1669,647,44.0,133.00485165424783,4.89787600567046,0.022698140783623498,3.8066624897703196,3.784189633918261,12.709314585722742,647,1955.7758868249625,7.579053442097867,0.3337658428864637,6.473890696352274,6.472346294500901,1669,5045.115850248628,8.526374087765957,0.8609817492697187,7.4205789054108005,7.419979923661835
ISL,2016,473.6666666666667,,,,,,,1.053811659192825,227700.22959229065,55.99,,2.11011,5919.72567,35.0,674.43,62854.0906407932,7.43221998214722,98.23999786,23.3894322573227,74.7006301879883,119.679414972554,35663.7123292163,6.317,34.919979784315,335439.0,7.606680289986556,4.657201555291056,490.3333333333333,479.3333333333333,ISL,476.3333333333333,,,,,,,,,491.3333333333333,,,482.6666666666667,,,78.3723907470703,,,31.3356183131779,,,15.7355558714745,,,147937.21070403364,,,1.1410872209505911,,,10.415,,,0.5884340560940362,0.2805231825432914,0.532504182487172,0.1990572278829518,53.0,1711,631,53.0,158.00190198515975,5.068916164319502,0.026690747307072386,3.9889840465642745,3.970291913552122,12.723195400681126,631,1881.1169840119962,7.540152477624772,0.31777097265589954,6.448889394146858,6.447305862541213,1711,5100.778382954874,8.537344460469987,0.8616578989132235,7.445417556701687,7.444833273892193
ISL,2017,474.3333333333333,,,,,,,1.1181467640541003,254287.90255504297,55.76,,2.08365,5979.72684,36.0,641.27,72976.3729990975,7.58384990692139,98.2552011867973,26.3759840115862,71.3372497558594,116.796155223255,57638.322655795,7.544,36.9849307076824,343400.0,7.532845272139755,4.661871949924777,492.6666666666667,476.6666666666667,ISL,474.6666666666667,478.0,,,,,,,,489.6666666666667,493.0,,482.3333333333333,483.0,,80.3950881958008,79.5824813842773,,31.3356183131779,31.3356183131779,,17.1233939798944,15.3938778989576,,174524.88366678596,147937.21070403364,,1.063157894736842,1.1386597945202666,,9.566,13.201,,0.5953357390945346,0.2963176536605379,0.5542711580460307,0.2360935490573169,37.25,1910,659,37.25,108.47408270238789,4.695687833592188,0.018140307342598926,3.644143560272545,3.6176519448255684,12.746651227445513,659,1919.0448456610368,7.560103821864177,0.32092516882611255,6.492239835020471,6.490723534502507,1910,5562.026790914386,8.623897625974966,0.9301473026674886,7.555381944240273,7.554858521040676
ISL,2018,475.0,,,,,,,1.1421264383053182,268044.5559811563,51.24,,2.00081,5645.66563,56.0,720.82,75633.8651351915,7.56350994110107,99.0109539916991,23.4740318421698,69.3402328491211,116.581078859812,64762.2341737521,5.902,39.0388021816671,352721.0,7.622956568981036,5.073708429635362,495.0,474.0,ISL,473.0,476.3333333333333,,,,,,,,488.0,491.3333333333333,,482.0,482.6666666666667,,75.6419982910156,78.3723907470703,,32.343291894634,31.3356183131779,,20.1396578475779,15.7355558714745,,201112.5566295383,147937.21070403364,,1.061389337641357,1.1410872209505911,,8.578,10.415,,0.6040318763578847,0.2906701923743403,0.5620292982327891,0.2279280108022429,50.5,1978,688,50.5,143.17264920432862,4.971011534213898,0.025359746500667028,3.9415818076696905,3.9219733362813143,12.773432655137803,688,1950.5501515362,7.5763792852585325,0.34549516024671123,6.535241271013659,6.5337888379333435,1978,5607.831685666575,8.63209772115411,0.9932985857092947,7.590346945602565,7.589841512182657
ISL,2019,468.0,,,,,,,1.16527933689468,272772.4202211095,51.53,,2.34018,6077.544136666667,47.0,680.46,69296.3144361601,7.60129976272583,99.5049411693787,38.0792033549769,70.6093521118164,114.623232603271,70905.7779084376,8.449,36.142879486084,360563.0,7.543387361218445,4.877878458417866,486.0,464.5,ISL,473.6666666666667,474.6666666666667,478.0,,,,,,,490.3333333333333,489.6666666666667,493.0,479.3333333333333,482.3333333333333,483.0,74.7006301879883,80.3950881958008,79.5824813842773,34.919979784315,31.3356183131779,31.3356183131779,23.3894322573227,17.1233939798944,15.3938778989576,227700.22959229065,174524.88366678596,147937.21070403364,1.053811659192825,1.063157894736842,1.1386597945202666,6.317,9.566,13.201,0.5630219778504972,0.3009863708767997,0.5682059634397691,0.2965284691091352,39.0,2144,612,39.0,108.16417657940498,4.692852956187397,0.017797349414023254,3.6888794541139363,3.6635616461296463,12.79542197772042,612,1697.3455401691242,7.437409844501133,0.2792814831123649,6.418364935936212,6.416732282512326,2144,5946.256271442161,8.69068526133609,0.9783978754786117,7.6708948313621175,7.670428522190693
ISL,2020,461.0,,,,,,,1.164571753649456,277500.2844610627,49.23,,2.4864,6509.422643333333,44.0,686.83,60127.9393575616,8.5838098526001,99.5327519,27.9589360661677,74.5906066894531,114.939418571031,75513.7626445235,9.872,36.6183090209961,366463.0,7.536477941414839,4.79634156392025,477.0,455.0,ISL,474.3333333333333,473.0,476.3333333333333,,,,,,,492.6666666666667,488.0,491.3333333333333,476.6666666666667,482.0,482.6666666666667,71.3372497558594,75.6419982910156,78.3723907470703,36.9849307076824,32.343291894634,31.3356183131779,26.3759840115862,20.1396578475779,15.7355558714745,254287.90255504297,201112.5566295383,147937.21070403364,1.1181467640541003,1.061389337641357,1.1410872209505911,7.544,8.578,10.415,0.5442913254452748,0.3008858583527393,0.6045878459999586,0.2692993269217431,46.1667,2211,429,46.1667,125.97915751385543,4.844022958926274,0.019353353502538015,3.853688135128714,3.8322587589806836,12.81165284023301,429,1170.650242998611,7.06616849812303,0.17983933555113987,6.063785208687608,6.061456918928017,2211,6033.351252377457,8.705223630218553,0.92686426784049,7.701652362642226,7.701200180857446
ISL,2021,454.0,,,,,,,1.164571753649456,282228.1487010159,51.8,,2.78171,6941.30115,34.0,751.67,70425.4064277273,8.2265796661377,99.68701957,33.4874148657273,86.5232086181641,117.34255750797,78946.0968538602,11.831,35.428135101763004,372520.0,7.6102574162332415,4.524721959258262,468.0,445.5,ISL,475.0,473.6666666666667,474.6666666666667,,,,,,,495.0,490.3333333333333,489.6666666666667,474.0,479.3333333333333,482.3333333333333,69.3402328491211,74.7006301879883,80.3950881958008,39.0388021816671,34.919979784315,31.3356183131779,23.4740318421698,23.3894322573227,17.1233939798944,268044.5559811563,227700.22959229065,174524.88366678596,1.1421264383053182,1.053811659192825,1.063157894736842,5.902,6.317,9.566,0.5271715508195629,0.3351113818157391,0.5990646010339822,0.3001097005587277,33.5,2437,640,33.5,89.92805755395683,4.510068617516435,0.012955504394728189,3.5409593240373143,3.5115454388310208,12.828046006635594,640,1718.0285622248468,7.449514620849725,0.24750814366047882,6.46302945692067,6.461468176353717,2437,6541.9306345968,8.786140453345837,0.9424646032821671,7.798933310041217,7.798523053625206
ISL,2022,447.0,,,,,,,1.164571753649456,289324.3412116702,49.5,,2.60089,6863.54747,34.0,765.6,76350.4550416502,7.30798006057739,97.58339691,33.3116292542581,84.985237121582,120.114839781678,85331.790588032,8.421,34.2379611825299,382003.0,7.603485491689775,,459.0,436.0,ISL,468.0,474.3333333333333,473.0,,,,,,,486.0,492.6666666666667,488.0,464.5,476.6666666666667,482.0,70.6093521118164,71.3372497558594,75.6419982910156,36.142879486084,36.9849307076824,32.343291894634,38.0792033549769,26.3759840115862,20.1396578475779,272772.4202211095,254287.90255504297,201112.5566295383,1.16527933689468,1.1181467640541003,1.061389337641357,8.449,7.544,8.578,0.491758285553431,0.3367157913235934,0.5717802720363342,0.2873395262672405,38.3333,2427,898,38.3333,100.34816480498846,4.618561765235186,0.014620451777102438,3.672071488339569,3.646318970129545,12.853183740961017,898,2350.7668787941457,7.762922187947235,0.3425002725003584,6.80128303447162,6.8001700683022,2427,6353.353245916917,8.756895407542407,0.92566610396255,7.794823152179389,7.794411205726601
ISL,2023,447.0,,,,,,,1.164571753649456,364300.32769746776,50.7,,2.64005,5952.52033,34.0,765.6,82138.7892973557,7.30798006057739,97.94860077,43.4245422764011,76.5200729370117,121.475495280706,87104.544641306,8.488,34.4636962573314,385663.0,,,459.0,436.0,ISL,461.0,475.0,473.6666666666667,,,,,,,477.0,495.0,490.3333333333333,455.0,474.0,479.3333333333333,74.5906066894531,69.3402328491211,74.7006301879883,36.6183090209961,39.0388021816671,34.919979784315,27.9589360661677,23.4740318421698,23.3894322573227,277500.2844610627,268044.5559811563,227700.22959229065,1.164571753649456,1.1421264383053182,1.053811659192825,9.872,5.902,6.317,0.4815074429380034,0.3273973011225518,0.5758649180265247,0.359474635750973,45.5,2601,756,45.5,117.97864975380061,4.778944063181334,0.019819949065810347,3.8394523125933104,3.817712325956905,12.862719210115923,756,1960.2606420631485,7.581342730196012,0.3293160767857719,6.6293632534374485,6.628041376179533,2601,6744.230066145832,8.816590877199639,1.1330041213224773,7.86403565907245,7.8636512654486515
ISR,2012,470.0,0.6072108720816304,0.5259480894133546,0.562013636886496,3.354845244025781,0.05,67.04872108994408,1.586116075761537,,56.0,0.6941074799987375,4.06028,,1319.0,11614.79,33321.4300881602,5.56122016906738,70.8,19.8939600431067,64.2354736328125,121.257449610793,900.448770621326,11.99,31.2236010686484,7910500.0,7.292524413530686,5.122417595785199,466.0,486.0,Israel,,,,,,,,,,,,,,,,,,,,,,,,,,,,,,,,,,0.4144952971448011,0.2232994838411571,0.3616687090220355,0.2445738508223517,1321.2833,19619,7468,1321.2833,167.02904999683966,5.1241368811027534,,7.187115293973836,7.186358740272713,15.883701548871256,7468,944.0616901586499,6.851250205954222,,8.918516400357067,8.918382504661613,19619,2480.1213576891473,7.816465897323864,,9.884304733119354,9.884253763420828
ISR,2013,469.0,0.5980819086839457,0.6282153326627024,0.5640868415871527,3.361938578862511,0.05,67.6511062445053,1.4542635658914729,,55.98,0.7186118335531368,4.10651,,1201.0,11390.71,37034.3161080785,5.76972007751465,70.250311945,19.0362582405147,62.6519393920898,122.590468216873,960.35734226689,10.4,31.3936901092529,8059500.0,7.254409170105457,5.010746543775597,467.3333333333333,483.6666666666667,Israel,,,,,,,,,,,,,,,,,,,,,,,,,,,,,,,,,,0.4686784236125815,0.2319674155678918,0.3682470230077381,0.2087264785779783,1542.7086,21184,8217,1542.7086,191.41492648427322,5.259654115701987,,7.3419429822029185,7.341294981644217,15.902362077819124,8217,1019.5421552205472,6.928089289795111,,9.014082149443356,9.013960457931187,21184,2628.4508964575966,7.874530318756385,,9.961048663060659,9.961001458736735
ISR,2014,468.0,0.603919431642535,0.5707253041116407,0.5729898007996467,3.040786783630969,0.05,66.5843909419695,1.481378126006225,,55.46,0.6875862914004949,4.19613,,1125.0,12086.64,38343.3046626235,5.69225978851318,75.0177531628076,19.4130528417277,62.6224403381348,120.296120931284,1008.6785057877,10.429,32.7910194396973,8215700.0,7.294488534582336,4.926767664590706,468.6666666666667,481.3333333333333,Israel,,,,,,,,,,,,,,,,,,,,,,,,,,,,,,,,,,0.4458436115247924,0.2383184344761161,0.3773912874189723,0.2152343466448139,1527.2061,21717,8454,1527.2061,185.8887374173838,5.230513452706723,,7.331849842829633,7.331195266641382,15.921557515805082,8454,1029.0054408023661,6.937319363542124,,9.042513261332681,9.042394981126735,21717,2643.3535791228987,7.880181920897121,,9.985896688776846,9.985850642961251
ISR,2015,467.0,0.6358698961524663,0.5409514385579377,0.5836811196585665,3.442368160659908,0.05,68.55115878069743,1.4537514469115016,,53.54,0.7481741096471847,4.29761,,1285.0,12249.84,36213.1041481958,5.79657983779907,77.3520896572253,23.6539775366063,61.6271781921387,131.256932278377,1304.99636042529,9.202,33.2059211730957,8380100.0,7.288092171908279,5.039154455492258,470.0,479.0,Israel,470.0,,,0.5259480894133546,,,0.562013636886496,,,466.0,,,486.0,,,64.2354736328125,,,31.2236010686484,,,19.8939600431067,,,,,,1.586116075761537,,,11.99,,,0.4342248863756515,0.2385289493616192,0.3992838339614659,0.2231952914968867,1643.4583,22739,8519,1643.4583,196.11440197611006,5.283784280875894,,7.405166308056167,7.404558020102127,15.94137040556129,8519,1016.5749812054748,6.925177606204089,,9.050171619823361,9.05005424204284,22739,2713.4521067767687,7.906345409711047,,10.031880767304527,10.03183679096379
ISR,2016,465.3333333333333,0.6110510555701241,0.592397909068388,0.5859658040172517,3.4287282631453566,0.05,68.02132622315325,1.4231797614150554,,52.28,0.7205194467989066,4.59051,,1300.0,12479.66,37671.5389138798,5.80271005630493,79.6531241815281,21.8196172712291,61.4426498413086,128.745353991867,2119.58811139714,8.514,33.9819556680169,8546000.0,7.287076620673383,5.031208538887809,467.6666666666667,476.0,Israel,469.0,,,0.6282153326627024,,,0.5640868415871527,,,467.3333333333333,,,483.6666666666667,,,62.6519393920898,,,31.3936901092529,,,19.0362582405147,,,,,,1.4542635658914729,,,10.4,,,0.4610485761525797,0.2530726823198416,0.4043601148391731,0.2052071870998395,1771.8167,24047,8875,1771.8167,207.32701848818164,5.339109049352168,,7.48032491663495,7.479760683376565,15.960973895186108,8875,1038.4975427100399,6.946492743379968,,9.091106284052485,9.090993614343617,24047,2813.8310320617834,7.942657514637912,,10.087807111992756,10.08776552762847
ISR,2017,463.6666666666667,0.6178377602086635,0.56364564545316,0.6307893432322369,3.177209312930115,0.05,67.72875007867486,1.4458113470718512,,53.88,0.7332008079296708,4.74032,,1436.0,12507.34,41138.470964272,6.00425004959106,81.5811835871611,21.0679788533896,60.3434600830078,126.049460421008,6967.62420667256,7.151,34.8950401334066,8713300.0,7.269916769362819,5.110815578590559,465.3333333333333,473.0,Israel,468.0,470.0,,0.5707253041116407,0.5259480894133546,,0.5729898007996467,0.562013636886496,,468.6666666666667,466.0,,481.3333333333333,486.0,,62.6224403381348,64.2354736328125,,32.7910194396973,31.2236010686484,,19.4130528417277,19.8939600431067,,,,,1.481378126006225,1.586116075761537,,10.429,11.99,,0.4662168003641292,0.2657384379363043,0.4181141147693302,0.1971625066300678,1779.4333,24021,8446,1779.4333,204.22036427071257,5.3240843494578876,,7.484612040628886,7.484050221808876,15.980361151930218,8446,969.3227594596766,6.8776287578621895,,9.041566627727496,9.041448235493888,24021,2756.8200337415215,7.922195803773714,,10.086725356114435,10.086683726740743
ISR,2018,462.0,0.6618949105443666,0.561333556610465,0.5573037269037304,3.4643553924343777,0.05,68.20777325499994,1.468442932728647,,56.79,0.7779155958376337,4.91965,,1506.0,12752.3,42362.6652754196,6.06919002532959,83.7331569615326,22.5362840096475,58.6109886169434,125.733440171505,9611.94668347818,7.025,35.7983778877423,8882800.0,7.270046425909577,5.13897653259711,463.0,470.0,Israel,467.0,469.0,,0.5409514385579377,0.6282153326627024,,0.5836811196585665,0.5640868415871527,,470.0,467.3333333333333,,479.0,483.6666666666667,,61.6271781921387,62.6519393920898,,33.2059211730957,31.3936901092529,,23.6539775366063,19.0362582405147,,,,,1.4537514469115016,1.4542635658914729,,9.202,10.4,,0.4229910846956276,0.2753785357884712,0.4285892877947989,0.2071378799505701,1825.8632,25092,8063,1825.8632,205.5504120322421,5.330544508671295,,7.510355676727305,7.5098081404952,15.999627380582242,8063,907.7092808573874,6.8120252199840055,,8.99516499031115,8.995040974685022,25092,2824.7849777097313,7.9465414731981525,,10.13034420176222,10.130304349216633
ISR,2019,462.75,0.6064039088381902,0.5877881861574348,0.641160001512364,3.5726801733549896,0.05,67.3150902855261,1.4517535608137295,,57.43,0.7657288020117882,5.35528,,1368.0,13267.72,44250.6313628073,6.06899976730347,86.7878776180583,23.0916656017552,57.4564514160156,135.143345507015,11114.8663574111,6.525,36.2310266040996,9054000.0,7.290564822819659,5.024495064632248,461.75,471.0,Israel,465.3333333333333,468.0,470.0,0.592397909068388,0.5707253041116407,0.5259480894133546,0.5859658040172517,0.5729898007996467,0.562013636886496,467.6666666666667,468.6666666666667,466.0,476.0,481.3333333333333,486.0,61.4426498413086,62.6224403381348,64.2354736328125,33.9819556680169,32.7910194396973,31.2236010686484,21.8196172712291,19.4130528417277,19.8939600431067,,,,1.4231797614150554,1.481378126006225,1.586116075761537,8.514,10.429,11.99,0.4825321043893944,0.2964318230966674,0.4486873827397828,0.2039240754104734,1958.7821,26651,7421,1958.7821,216.34438922023412,5.381483142609925,,7.580588572574947,7.580078181538501,16.018717206978042,7421,819.6377291804727,6.710081756504737,,8.912203841620542,8.912069097970134,26651,2943.5608570797435,7.987714970223258,,10.190619473682428,10.19058195234216
ISR,2020,463.5,0.5977223447276301,0.5341635319530493,0.6099094042457232,3.651411291073473,0.05,68.71126537087632,1.435064188898812,,53.55,0.7332686875742589,5.83209,,1642.0,13675.43,44575.5719045492,6.51824998855591,90.12734091,28.197643074759,57.633861541748,139.425860895034,12351.7921672038,7.645,36.506782771464,9215100.0,7.303186244699811,5.188423277174917,460.5,472.0,Israel,463.6666666666667,467.0,469.0,0.56364564545316,0.5409514385579377,0.6282153326627024,0.6307893432322369,0.5836811196585665,0.5640868415871527,465.3333333333333,470.0,467.3333333333333,473.0,479.0,483.6666666666667,60.3434600830078,61.6271781921387,62.6519393920898,34.8950401334066,33.2059211730957,31.3936901092529,21.0679788533896,23.6539775366063,19.0362582405147,,,,1.4458113470718512,1.4537514469115016,1.4542635658914729,7.151,9.202,10.4,0.4387146169740138,0.3164459045904719,0.4786057484628428,0.2320814903881671,1884.5881,29518,6291,1884.5881,204.51086803181735,5.325498918337482,,7.541995040613462,7.54146456141546,16.036354000899127,6291,682.6838558452974,6.5274956117190595,,8.747034264178168,8.74687531957003,29518,3203.220800642424,8.07222421987197,,10.292789402801873,10.292755525741722
ISR,2021,464.25,0.6252359279649427,0.5854988161175152,0.6386084335708612,3.6445892050423288,0.05,68.05800761225179,1.4183748169838946,,53.4,0.7315355963025929,5.75725,,1592.0,15132.89,52270.9040241956,6.16727018356323,90.29689758,29.5956758722761,60.2585487365723,139.775312861878,13021.9604328062,7.649,37.2001295681295,9371400.0,7.387582383645965,5.140953167996409,459.25,473.0,Israel,462.0,465.3333333333333,468.0,0.561333556610465,0.592397909068388,0.5707253041116407,0.5573037269037304,0.5859658040172517,0.5729898007996467,463.0,467.6666666666667,468.6666666666667,470.0,476.0,481.3333333333333,58.6109886169434,61.4426498413086,62.6224403381348,35.7983778877423,33.9819556680169,32.7910194396973,22.5362840096475,21.8196172712291,19.4130528417277,,,,1.468442932728647,1.4231797614150554,1.481378126006225,7.025,8.514,10.429,0.4875235509183009,0.3288111482980238,0.468704770526769,0.2359172815942265,2088.1487,30555,8747,2088.1487,222.82142476044137,5.410848523022562,,7.644511941407136,7.644033162941852,16.05317305607387,8747,933.3717480845978,6.8398743762621965,,9.076580381796658,9.076466063419854,30555,3260.4520135732123,8.089927778134877,,10.32731634466125,10.327283617329016
ISR,2022,465.0,0.6284598205877779,0.6343086442319525,0.599490362693974,3.711684712527107,0.05,68.21796524247577,1.4183748169838946,,50.2,0.7408890997696095,6.17831,,1592.0,15417.46,54949.621556429,5.93291997909546,91.85079615,29.1090540410523,58.9500617980957,151.1379631075,13050.1700235417,6.719,32.5107307434082,9557500.0,7.3865494477976625,,458.0,474.0,Israel,462.75,463.6666666666667,467.0,0.5877881861574348,0.56364564545316,0.5409514385579377,0.641160001512364,0.6307893432322369,0.5836811196585665,461.75,465.3333333333333,470.0,471.0,473.0,479.0,57.4564514160156,60.3434600830078,61.6271781921387,36.2310266040996,34.8950401334066,33.2059211730957,23.0916656017552,21.0679788533896,23.6539775366063,,,,1.4517535608137295,1.4458113470718512,1.4537514469115016,6.525,7.151,9.202,0.4743202530592119,0.3507812937085924,0.477514984231965,0.2279613179085909,1933.8583,28937,11007,1933.8583,202.3393460633011,5.31487623886516,,7.567789372808276,7.567272405490344,16.072836744552706,11007,1151.660999215276,7.049828460745753,,9.306377560173125,9.306286713023391,28937,3027.674601098614,8.01588037742503,,10.272910889297027,10.272876332061601
ISR,2023,465.0,0.6121456921610758,0.5929053298659193,0.679158932005483,3.939041708837964,0.05,68.17417219251725,1.4183748169838946,,54.3,0.7615979649695308,6.34589,,1592.0,15417.46,52003.7200729997,5.93291997909546,87.03842615,34.9377735824443,57.143440246582,153.336641345572,12925.0685348766,5.873,38.2999787289694,9849000.0,,,458.0,474.0,Israel,463.5,462.0,465.3333333333333,0.5341635319530493,0.561333556610465,0.592397909068388,0.6099094042457232,0.5573037269037304,0.5859658040172517,460.5,463.0,467.6666666666667,472.0,470.0,476.0,57.633861541748,58.6109886169434,61.4426498413086,36.506782771464,35.7983778877423,33.9819556680169,28.197643074759,22.5362840096475,21.8196172712291,,,,1.435064188898812,1.468442932728647,1.4231797614150554,7.645,7.025,8.514,0.5146821705720898,0.3518482216391517,0.4655616901797882,0.2503835184627682,1853.0613,29218,8789,1853.0613,188.14715199512642,5.2425252941067155,,7.52513380922538,7.524594307227656,16.10288048515184,8789,892.374860391918,6.795006269269716,,9.081369990679223,9.081256218564645,29218,2966.5955934612653,7.995507339431287,,10.282574461584227,10.282540236692459
ITA,2012,494.0,,,,,,,1.3170537157410842,238965.8027209067,44.5,,1.25559,1831.34278,8439.0,64130.5,34854.3949441965,4.03481006622315,55.829997993283,7.59501140176072,62.3447418212891,160.558717223582,300.010398521898,35.294,13.9849236207505,60191247.0,6.972086539940179,4.950199347467573,485.0,490.0,ITA,,,,,,,,,,,,,,,,,,,,,,,,,,,,,,,,,,0.4853878031397585,0.1565374931306996,0.3086108544004436,0.3137032370607873,2800.3235,97506,37299,2800.3235,46.52376615490289,3.861229926015441,0.025404182473639857,7.937847263057398,7.937490225203844,17.91303750103654,37299,619.6748175029503,6.43080730147196,0.3383718352841352,10.526748605631907,10.526721795621047,97506,1619.9365332969428,7.390759368160389,0.8845621644337619,11.487679449280606,11.487669193554064
ITA,2013,489.6666666666667,,,,,,,1.3170537157410842,241125.10619197748,47.85,,1.29425,1916.30366,8307.0,67380.42,35701.6746002376,4.12192010879517,58.4593,7.77207145281516,60.8925285339355,159.698153133449,374.504989611205,40.022,13.9849236207505,60311613.0,7.019479768715678,4.932563246444668,486.6666666666667,488.3333333333333,ITA,,,,,,,,,,,,,,,,,,,,,,,,,,,,,,,,,,0.4783572376820001,0.1621457502422373,0.3183224091582519,0.3369271811641645,2791.1001,104268,40247,2791.1001,46.27798795565292,3.8560448162628065,0.024149611004579994,7.93454931567511,7.9341910981744395,17.915035230219583,40247,667.3175860841261,6.504763488826084,0.3482316503450847,10.602815592171154,10.60279074590741,104268,1728.8212802400094,7.455773375935721,0.9021645766934503,11.554729377251412,11.554719786627206
ITA,2014,485.3333333333333,,,,,,,1.3170537157410842,246340.74692237264,45.65,,1.33148,1947.34437,8601.0,69089.63,36028.3494022349,4.04026985168457,55.6384602242293,7.73691381710463,60.8831481933594,148.21699121216,496.89404336723,42.669,13.9849236207505,60320707.0,7.044357179797708,4.966947052057227,488.3333333333333,486.6666666666667,ITA,,,,,,,,,,,,,,,,,,,,,,,,,,,,,,,,,,0.4732860877720611,0.1654081541536927,0.295572407607585,0.3513745969004552,2983.5864,109833,43091,2983.5864,49.46205952128513,3.9212217573083668,0.025399749671027688,8.001216456762467,8.000881345818843,17.915186002417567,43091,714.3649692302181,6.572792858936351,0.36684059596003454,10.671092644014083,10.67106943758126,109833,1820.8175179379116,7.507589917995026,0.9350259491791436,11.6067254140409,11.606716309350618
ITA,2015,481.0,,,,,,,1.3056503228460932,196628.4899466108,46.4,,1.33213,2075.80841,8724.5,70947.03,30639.8829751432,4.05422019958496,58.1417349568747,8.15204658018138,60.941291809082,144.763979440074,633.243402476241,40.316,14.4994360454762,60229605.0,7.072373389913699,,490.0,485.0,ITA,494.0,,,,,,,,,485.0,,,490.0,,,62.3447418212891,,,13.9849236207505,,,7.59501140176072,,,238965.8027209067,,,1.3170537157410842,,,35.294,,,0.4711446418693569,0.1608441498616653,0.2999054616962231,0.3168397265315283,3032.4583,115662,44122,3032.4583,50.3483013046491,3.938631855100009,0.024254792042512772,8.017458600790423,8.017128889693156,17.913674566804808,44122,732.5633299438042,6.597913933247695,0.3529050785297686,10.694736467429317,10.69471380325571,115662,1920.3512956792595,7.560784017303816,0.9251100855108585,11.658436069470238,11.658427423625646
ITA,2016,476.6666666666667,,,,,,,1.3005020318532123,193093.7424155821,47.17,,1.35915,2209.59265,8848.0,70793.77,31391.5692898108,3.795490026474,61.3242527666303,8.29074616964551,61.3571014404297,142.127307324616,1316.22234853891,37.758,14.6699393451451,60115223.0,7.072111976942805,4.998454859094657,489.0,482.0,ITA,489.6666666666667,,,,,,,,,486.6666666666667,,,488.3333333333333,,,60.8925285339355,,,13.9849236207505,,,7.77207145281516,,,241125.10619197748,,,1.3170537157410842,,,40.022,,,0.4635902855622779,0.1657059488062179,0.2987433299104311,0.3033237205828797,3196.8943,118400,43070,3196.8943,53.17944674346463,3.9923016251515935,0.02406753423236841,8.070247840940231,8.069935086267417,17.91177366194095,43070,716.4574603674015,6.575713657189584,0.32424866201804275,10.670605195795803,10.670581978048157,118400,1969.5510403413125,7.586068498528128,0.8913638630818729,11.681832447342321,11.681824001432043
ITA,2017,472.3333333333333,,,,,,,1.2873062395539814,192889.31799264625,46.96,,1.36393,2322.42382,8643.0,72117.06,32844.115660604,4.02662992477417,63.0773469984291,7.8052686500986,62.69580078125,138.882433107903,7813.04008389552,34.726,15.5496869094545,60002252.0,7.09249548221263,4.977041236699751,488.0,479.0,ITA,485.3333333333333,494.0,,,,,,,,488.3333333333333,485.0,,486.6666666666667,490.0,,60.8831481933594,62.3447418212891,,13.9849236207505,13.9849236207505,,7.73691381710463,7.59501140176072,,246340.74692237264,238965.8027209067,,1.3170537157410842,1.3170537157410842,,42.669,35.294,,0.4612013719479363,0.1708829674875721,0.31385790049955,0.2860167791630977,3148.3833,121245,42089,3148.3833,52.471085585254365,3.9791410514523995,0.022593242944457213,8.05496193487493,8.054644361972688,17.90989265281535,42089,701.4570053137339,6.554584196934579,0.30203660472003513,10.647565461764616,10.647541702869878,121245,2020.6741573632937,7.611681237911731,0.8700712333217862,11.705576818564836,11.705568570836055
ITA,2018,468.0,,,,,,,1.2779260853160594,196254.59526279313,46.32,,1.41934,2524.31271,8921.0,73693.73,34904.1081923834,4.24094009399414,74.3871829234822,7.47655885813922,64.4753265380859,138.264671531909,12313.6246863563,32.185,16.1792738575987,60148658.0,7.111669733509685,5.006063934751327,487.0,476.0,ITA,481.0,489.6666666666667,,,,,,,,490.0,486.6666666666667,,485.0,488.3333333333333,,60.941291809082,60.8925285339355,,14.4994360454762,13.9849236207505,,8.15204658018138,7.77207145281516,,196628.4899466108,241125.10619197748,,1.3056503228460932,1.3170537157410842,,40.316,40.022,,0.4580312519611358,0.1809188208180908,0.3574120132355358,0.2736971403616621,3177.2463,124820,40364,3177.2463,52.82322840852077,3.985705128793671,0.020925786333548493,8.064084845666885,8.063770157232428,17.912329689246626,40364,671.070666281532,6.51036349315146,0.26584292176761726,10.605718351829116,10.60569357758442,124820,2075.1917690333175,7.638290614313043,0.8220818921572189,11.734635989992555,11.734627978488033
ITA,2019,470.25,,,,,,,1.2778042645899694,184289.05110149493,46.3,,1.45558,2670.65345,9229.0,78131.55,33812.788724868,4.07843017578125,67.8507102874836,7.75802459594121,65.6895065307617,132.181234381376,15313.1771774623,29.102,16.4591872390133,59729081.0,7.177094378888563,5.046737996667396,483.0,477.5,ITA,476.6666666666667,485.3333333333333,494.0,,,,,,,489.0,488.3333333333333,485.0,482.0,486.6666666666667,490.0,61.3571014404297,60.8831481933594,62.3447418212891,14.6699393451451,13.9849236207505,13.9849236207505,8.29074616964551,7.73691381710463,7.59501140176072,193093.7424155821,246340.74692237264,238965.8027209067,1.3005020318532123,1.3170537157410842,1.3170537157410842,37.758,42.669,35.294,0.461540776202093,0.1856108644078229,0.3293417174726253,0.2548825356839165,3310.1326,134125,37626,3310.1326,55.419111504494765,4.032807957567801,0.02075114294761635,8.105045585069103,8.104743527991673,17.905329578686892,37626,629.9443984413556,6.447217742084006,0.23587650372284566,10.535477156784617,10.535450579771076,134125,2245.556063385606,7.71715368407935,0.8408264514385445,11.8065349356368,11.806527479933
ITA,2020,472.5,,,,,,,1.2735472937840446,183942.8031423736,45.74,,1.49869,2614.68181,10061.0,86301.61,32091.4866621366,4.41803979873657,70.48342785,8.587243012964,68.7231063842773,129.49000571147,20677.1830094764,29.629,16.5459804534912,59438851.0,7.28134395985145,5.137364236819113,479.0,479.0,ITA,472.3333333333333,481.0,489.6666666666667,,,,,,,488.0,490.0,486.6666666666667,479.0,485.0,488.3333333333333,62.69580078125,60.941291809082,60.8925285339355,15.5496869094545,14.4994360454762,13.9849236207505,7.8052686500986,8.15204658018138,7.77207145281516,192889.31799264625,196628.4899466108,241125.10619197748,1.2873062395539814,1.3056503228460932,1.3170537157410842,34.726,40.316,40.022,0.4664559002017102,0.18720200006886,0.3501054010668464,0.2595251986475894,3344.0249,154708,30880,3344.0249,56.259918281394775,4.047600872519016,0.021516927247600647,8.115229416480812,8.114930420349118,17.900458627769716,30880,519.5255204378026,6.25483891747324,0.19869550415306655,10.33789638703407,10.337864004138712,154708,2602.8093981830166,7.864730804867266,0.9954593282549423,11.949301211985935,11.949294748216976
ITA,2021,474.75,,,,,,,1.2479285730530925,195517.4653054548,45.7,,1.41065,2658.8949,10281.0,92877.32,36852.5425414951,4.17118978500366,74.8623274,7.77024565516253,71.2745208740234,130.781488497698,24823.3931231798,29.665,16.2955232275758,59133173.0,7.3598791695480354,5.163995957562872,475.0,480.5,ITA,468.0,476.6666666666667,485.3333333333333,,,,,,,487.0,489.0,488.3333333333333,476.0,482.0,486.6666666666667,64.4753265380859,61.3571014404297,60.8831481933594,16.1792738575987,14.6699393451451,13.9849236207505,7.47655885813922,8.29074616964551,7.73691381710463,196254.59526279313,193093.7424155821,246340.74692237264,1.2779260853160594,1.3005020318532123,1.3170537157410842,32.185,37.758,42.669,0.4688559572364207,0.1955078984445764,0.3600455810979728,0.259118828972579,3509.7678,158772,40138,3509.7678,59.353618653272676,4.100220906860653,0.0223226644472757,8.163590038977144,8.163305160425496,17.89530262778127,40138,678.7729790856987,6.521758888142666,0.25528386965791644,10.600103709234817,10.600078795498629,158772,2684.990369111429,7.895804791489051,1.0098144041388886,11.975230788150334,11.975224489830412
ITA,2022,477.0,,,,,,,1.2083490843649858,174170.7992703004,46.1,,1.36563,2795.53412,10281.0,90585.64,35653.9042103495,4.06775999069214,85.06074504,9.15916231271025,73.8962097167969,131.673965640047,28070.9043211973,23.704,16.4901719680437,59013667.0,7.336933175545983,,471.0,482.0,ITA,470.25,472.3333333333333,481.0,,,,,,,483.0,488.0,490.0,477.5,479.0,485.0,65.6895065307617,62.69580078125,60.941291809082,16.4591872390133,15.5496869094545,14.4994360454762,7.75802459594121,7.8052686500986,8.15204658018138,184289.05110149493,192889.31799264625,196628.4899466108,1.2778042645899694,1.2873062395539814,1.3056503228460932,29.102,34.726,40.316,0.4738066136343885,0.1941882583937814,0.3904879858099383,0.2216436088538456,3282.9189,153260,54980,3282.9189,55.629806905576636,4.0365354703649405,0.0198995270734083,8.096792774774078,8.096488214180933,17.893279619112445,54980,931.6485959091476,6.8380284910041516,0.3332631818885286,10.914742949985987,10.914724761719237,153260,2597.0255330854125,7.8625070251597,0.9289908195022898,11.939897629362823,11.939891104524396
ITA,2023,477.0,,,,,,,1.258945131532373,189752.96682240893,46.6,,1.37935,2855.12509,10281.0,90585.64,39277.0838783918,4.06775999069214,87.0278292,9.9836968942283,75.9496536254883,131.871674517747,30244.0571559008,22.727,17.5816398207436,58984216.0,,,471.0,482.0,ITA,472.5,468.0,476.6666666666667,,,,,,,479.0,487.0,489.0,479.0,476.0,482.0,68.7231063842773,64.4753265380859,61.3571014404297,16.5459804534912,16.1792738575987,14.6699393451451,8.587243012964,7.47655885813922,8.29074616964551,183942.8031423736,196254.59526279313,193093.7424155821,1.2735472937840446,1.2779260853160594,1.3005020318532123,29.629,32.185,37.758,0.4826156977561618,0.2013936111484307,0.3984267486183914,0.2339534379834221,3059.1482,153909,44668,3059.1482,51.863844388471655,3.9677196342741676,0.018165174117982918,8.026218625146214,8.025891790182344,17.892780440654956,44668,757.2873393790637,6.631062389509305,0.26523788468373677,10.70703502770651,10.707012640565683,153909,2609.325179468351,7.867230082390687,0.9139092324211795,11.944123294974,11.944116797649274
JPN,2012,547.0,0.6764110648493064,0.6930802786799961,0.7368778013682472,2.123055762662849,0.1574121048662869,55.0,1.0195189170880343,308939.7583826258,51.7,0.7097301737107361,3.1737,5048.63399,287013.0,109040.04,49145.2804308193,3.41945004463196,79.4964,18.2382479591573,62.6422691345215,110.319058838317,909.613018984714,8.236,25.5403995513916,127629000.0,6.751512609211144,7.718599753432917,536.0,538.0,Japan,,,,,,,,,,,,,,,,,,,,,,,,,,,,,,,,,,0.7230232343184778,0.5152619192815832,0.3064738301188337,0.2241843617021487,43105.816,161925,57106,43105.816,337.74311480933017,5.825242046701239,0.06689792040348129,10.671436407439927,10.671413208983347,18.664638175779704,57106,447.4374946132932,6.105769306375872,0.08862545700471608,10.952681980074281,10.952664468932817,161925,1268.7163575676375,7.146548814010511,0.25129893751074583,11.994894719730674,11.994888544051118
JPN,2013,544.0,0.6604451300400093,0.6930802786799961,0.7368778013682472,2.1643094887677226,0.0965506661422028,55.0,0.930056092223466,259548.9148868894,52.23,0.7066412246379283,3.27895,5166.83422,271731.0,108551.11,40898.6478964744,3.40874004364014,88.219428911,17.7587589107099,62.6422691345215,115.787169243408,1054.73733767508,6.809,25.5403995513916,127445000.0,6.748464868555724,7.665351888035515,534.6666666666666,530.6666666666666,Japan,,,,,,,,,,,,,,,,,,,,,,,,,,,,,,,,,,0.7140240294146644,0.498037331579393,0.3375481421758062,0.1810298996628435,43224.125,161794,56733,43224.125,339.1590490015301,5.8294132994109935,0.06564155816896523,10.674177202392308,10.67415406743162,18.663195456945832,56733,445.1567342775315,6.100670312432696,0.08615657389478457,10.946128957265577,10.946111330995382,161794,1269.52018517792,7.147181690219939,0.24570561607411512,11.994085380780463,11.99407920010065
JPN,2014,541.0,0.6369121332983261,0.6930802786799961,0.7368778013682472,2.506772009331226,0.0998534703641794,55.0,0.968339412509198,242137.22627129577,52.41,0.6818280144013674,3.36788,5351.53211,265959.0,105286.6,38475.3952461838,3.41529989242554,89.1068330166075,17.7805347199635,62.8334884643555,123.822099584501,1376.66959992457,6.299,25.5403995513916,127276000.0,6.719291600517988,7.645217924279661,533.3333333333334,523.3333333333334,Japan,,,,,,,,,,,,,,,,,,,,,,,,,,,,,,,,,,0.7052103118431348,0.4958163849654508,0.3490088216416781,0.1752483772587853,41952.324,163692,57666,41952.324,329.6169269933059,5.800960384902903,0.06159300182042744,10.64431294594338,10.644289109645731,18.66186851472436,57666,453.0783494138722,6.118269758953338,0.08466329643565798,10.962440365141921,10.96242302405134,163692,1286.1183569565355,7.16016116681494,0.24032713072080128,12.0057480012965,12.00574189228112
JPN,2015,538.0,0.6384348326742134,0.6930802786799961,0.7368778013682472,2.4075434918424885,0.1347058258217229,55.0,1.0742047458690134,217942.73917542992,53.97,0.6896522140228568,3.24071,5198.48902,258839.0,102018.5,34960.6393843385,3.31221008300781,91.0580283929962,18.0454889300336,62.4498481750488,126.150959704287,1504.27478154175,5.471,25.5403995513916,127141000.0,6.688858219972268,7.619155895583449,532.0,516.0,Japan,547.0,,,0.6930802786799961,,,0.7368778013682472,,,536.0,,,538.0,,,62.6422691345215,,,25.5403995513916,,,18.2382479591573,,,308939.7583826258,,,1.0195189170880343,,,8.236,,,0.6958389666652085,0.4769771184581038,0.3539340416889877,0.1741309017687902,43820.895,165087,56164,43820.895,344.66375913356035,5.84546650814772,0.06630075735613661,10.68788885730798,10.687866037404596,18.660807264786893,56164,441.74577830912136,6.092995741460219,0.08497580289380344,10.93604906607567,10.936031261234533,165087,1298.4560448635766,7.169701028856594,0.2497756636338104,12.014233944044376,12.01422788665057
JPN,2016,535.0,0.6400972719562752,0.6930802786799961,0.7368778013682472,2.376239929618341,0.1132024687620498,55.0,1.011114007079966,233771.48452474395,54.52,0.7194884715116996,3.10665,5232.70894,260244.0,102449.32,39375.4731620781,3.14643001556396,93.1827212821617,17.620423854837,62.4975395202637,131.214861037498,2108.1872265416,5.12,25.5403995513916,127076000.0,6.693577794101277,7.625077775207933,530.3333333333334,512.0,Japan,544.0,,,0.6930802786799961,,,0.7368778013682472,,,534.6666666666666,,,530.6666666666666,,,62.6422691345215,,,25.5403995513916,,,17.7587589107099,,,259548.9148868894,,,0.930056092223466,,,6.809,,,0.6892461728944284,0.4812814150846084,0.3606111215351604,0.170674664427898,44923.492,165479,54433,44923.492,353.5167301457396,5.870755538499612,0.06755902806735119,10.712738403852713,10.712716144032168,18.66029589063476,54433,428.34996380118986,6.062272352807764,0.08186007834809741,10.904744237612876,10.904725866572983,165479,1302.2049796971892,7.172581878410974,0.24885866854600724,12.016605620575348,12.01659957753074
JPN,2017,532.0,0.6362875577412124,0.6930802786799961,0.7368778013682472,2.532807916160458,0.1507405052443983,55.0,1.063146904205312,231139.8798078951,54.72,0.7434756183949103,3.16636,5319.83455,260292.0,102425.45,38834.0529341227,3.13057994842529,91.7265472366635,17.5942774665502,63.287540435791,135.985843116605,5971.46615001733,4.611,25.5403995513916,126972000.0,6.694162791259047,7.626080454095431,528.6666666666666,508.0,Japan,541.0,547.0,,0.6930802786799961,0.6930802786799961,,0.7368778013682472,0.7368778013682472,,533.3333333333334,536.0,,523.3333333333334,538.0,,62.8334884643555,62.6422691345215,,25.5403995513916,25.5403995513916,,17.7805347199635,18.2382479591573,,242137.22627129577,308939.7583826258,,0.968339412509198,1.0195189170880343,,6.299,8.236,,0.6833734371954205,0.484230885145519,0.3642659195148136,0.1735466302825302,47910.707,167985,52118,47910.707,377.3328529124532,5.935774371411662,0.07092943386979078,10.777115158547407,10.77709428660402,18.6594771476743,52118,410.4684497369499,6.0197323458215894,0.07715812322339045,10.86128484456201,10.861265657517102,167985,1323.0082222852284,7.188418946662888,0.2486934903427078,12.031635921579648,12.031629968684904
JPN,2018,529.0,0.6768297071889418,0.6930802786799961,0.7368778013682472,2.1919211479005467,0.1151965122022955,55.0,1.0470282155487698,239659.96279134383,54.95,0.68261625257914,3.2192,5339.51713,253630.0,103957.43,39751.1330982711,3.07782006263733,88.7463508901772,17.2970528139362,62.6058502197266,141.728728918149,11644.8573073314,3.668,25.5403995513916,126811000.0,6.710258070829014,7.601433861328084,527.0,504.0,Japan,538.0,544.0,,0.6930802786799961,0.6930802786799961,,0.7368778013682472,0.7368778013682472,,532.0,534.6666666666666,,516.0,530.6666666666666,,62.4498481750488,62.6422691345215,,25.5403995513916,25.5403995513916,,18.0454889300336,17.7587589107099,,217942.73917542992,259548.9148868894,,1.0742047458690134,0.930056092223466,,5.471,6.809,,0.6760731258314341,0.4838591128791266,0.3648939555675327,0.1702500427385787,49216.184,170899,48818,49216.184,388.106583813707,5.963853300468551,0.07268570815760395,10.803998109793111,10.803977791479914,18.658208346993412,48818,384.96660384351514,5.95575084718177,0.07209764375145195,10.795874860328723,10.79585437629091,170899,1347.6670004968023,7.206871976585602,0.2523949203056124,12.048833869103682,12.04882801771149
JPN,2019,533.5,0.7001408784341605,0.6930802786799961,0.7368778013682472,2.5515299615538636,0.0798093852857376,55.0,1.041351673759993,241937.0323661474,54.68,0.7378145315960317,3.21824,5376.11987,245372.0,104005.62,40415.9567649547,3.15533995628357,92.7303978145525,17.0303844450023,62.4008407592773,147.209910756974,18646.9956488435,3.938,25.5403995513916,126633000.0,6.712123894455541,7.569753518722749,529.25,507.0,Japan,535.0,541.0,547.0,0.6930802786799961,0.6930802786799961,0.6930802786799961,0.7368778013682472,0.7368778013682472,0.7368778013682472,530.3333333333334,533.3333333333334,536.0,512.0,523.3333333333334,538.0,62.4975395202637,62.8334884643555,62.6422691345215,25.5403995513916,25.5403995513916,25.5403995513916,17.620423854837,17.7805347199635,18.2382479591573,233771.48452474395,242137.22627129577,308939.7583826258,1.011114007079966,0.968339412509198,1.0195189170880343,5.12,6.299,8.236,0.6833327707233481,0.4800438240482075,0.3911096238984228,0.1709131505250714,52299.316,171126,42382,52299.316,412.99910765756164,6.0258638184064734,0.07682103778269393,10.86475769209977,10.86473857157361,18.65680369721463,42382,334.68369224451766,5.816169324445932,0.062253762999618094,10.654502617424528,10.654479022780512,171126,1351.3539124872664,7.209601991938401,0.25136231058167724,12.050161249885493,12.050155406255195
JPN,2020,538.0,0.6803716842615039,0.6930802786799961,0.7368778013682472,2.907627126670714,0.0901397216631201,55.0,1.1081040129973077,239826.81092651188,52.7,0.758692440105753,3.26556,5450.44287,227348.0,102788.11,40028.7341726762,3.30628991127014,90.21945812,18.6333487896777,62.2987403869629,154.432206765516,22848.7181314895,4.679,25.5403995513916,126261000.0,6.703301378861701,7.4964411794381105,531.5,510.0,Japan,532.0,538.0,544.0,0.6930802786799961,0.6930802786799961,0.6930802786799961,0.7368778013682472,0.7368778013682472,0.7368778013682472,528.6666666666666,532.0,534.6666666666666,508.0,516.0,530.6666666666666,63.287540435791,62.4498481750488,62.6422691345215,25.5403995513916,25.5403995513916,25.5403995513916,17.5942774665502,18.0454889300336,17.7587589107099,231139.8798078951,217942.73917542992,259548.9148868894,1.063146904205312,1.0742047458690134,0.930056092223466,4.611,5.471,6.809,0.6906922398968472,0.4698170166602068,0.399923392448437,0.1873661390626569,50218.578,175242,38212,50218.578,397.7362606030366,5.988300197337494,0.07297320054343337,10.824160229649587,10.8241403168985,18.65386175103713,38212,302.642938041042,5.715852465168946,0.05552630222157378,10.550931050837072,10.550904881389899,175242,1387.9345165965738,7.236292197364093,0.2546461910895277,12.073928861160438,12.073923154782133
JPN,2021,542.5,0.638431704853243,0.6930802786799961,0.7368778013682472,2.677851975960401,0.0575064796073885,55.0,1.052083647013924,234826.9145519565,54.5,0.7358394824758758,3.27383,5589.76698,222452.0,109074.89,40094.5599795288,3.33663988113403,82.91407928,18.0039913482614,62.0412483215332,159.516123485628,25729.8696078749,4.707,25.5403995513916,125681593.0,6.767189907732596,7.479279781496749,533.75,513.0,Japan,529.0,535.0,541.0,0.6930802786799961,0.6930802786799961,0.6930802786799961,0.7368778013682472,0.7368778013682472,0.7368778013682472,527.0,530.3333333333334,533.3333333333334,504.0,512.0,523.3333333333334,62.6058502197266,62.4975395202637,62.8334884643555,25.5403995513916,25.5403995513916,25.5403995513916,17.2970528139362,17.620423854837,17.7805347199635,239659.96279134383,233771.48452474395,242137.22627129577,1.0470282155487698,1.011114007079966,0.968339412509198,3.668,5.12,6.299,0.6979009754042466,0.4724871131029494,0.3873444967206401,0.1758137605248495,49677.051,173988,52207,49677.051,395.2611501351673,5.9820734639379705,0.0707115612420694,10.813318484758897,10.81329835494211,18.649262226879053,52207,415.39097932980525,6.031624673033067,0.07431275414808172,10.862991018833101,10.86297186449704,173988,1384.3554640495365,7.2337120384351055,0.24765888614010462,12.066747357807495,12.066741610301195
JPN,2022,547.0,0.682824790793309,0.6930802786799961,0.7368778013682472,2.7181869753754,0.1048174892543417,55.0,0.9983204756974612,205764.56240069616,53.6,0.753904049920529,3.40053,5629.79566,222452.0,103722.96,34065.6438962526,3.33663988113403,84.92343147,18.2592615351902,63.3752288818359,168.602943650636,28934.0684777203,4.434,25.5403995513916,125124989.0,6.721371239247246,,536.0,516.0,Japan,533.5,532.0,538.0,0.6930802786799961,0.6930802786799961,0.6930802786799961,0.7368778013682472,0.7368778013682472,0.7368778013682472,529.25,528.6666666666666,532.0,507.0,508.0,516.0,62.4008407592773,63.287540435791,62.4498481750488,25.5403995513916,25.5403995513916,25.5403995513916,17.0303844450023,17.5942774665502,18.0454889300336,241937.0323661474,231139.8798078951,217942.73917542992,1.041351673759993,1.063146904205312,1.0742047458690134,3.938,4.611,5.471,0.7066534774963629,0.4659417568554451,0.4055779381825193,0.1547701001628779,50222.496,167157,63325,50222.496,401.37862469662235,5.99739349783344,0.07129541619928392,10.824238243988376,10.824218332790725,18.644823707687568,63325,506.09395058568197,6.228696293299097,0.0898956163154387,11.056051266296711,11.056035474869876,167157,1335.9201973636139,7.198123887484812,0.23729461565637247,12.026694751905447,12.026688769523561
JPN,2023,547.0,0.6863840200673479,0.6930802786799961,0.7368778013682472,2.84021925694633,0.1027323174547123,55.0,1.0454203963219315,207606.35628753097,54.6,0.7328386183820441,3.44125,5608.63075,222452.0,103722.96,33836.1756271617,3.33663988113403,85.00990295,17.1028060703212,64.4907608032227,178.432441299977,31701.7121806602,4.116,25.5403995513916,124516650.0,,,536.0,516.0,Japan,538.0,529.0,535.0,0.6930802786799961,0.6930802786799961,0.6930802786799961,0.7368778013682472,0.7368778013682472,0.7368778013682472,531.5,527.0,530.3333333333334,510.0,504.0,512.0,62.2987403869629,62.6058502197266,62.4975395202637,25.5403995513916,25.5403995513916,25.5403995513916,18.6333487896777,17.2970528139362,17.620423854837,239826.81092651188,239659.96279134383,233771.48452474395,1.1081040129973077,1.0470282155487698,1.011114007079966,4.679,3.668,5.12,0.7077355701925093,0.4664382000249755,0.4185454884520843,0.1560285285279257,48722.121,164392,47222,48722.121,391.29000820372215,5.972001383107109,0.06976569249165175,10.793908960266346,10.793888435918939,18.639949999867074,47222,379.24245472392647,5.940809088007424,0.06761765422405931,10.762636341022931,10.762615164676909,164392,1320.2411083176428,7.186326807411674,0.23539454943038327,12.010015181622276,12.010009098619706
KOR,2012,538.0,0.6508169929264921,0.6846050870147256,0.6683623382418564,2.933890744121717,0.05,62.074237100425776,1.1310664605873262,153328.74710087452,53.9,0.7319365223357606,3.6852,6393.34374,148136.0,56100.89,26600.5477433903,4.24247980117798,84.07,28.2220757644767,98.286979675293,108.114681779859,268.327478966921,7.738,27.8424559265131,50199853.0,7.019789271242206,7.990212770700983,554.0,536.0,South Korea,,,,,,,,,,,,,,,,,,,,,,,,,,,,,,,,,,0.7296431788370483,0.4093751565096138,0.3436824174896645,0.196731474106707,11082.75,86420,34474,11082.75,220.77255883597908,5.4016523469556015,0.034531626612646214,9.313235350694217,9.313145124451854,17.731522656370817,34474,686.7350786863858,6.533403703729829,0.10741407104232845,10.447989702661502,10.447960695714336,86420,1721.5189853245188,7.4515430247861545,0.2692673904820452,11.366985980814487,11.366974409485923
KOR,2013,530.6666666666666,0.6521720158185689,0.6846050870147256,0.6683623382418564,2.959444316599381,0.05,61.10009214615227,1.1310664605873262,166296.81986479906,53.31,0.7692581492454834,3.77487,6457.88851,159978.0,57320.12,28449.3591104972,4.24247980117798,84.77,29.8181999078998,96.3375015258789,109.206248930023,337.108331923923,8.943,28.7843093426531,50428893.0,7.036722080518262,8.0625424743857,544.0,529.6666666666666,South Korea,,,,,,,,,,,,,,,,,,,,,,,,,,,,,,,,,,0.7138579055657501,0.4249416895115306,0.3469340040651115,0.2141074722131465,11765.01,92876,36947,11765.01,233.29899389225142,5.456598051404024,0.036126203407040765,9.37297014533055,9.372885151139853,17.736074842592465,36947,732.655384681952,6.598039415205294,0.11345122845453895,10.5172667977125,10.517239732281821,92876,1841.721966809781,7.518999087260579,0.2851894956002858,11.439031316108522,11.439020549122256
KOR,2014,523.3333333333334,0.6819553640986377,0.6846050870147256,0.6683623382418564,3.054460288201499,0.05,62.45589823291773,1.1310664605873262,173706.09052933246,55.27,0.7261312340326282,3.88983,6867.33385,164073.0,60152.58,30667.0912467447,4.24247980117798,87.5568264944747,30.0608682657817,94.4421691894531,113.358579550833,406.608048817559,8.594,30.086553387602,50746659.0,7.078637106643881,8.081530191830748,534.0,523.3333333333334,South Korea,,,,,,,,,,,,,,,,,,,,,,,,,,,,,,,,,,0.6995450709303866,0.4446369870009066,0.3594939068827631,0.2169302698195242,12455.012,96727,38363,12455.012,245.43511327514193,5.507098726681556,0.03573950511742515,9.429958676904507,9.429878391164303,17.7423563412068,38363,755.9709497328681,6.629324877183082,0.11008216088589724,10.554874798847841,10.554848732404476,96727,1906.0762207025293,7.553326573707047,0.2775569474756975,11.479658194854082,11.479647856532509
KOR,2015,516.0,0.6320481246191023,0.6846050870147256,0.6683623382418564,3.2246772741394953,0.0548907629458776,62.244310796245635,1.1560110125420615,162843.1273455127,56.26,0.7443961571361103,3.78907,7020.43916,167275.0,62722.77,30171.7906545222,4.24247980117798,89.8962557995106,31.2119270912605,93.9676513671875,115.595447050042,557.718897561532,9.899,28.6821708679199,51014947.0,7.115174159938863,8.09558070545624,524.0,517.0,South Korea,538.0,,,0.6846050870147256,,,0.6683623382418564,,,554.0,,,536.0,,,98.286979675293,,,27.8424559265131,,,28.2220757644767,,,153328.74710087452,,,1.1310664605873262,,,7.738,,,0.6759465258278384,0.4471911406376591,0.3688227642092575,0.2248931892160706,13776.167,97043,37207,13776.167,270.0417781478828,5.602272971905138,0.03846508345040381,9.53076793562316,9.530695349125974,17.74762922618088,37207,729.3352671717957,6.593503698808555,0.10388741367168201,10.524279070903933,10.524252194602111,97043,1902.2464141734774,7.551316346130155,0.2709583219539613,11.482919762883823,11.482909458226633
KOR,2016,517.0,0.6553013026759417,0.6846050870147256,0.6683623382418564,2.8472169527045734,0.05,63.47347589978696,1.157266487615637,165423.3508604754,57.15,0.763698433862508,3.78638,7057.16003,163424.0,62915.13,30832.0628072516,4.11502981185913,92.8430256796075,30.5250266717443,93.6577224731445,119.489512998783,720.999297841807,10.145,31.7693627138952,51217803.0,7.114268514350842,8.068329498310334,524.6666666666666,516.0,South Korea,530.6666666666666,,,0.6846050870147256,,,0.6683623382418564,,,544.0,,,529.6666666666666,,,96.3375015258789,,,28.7843093426531,,,29.8181999078998,,,166296.81986479906,,,1.1310664605873262,,,8.943,,,0.688286596448541,0.4463620814564435,0.3775408758517299,0.2249740239064434,14797.983,94912,34221,14797.983,288.9226427771609,5.669614138352393,0.04094035582995854,9.602313741174923,9.602246166680944,17.75159774441469,34221,668.1465817657191,6.506003141906418,0.09467641075523679,10.440623991091917,10.440594769696007,94912,1853.1056476592719,7.525157728137285,0.2625851815435269,11.460715961517623,11.460705425497604
KOR,2017,518.0,0.6820537964103918,0.6846050870147256,0.6683623382418564,3.308072860757597,0.05,61.82993222313785,1.1500290191526408,181978.1044075603,57.7,0.7439209299994601,4.07341,7453.21918,159084.0,64096.89,33296.9845439195,4.10775995254517,95.0694218761004,32.546316460744,93.7230224609375,123.642066127533,1198.94292873955,9.781,32.1544824650371,51361911.0,7.130055253015678,8.038613585164317,525.3333333333334,515.0,South Korea,523.3333333333334,538.0,,0.6846050870147256,0.6846050870147256,,0.6683623382418564,0.6683623382418564,,534.0,554.0,,523.3333333333334,536.0,,94.4421691894531,98.286979675293,,30.086553387602,27.8424559265131,,30.0608682657817,28.2220757644767,,173706.09052933246,153328.74710087452,,1.1310664605873262,1.1310664605873262,,8.594,7.738,,0.6903446578005749,0.4652074810031558,0.3885886903285436,0.2375126598652026,14949.076,92730,32184,14949.076,291.05373435190137,5.676937807091443,0.039050741340455435,9.612471662417951,9.612404770888695,17.754407424597705,32184,626.6121990671259,6.44192245831676,0.08407269180390933,10.379255784486716,10.379224713629624,92730,1805.4234781100727,7.499104190493216,0.2422340514223376,11.437458107732674,11.437447323794272
KOR,2018,519.0,0.6876907961867608,0.6846050870147256,0.6683623382418564,3.21324228649369,0.05,62.42866895447969,1.138324519899805,190767.78741590097,56.63,0.7395807962293705,4.27155,7918.46916,162561.0,66892.64,35363.9508228687,4.21645021438599,96.0228595797887,36.3912233579129,93.3281784057617,128.494634504197,2065.98585194961,10.12,33.022081532099,51585058.0,7.168383032953886,8.055893815071833,526.0,514.0,South Korea,516.0,530.6666666666666,,0.6846050870147256,0.6846050870147256,,0.6683623382418564,0.6683623382418564,,524.0,544.0,,517.0,529.6666666666666,,93.9676513671875,96.3375015258789,,28.6821708679199,28.7843093426531,,31.2119270912605,29.8181999078998,,162843.1273455127,166296.81986479906,,1.1560110125420615,1.1310664605873262,,9.899,8.943,,0.693857305879277,0.4880698871186276,0.4007336005524567,0.2554391309563705,16127.813,95272,30775,16127.813,312.64504926988747,5.74826193016786,0.03948301659735042,9.688362578826784,9.688300576061811,17.75874261487384,30775,596.5874846937267,6.392900690985062,0.07534126516617344,10.33449044443213,10.334457951052654,95272,1846.8914002190324,7.521800484359591,0.23323844077698377,11.464501733656077,11.464491237447831
KOR,2019,521.25,0.6369647270131086,0.6846050870147256,0.6683623382418564,3.2314327208313185,0.05,63.47914385046154,1.1346774193548388,177229.27298585436,56.55,0.7096852719255651,4.36379,8328.96727,171603.0,70701.85,33826.9443301597,4.41813993453979,96.157579184239,32.4050621736765,93.9989166259766,133.079790493891,4538.9511819436,9.827,33.6001856179016,51764822.0,7.220248100495408,8.106529750844931,526.25,514.25,South Korea,517.0,523.3333333333334,538.0,0.6846050870147256,0.6846050870147256,0.6846050870147256,0.6683623382418564,0.6683623382418564,0.6683623382418564,524.6666666666666,534.0,554.0,516.0,523.3333333333334,536.0,93.6577224731445,94.4421691894531,98.286979675293,31.7693627138952,30.086553387602,27.8424559265131,30.5250266717443,30.0608682657817,28.2220757644767,165423.3508604754,173706.09052933246,153328.74710087452,1.157266487615637,1.1310664605873262,1.1310664605873262,10.145,8.594,7.738,0.6989463024168086,0.505126276172876,0.4146566164740309,0.2330119407185971,18327.117,99478,27362,18327.117,354.04578422002487,5.872246750793421,0.04250776509775202,9.816191607788207,9.81613704532107,17.76222136455961,27362,528.5829052015285,6.27208972540381,0.06346319874559053,10.216947014848268,10.216910468480059,99478,1921.7297801197885,7.561501215756417,0.23072845862195215,11.507701845595003,11.507691793171615
KOR,2020,523.5,0.6621528911668826,0.6846050870147256,0.6683623382418564,3.0913327148422667,0.05,63.27569482014571,1.1570401916422677,176480.08640722913,56.11,0.7720198143878996,4.5214,8620.009,180477.0,73255.78,33645.7719545073,4.52706003189087,96.50506052,35.6022265413283,96.8767700195312,135.973274343048,5939.01112308707,10.143,33.8704405825543,51836239.0,7.2543302882532865,8.15555630229417,526.5,514.5,South Korea,518.0,516.0,530.6666666666666,0.6846050870147256,0.6846050870147256,0.6846050870147256,0.6683623382418564,0.6683623382418564,0.6683623382418564,525.3333333333334,524.0,544.0,515.0,517.0,529.6666666666666,93.7230224609375,93.9676513671875,96.3375015258789,32.1544824650371,28.6821708679199,28.7843093426531,32.546316460744,31.2119270912605,29.8181999078998,181978.1044075603,162843.1273455127,166296.81986479906,1.1500290191526408,1.1560110125420615,1.1310664605873262,9.781,9.899,8.943,0.7049633478246725,0.5231369457602062,0.4234740673392503,0.2482481841128686,19280.15,104995,22906,19280.15,371.94345832073196,5.921426821881959,0.043148848025649625,9.866883213688611,9.866831348217259,17.76360005722208,22906,441.8916272069816,6.09332510627311,0.0512634763150458,10.039197819688574,10.039154163957662,104995,2025.513463660047,7.614072089845971,0.234978114716591,11.561677533175923,11.561668008958218
KOR,2021,525.75,0.6985624219173452,0.6846050870147256,0.6683623382418564,3.43745730025653,0.05,62.43189397421005,1.139450492483152,190115.4073068952,59.3,0.7609366318054221,4.59673,9071.4503,186245.0,77566.47,37518.4635305697,4.55590009689331,97.57132698,36.014503674486,100.359878540039,140.516382791931,7334.11978035964,8.055,34.2422507220894,51769539.0,7.31275579805503,8.188294290234293,526.75,514.75,South Korea,519.0,517.0,523.3333333333334,0.6846050870147256,0.6846050870147256,0.6846050870147256,0.6683623382418564,0.6683623382418564,0.6683623382418564,526.0,524.6666666666666,534.0,514.0,516.0,523.3333333333334,93.3281784057617,93.6577224731445,94.4421691894531,33.022081532099,31.7693627138952,30.086553387602,36.3912233579129,30.5250266717443,30.0608682657817,190767.78741590097,165423.3508604754,173706.09052933246,1.138324519899805,1.157266487615637,1.1310664605873262,10.12,10.145,8.594,0.7119676260676477,0.5467372951372624,0.4335186278414771,0.2445150439756033,20224.732,108671,32554,20224.732,390.66857442945354,5.970416008781998,0.04306572394818208,9.914710934102402,9.914661490911827,17.762312484067333,32554,628.8253793413149,6.445442605316602,0.06931916711722655,10.390686245670963,10.390655527951443,108671,2099.1301467838066,7.64975459645012,0.231399619395347,11.596089450230965,11.59608024818627
KOR,2022,528.0,0.6845615821039813,0.6846050870147256,0.6683623382418564,3.0498838223453446,0.05,62.99198371418672,1.1339525788315816,178915.65750206623,57.8,0.7469463229722368,4.84753,9434.7613,186245.0,76935.71,34822.4048404971,5.40910005569458,97.16855335,36.118278931217,102.813056945801,148.68360770138,8821.91477648421,6.638,34.5359726980996,51672569.0,7.306469764232526,,527.0,515.0,South Korea,521.25,518.0,516.0,0.6846050870147256,0.6846050870147256,0.6846050870147256,0.6683623382418564,0.6683623382418564,0.6683623382418564,526.25,525.3333333333334,524.0,514.25,515.0,517.0,93.9989166259766,93.7230224609375,93.9676513671875,33.6001856179016,32.1544824650371,28.6821708679199,32.4050621736765,32.546316460744,31.2119270912605,177229.27298585436,181978.1044075603,162843.1273455127,1.1346774193548388,1.1500290191526408,1.1560110125420615,9.827,9.781,9.899,0.7176651850760403,0.5580677110963103,0.4697982067411643,0.2323580852089057,21562.066,110829,41588,21562.066,417.2826398470724,6.0361573759064955,0.044228213791383614,9.978737222704572,9.978690846034922,17.760437618400346,41588,804.83708870755,6.691881598885358,0.08530550621429607,10.635590988206486,10.63556694309786,110829,2144.832396469392,7.671282819706998,0.22733297942253097,11.6157527747697,11.615743751901238
KOR,2023,528.0,0.6813052606295955,0.6846050870147256,0.6683623382418564,3.5592591016858077,0.05,62.980999678207546,1.1339525788315816,186189.6720327612,58.6,0.773731934205554,4.94352,9471.82543,186245.0,76935.71,35674.095995632,5.40910005569458,97.41597478,30.2762799912651,106.709167480469,162.11365652794,9728.36049939764,5.405,35.6374378641889,51712619.0,,,527.0,515.0,South Korea,523.5,519.0,517.0,0.6846050870147256,0.6846050870147256,0.6846050870147256,0.6683623382418564,0.6683623382418564,0.6683623382418564,526.5,526.0,524.6666666666666,514.5,514.0,516.0,96.8767700195312,93.3281784057617,93.6577224731445,33.8704405825543,33.022081532099,31.7693627138952,35.6022265413283,36.3912233579129,30.5250266717443,176480.08640722913,190767.78741590097,165423.3508604754,1.1570401916422677,1.138324519899805,1.157266487615637,10.143,10.12,10.145,0.7257842075764841,0.5632006167597214,0.4853035448813841,0.2095024889891205,21867.354,111976,32408,21867.354,422.86301531160126,6.049410325936029,0.044644299922618105,9.99279584792118,9.992750118696895,17.76121239093359,32408,626.6942310541264,6.44205315467129,0.06616403941200236,10.386191440985094,10.386160584882527,111976,2165.351555681216,7.680799720799363,0.22860974071829104,11.62604877204571,11.626039841600482
LTU,2012,482.0,,,,,,,1.32717396907037,48023.10470156155,44.0,,0.8976,2670.60517,109.0,2247.28,14288.1853493139,4.78232002258301,67.2299893276414,11.0422224951685,79.7516326904297,167.226065135398,449.62780252106,26.684,26.3852691650391,2989139.0,6.623819719310245,3.623416507310631,481.0,476.0,LTU,,,,,,,,,,,,,,,,,,,,,,,,,,,,,,,,,,0.5449731707222878,0.0998955824917602,0.3733481062619203,0.196363961558984,29.5,3886,1352,29.5,9.869062629740537,2.3859204628002137,0.0036954405468107954,3.417726683613366,3.3843902633457743,14.910495944032245,1352,452.3041584884476,6.116563331715551,0.16936391929790492,7.210079628170788,7.20934025660291,3886,1300.0399111583636,7.170919155335098,0.48679599881039837,8.265392930852224,8.265135629937385
LTU,2013,482.0,,,,,,,1.2908058616522835,51776.118663624235,41.39,,0.95322,2878.7497,117.0,2240.39,15636.5252586048,4.62416982650757,68.4529,11.0243128207069,74.3968200683594,154.341459457267,635.542422963276,21.896,26.3852691650391,2961250.0,6.630114644074956,3.7015572974757074,481.0,476.0,LTU,,,,,,,,,,,,,,,,,,,,,,,,,,,,,,,,,,0.5377011555310774,0.1081365075714539,0.3585890335211408,0.171689851919375,41.6333,4072,1431,41.6333,14.059366821443646,2.7120001777590437,0.004883844823828778,3.752635638055553,3.7289003278225894,14.901122034455133,1431,483.2418742085268,6.182584521988396,0.16786519307619097,7.266827347520591,7.266128779556451,4072,1375.094976783453,7.227005039936438,0.47767090580450705,8.312135107648412,8.311889558230359
LTU,2014,482.0,,,,,,,1.2675496042634666,55221.99017227912,41.0,,1.03495,3082.27902,123.0,2444.28,16446.1647181663,4.5076699256897,72.1335378644566,11.1391744920283,72.034538269043,145.49429149643,751.722783158277,19.258,31.4951000213623,2937253.0,6.7252320520813695,3.758309000020213,481.0,476.0,LTU,,,,,,,,,,,,,,,,,,,,,,,,,,,,,,,,,,0.5626784645199239,0.1163792242521892,0.3565276669456024,0.1587936827809133,49.9167,5381,1785,49.9167,16.99434812050579,2.8900577152847116,0.005513565777216948,3.930190964047865,3.910355616106859,14.892985348792818,1785,607.7106738847488,6.41134307088868,0.19716277142383715,7.487733761436444,7.487173694213739,5381,1831.9838297892622,7.513700426081897,0.5943601529589175,8.590815331286851,8.59062950948942
LTU,2015,482.0,,,,,,,1.2443112137438694,53137.75611621359,42.26,,1.04077,2794.92116,101.0,2474.04,14269.8039878287,4.21646022796631,71.3780590101754,12.7802328819912,72.1163330078125,143.991494147494,1182.71078135515,16.302,33.0973510742188,2911109.0,6.74624958306533,3.5750017042654,481.0,476.0,LTU,482.0,,,,,,,,,481.0,,,476.0,,,79.7516326904297,,,26.3852691650391,,,11.0422224951685,,,48023.10470156155,,,1.32717396907037,,,26.684,,,0.5716274170636562,0.1071513255593401,0.3437057078109966,0.147210798286507,42.8333,5161,1709,42.8333,14.713739677902819,2.7545354683635646,0.005264456074282546,3.7803938024931467,3.7573158374567455,14.884044666204003,1709,587.0614944339081,6.376831524800864,0.21004581554418808,7.444248649496705,7.443663683115591,5161,1772.8638810844939,7.4809154299845355,0.6343162399201607,8.54907938027856,8.548885638148727
LTU,2016,482.0,,,,,,,1.2496963174159603,42716.900574729705,41.76,,0.84391,2950.39665,95.0,2335.81,14934.2702840428,4.01143980026245,74.3766455618662,12.6400013901436,74.0858306884766,146.550393676088,4363.77538164788,14.455,33.9425315856934,2877325.0,6.700484035642394,3.526853865734754,481.0,476.0,LTU,482.0,,,,,,,,,481.0,,,476.0,,,74.3968200683594,,,26.3852691650391,,,11.0243128207069,,,51776.118663624235,,,1.2908058616522835,,,21.896,,,0.5789640005924104,0.1051422214765002,0.3513962762804374,0.1339705983716745,26.5,4705,1424,26.5,9.209943263274049,2.3233620751850372,0.0031215949432677292,3.3141860046725258,3.2771447329921766,14.872371601047618,1424,494.90412101517904,6.206382603634342,0.16774155468729232,7.261927092702751,7.261225091971921,4705,1635.199360517147,7.400131368245361,0.5542303474745157,8.456593569287309,8.45638105201948
LTU,2017,482.0,,,,,,,1.2564408788852108,49075.407649715016,41.17,,0.8963,3068.33424,81.0,2400.43,16800.1510246099,3.81236004829407,77.6152565124514,12.5193567980791,76.5389785766602,154.147985747777,12992.8562860075,13.266,34.5394706726074,2842639.0,6.739853840999142,3.384208850636878,481.0,476.0,LTU,482.0,482.0,,,,,,,,481.0,481.0,,476.0,476.0,,72.034538269043,79.7516326904297,,31.4951000213623,26.3852691650391,,11.1391744920283,11.0422224951685,,55221.99017227912,48023.10470156155,,1.2675496042634666,1.32717396907037,,19.258,26.684,,0.5855881199823689,0.1121654278358304,0.3701332522885925,0.1320190116497386,27.75,5201,1495,27.75,9.762055611000903,2.376026578402038,0.003181548960259591,3.3586377672433594,3.3232358401924436,14.860243404026887,1495,525.9197527368054,6.267048265100159,0.17140236740857978,7.310550158534422,7.3098814858247865,5201,1829.6378822636289,7.512419754642184,0.5962967979210859,8.556798446008598,8.556606193773073
LTU,2018,482.0,,,,,,,1.2468116084819425,56139.66247380008,41.19,,0.92781,3180.95498,81.0,2353.94,19247.2315367967,3.85628008842468,79.7225827680518,12.102708320773,77.3577728271484,134.333614750945,18152.6674233825,11.117,35.9516875448363,2819200.0,6.728589577189833,3.392208941430143,481.0,476.0,LTU,482.0,482.0,,,,,,,,481.0,481.0,,476.0,476.0,,72.1163330078125,74.3968200683594,,33.0973510742188,26.3852691650391,,12.7802328819912,11.0243128207069,,53137.75611621359,51776.118663624235,,1.2443112137438694,1.2908058616522835,,16.302,21.896,,0.5944897311587901,0.1192570063630757,0.3617937419462467,0.1229177296004869,36.3667,5731,1570,36.3667,12.899652383654939,2.631863831453783,0.004055276627541248,3.6207799334702666,3.5936535207607796,14.851963714723997,1570,556.8955732122588,6.324171800086643,0.1750718185933769,7.359467638255621,7.358830898342354,5731,2032.8461975028376,7.617683957969172,0.6390678932220656,8.653819788948063,8.653645314551737
LTU,2019,482.5,,,,,,,1.284299599481732,56175.216164437654,41.46,,0.98701,3445.30515,90.0,2594.62,19608.7943945553,3.9415500164032,81.5818683764046,12.0304039362778,75.0942306518555,132.528841977519,31265.1075793047,11.85,37.327369377978,2811089.0,6.828706240127655,3.496994173434181,479.5,475.0,LTU,482.0,482.0,482.0,,,,,,,481.0,481.0,481.0,476.0,476.0,476.0,74.0858306884766,72.034538269043,79.7516326904297,33.9425315856934,31.4951000213623,26.3852691650391,12.6400013901436,11.1391744920283,11.0422224951685,42716.900574729705,55221.99017227912,48023.10470156155,1.2496963174159603,1.2675496042634666,1.32717396907037,14.455,19.258,26.684,0.5970401980701566,0.1274126314465513,0.3799570852472364,0.130738474015894,31.25,6051,1526,31.25,11.116688230077383,2.4945836949585876,0.003226619340257098,3.4735180432417816,3.4420193761824107,14.849082510717947,1526,542.8501196511388,6.298673693547445,0.1575622756234346,7.3310603052186325,7.330405211844402,6051,2152.546575366344,7.674871332013408,0.6247767560926624,8.708144074908246,8.707978826622321
LTU,2020,483.0,,,,,,,1.2684523190913148,63013.90016676802,39.18,,1.12379,3643.24539,95.0,2888.91,20428.6478157394,4.47348022460938,83.05554724,12.0095660933711,73.5892868041992,131.341332336588,46868.5784678097,19.556,38.103458404541,2810369.0,6.936291095936261,3.549714802465325,478.0,474.0,LTU,482.0,482.0,482.0,,,,,,,481.0,481.0,481.0,476.0,476.0,476.0,76.5389785766602,72.1163330078125,74.3968200683594,34.5394706726074,33.0973510742188,26.3852691650391,12.5193567980791,12.7802328819912,11.0243128207069,49075.407649715016,53137.75611621359,51776.118663624235,1.2564408788852108,1.2443112137438694,1.2908058616522835,13.266,16.302,21.896,0.5973135670258846,0.1373399661789706,0.4143404465485368,0.1670905406383958,38.5,6752,1408,38.5,13.699268672547982,2.687797742380306,0.0037601828057340883,3.676300671907076,3.6506582412937387,14.84882634941462,1408,501.0018257388976,6.218603756615191,0.13751525689541808,7.25063551189868,7.249925536717988,6752,2402.531482520623,7.784694385863009,0.6594481637484821,8.817742129574842,8.817594036275793
LTU,2021,483.5,,,,,,,1.291628303102845,66560.08450447902,39.9,,1.10044,3946.51068,81.0,3102.55,23870.4594851722,4.23977994918823,86.93054425,11.508956927432,75.0314712524414,133.357273318046,53718.8699534963,14.304,36.2473106384277,2808380.0,7.0082766033540915,3.395925197845437,476.5,473.0,LTU,482.0,482.0,482.0,,,,,,,481.0,481.0,481.0,476.0,476.0,476.0,77.3577728271484,74.0858306884766,72.034538269043,35.9516875448363,33.9425315856934,31.4951000213623,12.102708320773,12.6400013901436,11.1391744920283,56139.66247380008,42716.900574729705,55221.99017227912,1.2468116084819425,1.2496963174159603,1.2675496042634666,11.117,14.455,19.258,0.5870700539341842,0.1483492471709911,0.4264181002355574,0.1459823705354287,44.5,6918,1796,44.5,15.845434022461347,2.8240796421817578,0.004015049066701461,3.817712325956905,3.7954891891721947,14.848118362607208,1796,639.5145956031591,6.462271908904096,0.1620455758156365,7.493873886783559,7.493317248862145,6918,2463.341855446912,7.809680055065175,0.6241822346840609,8.842026529498812,8.841881989497114
LTU,2022,484.0,,,,,,,1.2990256221985923,63588.69372266497,37.3,,1.05289,4153.6584,81.0,3132.62,25085.784063499,4.25285005569458,87.72420219,12.9963941333635,76.9154586791992,135.834150715729,66487.2888104734,11.873,41.4149466041617,2831639.0,7.009672810212902,,475.0,472.0,LTU,482.5,482.0,482.0,,,,,,,479.5,481.0,481.0,475.0,476.0,476.0,75.0942306518555,76.5389785766602,72.1163330078125,37.327369377978,34.5394706726074,33.0973510742188,12.0304039362778,12.5193567980791,12.7802328819912,56175.216164437654,49075.407649715016,53137.75611621359,1.284299599481732,1.2564408788852108,1.2443112137438694,11.85,13.266,16.302,0.6161690827680225,0.1530970626475828,0.4432563667629455,0.1396784458225456,36.5833,6910,2398,36.5833,12.919478789492587,2.633289210921678,0.0031103854831905737,3.626559802796325,3.599591852125025,14.85636625391912,2398,846.8593630755898,6.7427147766083,0.20388276587106674,7.782807262839695,7.7823903355874595,6910,2440.28281853725,7.800278925433759,0.5875020484441498,8.840869624091395,8.840724916761715
LTU,2023,484.0,,,,,,,1.2391875094033122,78752.68987288822,42.0,,1.04977,3703.86273,81.0,3132.62,27786.0057829276,4.25285005569458,88.50287484,14.4028959953361,77.0064163208008,137.203719983084,96899.7957573953,13.712,41.3070548478587,2871585.0,,,475.0,472.0,LTU,483.0,482.0,482.0,,,,,,,478.0,481.0,481.0,474.0,476.0,476.0,73.5892868041992,77.3577728271484,74.0858306884766,38.103458404541,35.9516875448363,33.9425315856934,12.0095660933711,12.102708320773,12.6400013901436,63013.90016676802,56139.66247380008,42716.900574729705,1.2684523190913148,1.2468116084819425,1.2496963174159603,19.556,11.117,14.455,0.6156974850834604,0.1475430079467259,0.4743818073195576,0.1527959775189871,40.5,6963,1913,40.5,14.103709275539467,2.714940361041219,0.0038078380068743713,3.7256934272366524,3.7013019741124933,14.87037470010208,1913,666.1826134347407,6.503063791704307,0.1798615828926092,7.5569505720129,7.556427969440253,6963,2424.7932761871925,7.793913874079032,0.6546660751078086,8.848509300888079,8.848365694942547
LUX,2012,491.0,,,,,,,1.51462721156106,308609.14149314456,57.7,,1.20664,4401.98152,109.0,593.83,112584.676270958,3.87815999984741,91.9499237417387,8.68486923570019,19.117790222168,143.387946442865,2320.38663065547,16.578,32.4782052224114,530946.0,7.0205817458415805,5.32930207902822,490.0,488.0,LUX,,,,,,,,,,,,,,,,,,,,,,,,,,,,,,,,,,0.5279502494963907,0.2951033377643373,0.3935351568130129,0.290486134572889,427.0667,2914,700,427.0667,804.3505365894083,6.6912776318174725,0.18272465091798212,6.059279024561326,6.056940207118717,13.182415600137544,700,1318.4014946906088,7.184933499644433,0.2995018240536841,6.55250788703459,6.551080335043404,2914,5488.317079326334,8.610559133200724,1.246783307560622,7.977625098784593,7.97728198675515
LUX,2013,488.3333333333333,,,,,,,1.4806981842264098,317610.50491312187,56.57,,1.23381,4661.60191,113.0,765.94,120000.140729859,3.86692500114441,93.7765,6.8438523675119,19.508763631184937,145.093438163702,3248.30683156655,16.289,32.4782052224114,543360.0,7.251796184308245,5.342167985698867,488.6666666666667,485.6666666666667,LUX,,,,,,,,,,,,,,,,,,,,,,,,,,,,,,,,,,0.5216895397246464,0.312821597553348,0.401142595889956,0.2826855553478711,478.1762,3552,909,478.1762,880.0357037691402,6.781098151527198,0.18878396756301744,6.172068379457654,6.169979283814935,13.205527362665064,909,1672.9240282685514,7.422925866667446,0.3588732072294331,6.813444599510896,6.812345094177479,3552,6537.102473498234,8.785402260685071,1.402329628249666,8.175547596021026,8.17526610411206
LUX,2014,485.6666666666667,,,,,,,1.519714393799242,314695.56714691943,56.86,,1.217,4782.93933,128.0,876.26,123678.702143275,3.85569000244141,94.6702052774766,5.97251741023821,19.899737040201867,144.244165248014,4513.59741443309,24.278,32.4782052224114,556319.0,7.36271093626953,5.442780496725027,487.3333333333333,483.3333333333333,LUX,,,,,,,,,,,,,,,,,,,,,,,,,,,,,,,,,,0.5154288299529017,0.3205091309289679,0.403659864420889,0.3195376727824424,526.9778,3816,967,526.9778,947.2583176199267,6.854626952078049,0.19804941109715615,6.269054237367781,6.267158422416878,13.22909714971347,967,1738.211349962881,7.461187042313269,0.36341906723765216,6.875232087276577,6.874198495453294,3816,6859.37384845745,8.833517216094718,1.4341335683338994,8.247220052745229,8.246958032568177
LUX,2015,483.0,,,,,,,1.5380484619196555,284846.9013121288,59.02,,1.25226,4636.38043,128.0,816.06,105462.012584423,3.76792001724243,96.3767141704759,7.1063570044196,20.2907104492188,141.659175188223,5500.31249780549,17.5,29.7948332196253,569604.0,7.267999527420805,5.41928431949431,486.0,481.0,LUX,491.0,,,,,,,,,490.0,,,488.0,,,19.117790222168,,,32.4782052224114,,,8.68486923570019,,,308609.14149314456,,,1.51462721156106,,,16.578,,,0.494366881818823,0.2908223335257455,0.4040289519680446,0.2806424351537083,453.6667,3986,960,453.6667,796.4598212091207,6.681431452460836,0.17178482940174103,6.119564623049078,6.117362787458739,13.252696661527155,960,1685.3814228832662,7.430340342443903,0.3635123235310667,6.8679744089702925,6.866933284461882,3986,6997.844116263229,8.8535002881545,1.5093334599946167,8.290794347381356,8.29054350077274
LUX,2016,481.0,,,,,,,1.5399424235319752,282019.3272655888,57.11,,1.2669,4802.1785,143.0,874.4,106899.293549552,3.6271899938583343,98.1366986657616,7.96708640448661,19.9203605651856,130.932672500368,11473.9507984344,21.98,31.630512409192367,582014.0,7.315464107274975,5.50816717463042,485.0,477.3333333333333,LUX,488.3333333333333,,,,,,,,,488.6666666666667,,,485.6666666666667,,,19.508763631184937,,,32.4782052224114,,,6.8438523675119,,,317610.50491312187,,,1.4806981842264098,,,16.289,,,0.4968122934634742,0.2970281490986109,0.398871564992473,0.3030070491276062,404.6012,3885,889,404.6012,695.1743428852227,6.5456001216175554,0.14476228713389613,6.005370410852478,6.002901890621486,13.274249781407077,889,1527.4546660389612,7.332012481773588,0.31807536226297317,6.7912214627261855,6.790097235513905,3885,6675.097162611209,8.806288838691875,1.390014378393308,8.265135629937385,8.264878262801748
LUX,2017,479.0,,,,,,,1.4754483205396856,274745.1555502742,56.4,,1.23898,4969.23004,156.0,831.12,110193.213797228,3.48645997047424,97.3629603241751,6.9688410293022,19.5990200042725,133.110922975046,43014.3409084811,15.473,33.46619159875943,596336.0,7.24044245275906,5.570622398472277,484.0,473.6666666666667,LUX,485.6666666666667,491.0,,,,,,,,487.3333333333333,490.0,,483.3333333333333,488.0,,19.899737040201867,19.117790222168,,32.4782052224114,32.4782052224114,,5.97251741023821,8.68486923570019,,314695.56714691943,308609.14149314456,,1.519714393799242,1.51462721156106,,24.278,16.578,,0.499324261413153,0.3046830425596828,0.4227401053027828,0.2581886592371365,418.5,4175,923,418.5,701.7855705508305,6.55505182472885,0.14122621913290018,6.0390635259072605,6.03667688992953,13.298559545584688,923,1547.785141262644,7.345226122766739,0.3114738357459184,6.828712071641684,6.827629234502852,4175,7001.086635722144,8.853963474434659,1.4088876102266625,8.337109129562474,8.336869637284956
LUX,2018,477.0,,,,,,,1.322449094222091,287806.8509880333,54.53,,1.17039,4754.92191,152.0,911.61,116926.759593905,3.65772008895874,97.061298705829,6.97324123677991,19.3915195465088,131.326868398506,43151.5749650465,14.18,35.3018707883265,607950.0,7.313541579025965,5.525534851718649,483.0,470.0,LUX,483.0,488.3333333333333,,,,,,,,486.0,488.6666666666667,,481.0,485.6666666666667,,20.2907104492188,19.508763631184937,,29.7948332196253,32.4782052224114,,7.1063570044196,6.8438523675119,,284846.9013121288,317610.50491312187,,1.5380484619196555,1.4806981842264098,,17.5,16.289,,0.5019908280421692,0.3082079543323134,0.4256696925125443,0.2393186940115577,356.0417,4236,887,356.0417,585.6430627518711,6.374416564609007,0.12316565315619894,5.877852581680954,5.875047858823742,13.317847920724564,887,1459.0015626285056,7.286192784995306,0.30684027839870576,6.78897174299217,6.787844982309579,4236,6967.678263015051,8.84918085349305,1.4653612393426354,8.351610750626559,8.351374706721296
LUX,2019,477.0,,,,,,,1.3366441790412145,261682.20271110916,53.47,,1.18209,5090.81552,117.0,955.34,112696.649059674,3.73705005645752,97.120635693272,6.57356994288018,19.3969497680664,131.870169616698,39864.4518315293,16.975,37.1256471674156,620001.0,7.340750260259002,5.24549328557484,483.0,470.0,LUX,481.0,485.6666666666667,491.0,,,,,,,485.0,487.3333333333333,490.0,477.3333333333333,483.3333333333333,488.0,19.9203605651856,19.899737040201867,19.117790222168,31.630512409192367,32.4782052224114,32.4782052224114,7.96708640448661,5.97251741023821,8.68486923570019,282019.3272655888,314695.56714691943,308609.14149314456,1.5399424235319752,1.519714393799242,1.51462721156106,21.98,24.278,16.578,0.5120579887633845,0.3092860252120995,0.4260144714688012,0.2399034068060386,345.1667,3796,779,345.1667,556.7195859361517,6.323856301904096,0.10935764294522142,5.846920450940782,5.844027488739229,13.3374763699232,779,1256.4495863716347,7.136840810809725,0.24680713363811596,6.659293919683638,6.658011045870748,3796,6122.570770047145,8.719900664518287,1.2026699349040928,8.241966560231802,8.241703159729818
LUX,2020,477.0,,,,,,,1.4141131109312317,260352.0534708526,50.84,,1.09627,4920.65038,129.0,980.18,116860.02817236,3.85499000549316,98.45962893,5.61923854995663,19.961389541626,132.908973559976,44903.4689627058,23.182,37.1187051096982,630419.0,7.349749789385119,5.326058072181954,483.0,470.0,LUX,479.0,483.0,488.3333333333333,,,,,,,484.0,486.0,488.6666666666667,473.6666666666667,481.0,485.6666666666667,19.5990200042725,20.2907104492188,19.508763631184937,33.46619159875943,29.7948332196253,32.4782052224114,6.9688410293022,7.1063570044196,6.8438523675119,274745.1555502742,284846.9013121288,317610.50491312187,1.4754483205396856,1.5380484619196555,1.4806981842264098,15.473,17.5,16.289,0.51278622514714,0.3092845104332073,0.4393867865876644,0.2739340448648962,293.0833,3630,618,293.0833,464.9023903150128,6.1439761493419205,0.09447986636169277,5.683863060540706,5.68045686895268,13.354139956665527,618,980.3004033825123,6.888878634281876,0.19922171413903875,6.428105272684596,6.42648845745769,3630,5758.075184916699,8.65853218262491,1.1701857966419267,8.197263371414335,8.196987927258897
LUX,2021,477.0,,,,,,,1.3134137823422862,281876.60287979426,49.0,,1.03153,4939.08633,112.0,1075.91,134965.815442152,3.68531990051269,98.66086333,6.0752020682151,20.7341499328613,136.87108956478,49199.7675232477,18.666,41.5808857989599,640064.0,7.427703929621441,5.170384568219475,483.0,470.0,LUX,477.0,481.0,485.6666666666667,,,,,,,483.0,485.0,487.3333333333333,470.0,477.3333333333333,483.3333333333333,19.3915195465088,19.9203605651856,19.899737040201867,35.3018707883265,31.630512409192367,32.4782052224114,6.97324123677991,7.96708640448661,5.97251741023821,287806.8509880333,282019.3272655888,314695.56714691943,1.322449094222091,1.5399424235319752,1.519714393799242,14.18,21.98,24.278,0.538448646600872,0.3351470937485835,0.442474904172118,0.2526088706959814,333.3333,3811,784,333.3333,520.7812031296871,6.257248348921712,0.10544079781850808,5.812138399592923,5.809142890314022,13.369323450336188,784,1224.8775122487752,7.111412203061889,0.2479967812688091,6.665683717782408,6.664409020350408,3811,5954.092090790921,8.692001946118344,1.205504762009479,8.245909264774093,8.24564690087386
LUX,2022,477.0,,,,,,,1.304630934785766,248136.63137951912,49.8,,1.0653,5311.53147,112.0,1170.6,123719.658915996,3.74451994895935,98.24203749,5.9904603893658,21.032600402832,139.651285065505,63898.0375224122,17.599,42.0351303246455,653103.0,7.491849911462232,,483.0,470.0,LUX,477.0,479.0,483.0,,,,,,,483.0,484.0,486.0,470.0,473.6666666666667,481.0,19.3969497680664,19.5990200042725,20.2907104492188,37.1256471674156,33.46619159875943,29.7948332196253,6.57356994288018,6.9688410293022,7.1063570044196,261682.20271110916,274745.1555502742,284846.9013121288,1.3366441790412145,1.4754483205396856,1.5380484619196555,16.975,15.473,17.5,0.5413595242563924,0.3270922898548091,0.4593029365461651,0.2301554598115554,288.25,3313,1125,288.25,441.3545795992363,6.092111776762063,0.0830936580329131,5.667291366073786,5.663828159149168,13.38949012935746,1125,1722.546060881668,7.452139110799499,0.32430308859332957,7.026426808699636,7.025538314638521,3313,5072.706755289748,8.531826944892295,0.9550365622308452,8.105911197986508,8.105609402299896
LUX,2023,477.0,,,,,,,1.2233872421477807,266122.3176828326,50.6,,1.07045,5359.06637,112.0,1170.6,133230.619178899,3.74451994895935,99.34785707,5.979250210644,21.5371704101562,144.474949556306,60480.4705670513,18.848,41.8519604082982,666430.0,,,483.0,470.0,LUX,477.0,477.0,481.0,,,,,,,483.0,483.0,485.0,470.0,470.0,477.3333333333333,19.961389541626,19.3915195465088,19.9203605651856,37.1187051096982,35.3018707883265,31.630512409192367,5.61923854995663,6.97324123677991,7.96708640448661,260352.0534708526,287806.8509880333,282019.3272655888,1.4141131109312317,1.322449094222091,1.5399424235319752,23.182,14.18,21.98,0.5410343984879832,0.3427117573491974,0.4644828382578129,0.2342134479693027,320.5833,3718,930,320.5833,481.0457212310371,6.178038966877732,0.08976297138694274,5.773256608095817,5.770142148987165,13.409690386828693,930,1395.495400867308,7.2417210920517086,0.26039897708288845,6.836259277277067,6.835184586147301,3718,5578.980538091023,8.626940567571966,1.0410359105313756,8.22121009392507,8.220941168281389
LVA,2012,502.0,,,,,,,1.435053941468717,48098.535935761305,47.0,,0.68884,1908.95404,193.0,1147.24,13329.3499931271,6.83852005004883,73.1199437663748,11.406411147512,66.6435470581055,129.304547798055,560.875654211557,28.564,27.6949100494385,2034319.0,6.336724876065262,4.563014418796056,491.0,489.0,LVA,,,,,,,,,,,,,,,,,,,,,,,,,,,,,,,,,,0.5804419933549256,0.0752113315131746,0.4179024207173902,0.2198408466321177,36.5,2738,919,36.5,17.94212215488328,2.9413881276735854,0.009398928302581492,3.624340932976365,3.597312260588446,14.52567167711848,919,451.7482263106229,6.115336179164735,0.23664698931705178,6.824373670043086,6.823286122355687,2738,1345.9049441115185,7.205564605331953,0.705048375136113,7.915348169263078,7.914983005848394
LVA,2013,498.0,,,,,,,1.3815236509462725,51387.9233042888,45.24,,0.63536,1790.85926,225.0,1192.04,14484.4715282132,7.24962997436523,75.2344,15.4178071105596,69.0765991210938,127.073387613574,710.507108300661,23.237,27.6949100494385,2012647.0,6.385657614824008,4.725554958464545,488.0,488.6666666666667,LVA,,,,,,,,,,,,,,,,,,,,,,,,,,,,,,,,,,0.576043753703074,0.0727971517199449,0.4352379556327261,0.2046187199796517,24.6667,2762,870,24.6667,12.255850131692245,2.584438974364233,0.006843558511511532,3.2451944318860293,3.2054541558864984,14.51496132908557,870,432.2665623927097,6.071353156122876,0.24137383213056607,6.769641976852503,6.76849321164863,2762,1372.3221210674303,7.224987989370846,0.7662925567179579,7.924072324923417,7.923710333969238
LVA,2014,494.0,,,,,,,1.3557316364834289,57938.782777278415,44.81,,0.71433,1872.26628,103.0,1163.27,15185.814581236,5.47479009628296,75.8261041383556,17.7278751994184,70.8979415893555,119.549742772481,914.844250775662,19.595,26.6343803405762,1993782.0,6.370669425108778,3.963867791777432,485.0,488.3333333333333,LVA,,,,,,,,,,,,,,,,,,,,,,,,,,,,,,,,,,0.564965005512855,0.078007850640692,0.3718610679137185,0.1961006644017047,28.5,3221,998,28.5,14.294441418369711,2.7274894563978727,0.007634833554962979,3.3843902633457743,3.349904087274605,14.505543895543228,998,500.5562293169464,6.21771572338385,0.26735311887203694,6.906754778648554,6.905753276311464,3221,1615.522659949784,7.388032614976167,0.8628701361591493,8.07775756373692,8.0774471493312
LVA,2015,490.0,,,,,,,1.3718547466617168,46949.98468387727,45.51,,0.641,1818.82619,136.0,1398.7,13321.9753140616,5.46670007705688,79.2005829239344,18.9245452005011,74.2998809814453,130.949148754694,1312.75072350466,16.316,27.6973896026611,1977527.0,6.562864272225999,4.2452437499004745,482.0,488.0,LVA,502.0,,,,,,,,,491.0,,,489.0,,,66.6435470581055,,,27.6949100494385,,,11.406411147512,,,48098.535935761305,,,1.435053941468717,,,28.564,,,0.567746010738052,0.0718322291896138,0.393714115032739,0.1821512683373763,26.0,3858,1169,26.0,13.147734518921865,2.649554506601293,0.007228692104396114,3.295836866004329,3.258096538021482,14.49735763213377,1169,591.1423712546024,6.383747097954569,0.32501311807842526,7.064759027791802,7.063903961472068,3858,1950.9215297692522,7.576569566251707,1.0726266976446233,8.258163361537619,8.257904193465674
LVA,2016,489.0,,,,,,,1.35529003672497,38962.988240293926,44.33,,0.45065,1600.57848,95.0,1347.95,13838.5266823272,4.82350015640259,79.8420977843089,17.2405295215294,80.6048126220703,135.227462327724,2938.44923571231,17.271,29.1061897277832,1959537.0,6.535084638710369,3.901585526297356,486.6666666666667,485.0,LVA,498.0,,,,,,,,,488.0,,,488.6666666666667,,,69.0765991210938,,,27.6949100494385,,,15.4178071105596,,,51387.9233042888,,,1.3815236509462725,,,23.237,,,0.5841666558050713,0.0618788640132641,0.3806811146110236,0.1746178122695738,24.0,3249,914,24.0,12.247791187408046,2.5838308356986404,0.007652102874335813,3.2188758248682006,3.1780538303479458,14.488218778811504,914,466.43671438712306,6.1472639692704325,0.2914175844642889,6.818924065275521,6.81783057145415,3249,1658.0447319953641,7.413997253055011,1.0359034266132106,8.086410275323782,8.0861025356691
LVA,2017,488.0,,,,,,,1.3664374006598972,44928.569585874575,44.61,,0.53004,1785.24003,90.0,1557.08,15132.4958333982,4.52905988693237,80.1140770037369,16.0817754609296,88.0574264526367,126.846989128969,11948.0107586673,16.971,29.56723499298095,1942248.0,6.687968074527983,3.857314575693598,491.3333333333333,482.0,LVA,494.0,502.0,,,,,,,,485.0,491.0,,488.3333333333333,489.0,,70.8979415893555,66.6435470581055,,26.6343803405762,27.6949100494385,,17.7278751994184,11.406411147512,,57938.782777278415,48098.535935761305,,1.3557316364834289,1.435053941468717,,19.595,28.564,,0.596918161316476,0.070376728762546,0.3713538030971058,0.1734036071969621,26.75,3704,1037,26.75,13.772700499627236,2.692780916636854,0.007714761190755529,3.3232358401924436,3.2865344733420154,14.47935662307858,1037,533.9173988079792,6.28211234022447,0.29907317214256013,6.945051063725834,6.9440872082295275,3704,1907.0685103035246,7.553846758231271,1.0682420729180742,8.217438537730187,8.21716859576607
LVA,2018,487.0,,,,,,,1.4028405019214027,63877.209234694215,43.18,,0.66138,1786.2773,86.0,1448.69,17252.1710428626,4.39430999755859,83.5771748630956,16.5920580401869,93.0244827270508,107.397431401316,14504.1392214714,12.192,30.0282802581787,1927174.0,6.62368970094578,3.8204542225204134,496.0,479.0,LVA,490.0,498.0,,,,,,,,482.0,488.0,,488.0,488.6666666666667,,74.2998809814453,69.0765991210938,,27.6973896026611,27.6949100494385,,18.9245452005011,15.4178071105596,,46949.98468387727,51387.9233042888,,1.3718547466617168,1.3815236509462725,,16.316,23.237,,0.6062941962778061,0.0777453995650538,0.3592401167993455,0.1670896750767566,32.0,3767,1013,32.0,16.604624180276407,2.8681616050503544,0.009295658731304711,3.4965075614664802,3.4657359027997265,14.471565239116659,1013,525.6401342068749,6.266517457995672,0.29426569671286473,6.921658184151129,6.920671504248683,3767,1954.675602721913,7.578490989561396,1.0942733262757764,8.234299635696253,8.23403420769204
LVA,2019,488.75,,,,,,,1.3599187032560045,60373.61750648057,43.23,,0.6602,1891.24705,82.0,1603.35,17294.9751600969,4.58675003051758,86.13545644343,17.1495055610295,94.8645324707031,108.221910991332,19857.6461133794,12.415,30.9353103637695,1913822.0,6.731941107382871,3.7806880538959273,492.75,478.0,LVA,489.0,494.0,502.0,,,,,,,486.6666666666667,485.0,491.0,485.0,488.3333333333333,489.0,80.6048126220703,70.8979415893555,66.6435470581055,29.1061897277832,26.6343803405762,27.6949100494385,17.2405295215294,17.7278751994184,11.406411147512,38962.988240293926,57938.782777278415,48098.535935761305,1.35529003672497,1.3557316364834289,1.435053941468717,17.271,19.595,28.564,0.6115544448514967,0.0800658295391399,0.3786648408168584,0.1630021236366048,30.5,4253,953,30.5,15.936696307180084,2.8294826470155163,0.008426554482757862,3.449987545831587,3.417726683613366,14.464612847715298,953,497.95644527024984,6.212518807914491,0.26329529252682765,6.860663671448287,6.859614903654202,4253,2222.2547342438324,7.706727497702348,1.175020859513744,8.355614995760183,8.355379895253634
LVA,2020,490.5,,,,,,,1.37696131467631,62273.90327237919,41.11,,0.75663,2134.06006,93.0,1549.52,17564.2321549354,4.99749994277954,88.89796078,20.0336000956914,94.5108337402344,107.902487108935,20328.8801751586,14.868,31.567395585827548,1900449.0,6.70483603492402,3.910738262857101,489.5,477.0,LVA,488.0,490.0,498.0,,,,,,,491.3333333333333,482.0,488.0,482.0,488.0,488.6666666666667,88.0574264526367,74.2998809814453,69.0765991210938,29.56723499298095,27.6973896026611,27.6949100494385,16.0817754609296,18.9245452005011,15.4178071105596,44928.569585874575,46949.98468387727,51387.9233042888,1.3664374006598972,1.3718547466617168,1.3815236509462725,16.971,16.316,23.237,0.6123189381763917,0.0886839682656412,0.4001683649841079,0.1874741056161244,26.0,4424,943,26.0,13.680977495318212,2.6865526078440998,0.006410774350614205,3.295836866004329,3.258096538021482,14.457600732007965,943,496.19852992634895,6.208989402927336,0.23251385433189214,6.8501261661455,6.849066282633458,4424,2327.8709399726063,7.753138853996228,1.0908179125814326,8.39502555744203,8.39479954320217
LVA,2021,492.25,,,,,,,1.4068369114398769,65207.07283093571,40.0,,0.77085,2395.27344,104.0,1903.51,20261.8887788916,4.76774978637695,91.17964988,16.9803713630842,93.4839324951172,114.644670333429,22572.6854480523,14.785,32.1994808078856,1884490.0,6.918787120223604,4.028691555694052,486.25,476.0,LVA,487.0,489.0,494.0,,,,,,,496.0,486.6666666666667,485.0,479.0,485.0,488.3333333333333,93.0244827270508,80.6048126220703,70.8979415893555,30.0282802581787,29.1061897277832,26.6343803405762,16.5920580401869,17.2405295215294,17.7278751994184,63877.209234694215,38962.988240293926,57938.782777278415,1.4028405019214027,1.35529003672497,1.3557316364834289,12.192,17.271,19.595,0.612169199900893,0.0989404302381407,0.4084577455095103,0.1814321722780683,38.0,4880,1336,38.0,20.164606869763173,3.0523302992557606,0.008418498920842697,3.6635616461296463,3.6375861597263857,14.449167785227914,1336,708.9451257369368,6.565187679354058,0.2959766989012064,7.198183577101943,7.197435354096591,4880,2589.5600401169545,7.859629363024266,1.0811124929924305,8.493105395887147,8.492900498847193
LVA,2022,494.0,,,,,,,1.379221557256057,72348.04934036479,36.5,,0.8122,2270.07923,104.0,1690.44,20221.103686109,4.3196702003479,91.03009059,17.5505893709401,91.3303680419922,115.202627450543,22271.1389855075,15.27,32.5734919444113,1879383.0,6.802911751505535,,483.0,475.0,LVA,488.75,488.0,490.0,,,,,,,492.75,491.3333333333333,482.0,478.0,482.0,488.0,94.8645324707031,88.0574264526367,74.2998809814453,30.9353103637695,29.56723499298095,27.6973896026611,17.1495055610295,16.0817754609296,18.9245452005011,60373.61750648057,44928.569585874575,46949.98468387727,1.3599187032560045,1.3664374006598972,1.3718547466617168,12.415,16.971,16.316,0.6090659017707488,0.0974430845261033,0.3938163471766848,0.1856160794153907,36.8333,4723,1564,36.8333,19.598612949036998,3.0252237409575766,0.008633448863825338,3.633189667195691,3.606402327311913,14.446454089450157,1564,832.188010639662,6.725259319748555,0.36658985274256795,7.355641102974253,7.355001921105257,4723,2513.058807065936,7.829653780708723,1.1070357253856449,8.460411177317253,8.460199469896118
LVA,2023,494.0,,,,,,,1.3425114621040035,85373.40973534623,39.7,,0.8236,2190.86637,104.0,1690.44,22710.2637544197,4.3196702003479,92.18791291,18.554389354563,85.7360610961914,119.909944560018,26083.1019636781,12.323,33.2018814850714,1883710.0,,,483.0,475.0,LVA,490.5,487.0,489.0,,,,,,,489.5,496.0,486.6666666666667,477.0,479.0,485.0,94.5108337402344,93.0244827270508,80.6048126220703,31.567395585827548,30.0282802581787,29.1061897277832,20.0336000956914,16.5920580401869,17.2405295215294,62273.90327237919,63877.209234694215,38962.988240293926,1.37696131467631,1.4028405019214027,1.35529003672497,14.868,12.192,17.271,0.6049347853804763,0.0999033049804015,0.4055451347602814,0.1773652253531889,29.3333,5009,1285,29.3333,15.57208912199861,2.8077199020668915,0.0071077311401692685,3.4122461189470377,3.3787233894458146,14.44875379445718,1285,682.1644520653391,6.526735609600386,0.31136743956927826,7.1592919047975645,7.158513997329321,5009,2659.114194860143,7.8861243312528115,1.2137272410914512,8.51919119407891,8.518991573357617
MEX,2012,415.0,,0.6648078620964112,0.7313933040904937,,,,1.8112573729572976,172647.8484138635,32.9,,0.40284,250.69335,1294.0,12602.76,10744.1335242686,4.88349008560181,39.75,21.3533236921301,29.3496494293213,86.2256233206385,26.9307332637734,9.357,14.3226099014282,116818208.0,4.69027872794045,2.491306155775713,413.0,424.0,MEX,,,,,,,,,,,,,,,,,,,,,,,,,,,,,,,,,,0.3503335172011997,0.032559158778389,0.2113700242777811,0.2746132812069994,182.0833,29829,9796,182.0833,1.5586893782859605,0.9394951657873345,0.006217513860203952,5.2099412405301395,5.204464274675312,18.57612950661971,9796,83.85679054415901,4.440965018462203,0.33449946137047115,9.189831495344642,9.189729418072059,29829,255.34546806264996,5.546526019363277,1.0185570062494675,10.303269877508795,10.303236353648183
MEX,2013,415.3333333333333,,0.6587809741786735,0.7242148043991099,,,,1.8112573729572976,179872.2606625078,36.82,,0.40806,254.46546,1210.0,13186.8,11216.8008505428,4.50858020782471,43.46,20.5109447612712,30.3301601409912,90.2012422761648,31.7380986967497,9.398,14.3226099014282,118343573.0,4.722313944801282,2.418095981725999,411.3333333333333,423.6666666666667,MEX,,,,,,,,,,,,,,,,,,,,,,,,,,,,,,,,,,0.3431026806369022,0.0337136735930124,0.2142567165290256,0.2752771976955923,228.1071,33147,10599,228.1071,1.9274988427128188,1.0741484211737968,0.007574697338934796,5.434189579812941,5.429815255504733,18.589102587422236,10599,89.56126413387906,4.506026573432965,0.35195843134812504,9.268609280100158,9.268514936027255,33147,280.09125599072456,5.638679371027835,1.1007044177654781,10.408737661968933,10.408707493781284
MEX,2014,415.6666666666667,,0.6527540862609359,0.7170363047077261,,,,1.8136265664282132,181805.83588032317,36.02,,0.41962,262.92059,1246.0,14167.62,11391.3773497683,5.06807994842529,44.3856962723411,20.2220997751974,31.2052898406982,87.6144646415609,41.1573270047557,9.418,13.9571304321289,119784261.0,4.781441307433123,2.433791793056344,409.6666666666667,423.3333333333333,MEX,,,,,,,,,,,,,,,,,,,,,,,,,,,,,,,,,,0.3343296563616189,0.0349658272471539,0.2324121101040118,0.2755693654204389,267.1929,36332,11403,267.1929,2.230617760375046,1.1726733760293186,0.008483998002495911,5.591706497715662,5.587970869453165,18.60120285771938,11403,95.19614601120259,4.5663892946155356,0.36207185603532455,9.341719450032562,9.341631757657359,36332,303.31196850644676,5.71805338740271,1.153625771593038,10.50048169818916,10.500454174622105
MEX,2015,416.0,,0.6467271983431983,0.7098578050163422,,,,1.839320674459054,146057.08372138042,38.03,,0.41477,284.58114,1364.0,14570.29,10021.2386118827,5.05087995529175,57.4310429923633,19.5727021142392,31.9718608856201,88.9454290232153,58.2627046023225,8.516,14.7796497344971,121072306.0,4.798627064461367,2.506830803589856,408.0,423.0,MEX,415.0,,,0.6648078620964112,,,0.7313933040904937,,,413.0,,,424.0,,,29.3496494293213,,,14.3226099014282,,,21.3533236921301,,,172647.8484138635,,,1.8112573729572976,,,9.357,,,0.3301319663466202,0.0334412405247362,0.2715476234910449,0.2552407769884711,317.1833,38911,11841,317.1833,2.6197840817535925,1.2864143781343689,0.009205754400146097,5.762627631811147,5.759479840203229,18.611898495334945,11841,97.80106112788502,4.593108344856927,0.3436666995145392,9.37940781309172,9.379323364330956,38911,321.38646140926727,5.775751016603302,1.1293315551735694,10.56905796532584,10.569032265982456
MEX,2016,417.0,,0.6407003104254606,0.7026793053249583,,,,1.805275626642175,107053.62599274104,34.56,,0.37601,319.5511,1310.0,15194.65,9097.92397674769,4.75795984268188,59.5404459967255,20.6541116351274,38.589771270752,91.3941924453661,120.71850232559,7.621,14.7103900909424,122251351.0,4.830632981734194,2.4609236771406566,408.3333333333333,422.0,MEX,415.3333333333333,,,0.6587809741786735,,,0.7242148043991099,,,411.3333333333333,,,423.6666666666667,,,30.3301601409912,,,14.3226099014282,,,20.5109447612712,,,179872.2606625078,,,1.8112573729572976,,,9.398,,,0.3294781760707784,0.0317773818829779,0.2708557086536604,0.232004595820561,268.1944,40931,11800,268.1944,2.193794979001909,1.1612098583155315,0.00686523995380366,5.595433795176786,5.591712090689246,18.621589737382937,11800,96.52245070076977,4.580082615094847,0.30205638691517495,9.375939552625749,9.375854810453756,40931,334.8102059011192,5.816546136978251,1.0477516926122903,10.619667432206645,10.619643001144993
MEX,2017,418.0,,0.634673422507723,0.6955008056335744,,,,1.770900583434451,93253.50707727928,35.79,,0.31955,330.64996,1334.0,16177.94,9649.27816772402,4.39752006530762,53.0317886110982,21.1680967750153,40.3390693664551,92.6493518556478,187.552587597265,6.849,15.3742599487305,123400057.0,4.883571022117854,2.468977770963266,408.6666666666667,421.0,MEX,415.6666666666667,415.0,,0.6527540862609359,0.6648078620964112,,0.7170363047077261,0.7313933040904937,,409.6666666666667,413.0,,423.3333333333333,424.0,,31.2052898406982,29.3496494293213,,13.9571304321289,14.3226099014282,,20.2220997751974,21.3533236921301,,181805.83588032317,172647.8484138635,,1.8136265664282132,1.8112573729572976,,9.418,9.357,,0.3269901982893824,0.0314883000640407,0.2414427821656973,0.2193628148326049,264.8667,43140,12251,264.8667,2.1464066260520447,1.1462610480485913,0.006491477047364664,5.58299505535564,5.579226680561865,18.630942131347936,12251,99.27872237530651,4.607953532635602,0.30025324175241547,9.413444467952665,9.41336284529417,43140,349.59465213212985,5.859630718897124,1.057295310521525,10.672229100017557,10.672205919943147
MEX,2018,419.0,,0.6286465345899853,0.6883223059421906,,,,1.7605683316707816,87776.87563867969,35.34,,0.29816,342.55971,1555.0,17182.13,10084.7937562021,4.13944005966187,56.6595667981289,20.8917456407643,41.6382789611816,96.4612204576614,228.675856015881,6.815,16.0160598754883,124573711.0,4.933951606240151,2.6013976998130848,409.0,420.0,MEX,416.0,415.3333333333333,,0.6467271983431983,0.6587809741786735,,0.7098578050163422,0.7242148043991099,,408.0,411.3333333333333,,423.0,423.6666666666667,,31.9718608856201,30.3301601409912,,14.7796497344971,14.3226099014282,,19.5727021142392,20.5109447612712,,146057.08372138042,179872.2606625078,,1.839320674459054,1.8112573729572976,,8.516,9.398,,0.3239786697673197,0.0322977697074928,0.2477340382320798,0.214300684984326,238.9524,47694,12487,238.9524,1.9181607265436607,1.0709535296473138,0.005599493082661883,5.4804405703380015,5.476264368915975,18.640408154897795,12487,100.23784231650609,4.6174726228906025,0.2926142199165982,9.432523462195268,9.432443382115146,47694,382.8576640861249,5.950271817431558,1.1176377516378821,10.772581849579309,10.772560882801168
MEX,2019,416.75,,0.6286465345899853,0.6883223059421906,,,,1.7361153378714016,80635.40629634196,36.06,,0.27629,355.30353,1305.0,18991.67,10369.5553585271,4.319550037384035,69.6321092705209,20.4068584131191,43.0441398620605,97.0358606795758,275.399004136209,7.16,16.572264671325698,125762982.0,5.02395687909651,2.4315640945790276,405.5,418.75,MEX,417.0,415.6666666666667,415.0,0.6407003104254606,0.6527540862609359,0.6648078620964112,0.7026793053249583,0.7170363047077261,0.7313933040904937,408.3333333333333,409.6666666666667,413.0,422.0,423.3333333333333,424.0,38.589771270752,31.2052898406982,29.3496494293213,14.7103900909424,13.9571304321289,14.3226099014282,20.6541116351274,20.2220997751974,21.3533236921301,107053.62599274104,181805.83588032317,172647.8484138635,1.805275626642175,1.8136265664282132,1.8112573729572976,7.621,9.418,9.357,0.3223752679203375,0.0329028721462858,0.292285945878486,0.2076517083173249,204.375,47933,11452,204.375,1.62508074116754,0.9651116541105681,0.0045737815809697695,5.3248375763574325,5.319956541651518,18.64990959819611,11452,91.0601817631837,4.522442512786274,0.2562884240502302,9.346006983397716,9.345919666218006,47933,381.13759102817716,5.945780729692829,1.0727098349632977,10.777580343710097,10.777559481473872
MEX,2020,414.5,,0.6286465345899853,0.6883223059421906,,,,1.7596852891087458,69919.5657301629,33.6,,0.29185,369.04189,1132.0,20363.28,8841.27075039868,4.4996600151062,71.49017499,21.5074249745377,45.1654510498047,96.9237451881936,328.196454841059,8.053,17.1284694671631,126799054.0,5.0850925179927495,2.2953098322731234,402.0,417.5,MEX,418.0,416.0,415.3333333333333,0.634673422507723,0.6467271983431983,0.6587809741786735,0.6955008056335744,0.7098578050163422,0.7242148043991099,408.6666666666667,408.0,411.3333333333333,421.0,423.0,423.6666666666667,40.3390693664551,31.9718608856201,30.3301601409912,15.3742599487305,14.7796497344971,14.3226099014282,21.1680967750153,19.5727021142392,20.5109447612712,93253.50707727928,146057.08372138042,179872.2606625078,1.770900583434451,1.839320674459054,1.8112573729572976,6.849,8.516,9.398,0.3214658699965333,0.0318320212136592,0.3035038453832532,0.2134543355305565,164.9524,51600,11178,164.9524,1.3008961407551196,0.8332986734657122,0.003525063620162794,5.1117010002488135,5.105656947432338,18.658114139371747,11178,88.1552318205781,4.490379028179793,0.23887594934162648,9.321792297270326,9.321702839829644,51600,406.94309911807386,6.011127701732403,1.102701644840573,10.851296331126829,10.851276951469654
MEX,2021,412.25,,0.6286465345899853,0.6883223059421906,,,,1.709386214673113,73193.99515744764,34.5,,0.27305,384.76538,1117.0,21753.88,10314.0506722115,4.23823976516724,75.62650476,19.8113406398377,45.6506195068359,99.09481491263,348.79471968524,7.626,17.05693435668945,127648148.0,5.14412046116663,2.277330521747525,398.5,416.25,MEX,419.0,417.0,415.6666666666667,0.6286465345899853,0.6407003104254606,0.6527540862609359,0.6883223059421906,0.7026793053249583,0.7170363047077261,409.0,408.3333333333333,409.6666666666667,420.0,422.0,423.3333333333333,41.6382789611816,38.589771270752,31.2052898406982,16.0160598754883,14.7103900909424,13.9571304321289,20.8917456407643,20.6541116351274,20.2220997751974,87776.87563867969,107053.62599274104,181805.83588032317,1.7605683316707816,1.805275626642175,1.8136265664282132,6.815,7.621,9.418,0.3164961195565271,0.0343841673298993,0.3094554551557021,0.2007318119594316,156.5333,52831,14955,156.5333,1.226287278370854,0.8003353003982626,0.0031871039914528024,5.059636864489246,5.053268766898565,18.664788193125055,14955,117.15798649895022,4.772022597615427,0.30449201666467557,9.612867836097005,9.612800971064049,52831,413.8798786175887,6.0279890292179745,1.0756681867209277,10.874872346719854,10.874853418618248
MEX,2022,410.0,,0.6286465345899853,0.6883223059421906,,,,1.6496660000687315,73007.2315741638,31.0,,0.25727,401.92849,1117.0,21027.1,11405.7940473759,4.05987977981567,78.63217894,20.5343692257849,46.4061317443848,105.720624125765,381.889508206228,6.465,16.9853992462158,128613117.0,5.10285646668598,,395.0,415.0,MEX,416.75,418.0,416.0,0.6286465345899853,0.634673422507723,0.6467271983431983,0.6883223059421906,0.6955008056335744,0.7098578050163422,405.5,408.6666666666667,408.0,418.75,421.0,423.0,43.0441398620605,40.3390693664551,31.9718608856201,16.572264671325698,15.3742599487305,14.7796497344971,20.4068584131191,21.1680967750153,19.5727021142392,80635.40629634196,93253.50707727928,146057.08372138042,1.7361153378714016,1.770900583434451,1.839320674459054,7.16,6.849,8.516,0.3117886090620915,0.0355974659141505,0.319420377831664,0.1903971770958649,184.5,52244,18109,184.5,1.434534861634681,0.889755716371601,0.00356912957734019,5.22305488204749,5.217649463480582,18.672319363011095,18109,140.80212362787228,4.954432590205013,0.35031635510056097,9.804219550877459,9.804164331241342,52244,406.2105111720448,6.009330278194032,1.010653689097891,10.86369947146821,10.863680330697411
MEX,2023,410.0,,0.6286465345899853,0.6883223059421906,,,,1.6578433517671438,88384.99895154519,31.0,,0.26746,419.44361,1117.0,21027.1,13860.9597809326,4.05987977981567,81.18318755,17.9938785812602,47.474681854248,111.735420288549,412.117306307005,5.844,16.9853992462158,129739759.0,,,395.0,415.0,MEX,414.5,419.0,417.0,0.6286465345899853,0.6286465345899853,0.6407003104254606,0.6883223059421906,0.6883223059421906,0.7026793053249583,402.0,409.0,408.3333333333333,417.5,420.0,422.0,45.1654510498047,41.6382789611816,38.589771270752,17.1284694671631,16.0160598754883,14.7103900909424,21.5074249745377,20.8917456407643,20.6541116351274,69919.5657301629,87776.87563867969,107053.62599274104,1.7596852891087458,1.7605683316707816,1.805275626642175,8.053,6.815,7.621,0.3128251282751965,0.0400226150949463,0.3331888817479198,0.1869585324178651,144.5,54497,14103,144.5,1.1137680624179362,0.7484721663948225,0.0026553463585198885,4.980176086611547,4.973279507552487,18.681041148186182,14103,108.70222134449935,4.697769616342345,0.2591581293716677,9.554213724077707,9.55414281969224,54497,420.04856814941365,6.042748190803822,1.0014422871990198,10.905919282730268,10.905900933264697
NLD,2012,522.0,0.6343455062917139,0.6996059055349685,0.7025469090053527,1.442216909065238,0.1980639490244087,55.0,1.2767516713899385,221274.68279687397,60.5,0.7756916985435989,1.90094,4336.14629,2375.0,31031.95,50473.9442002689,5.36694002151489,92.859992359525,25.4832942720764,75.8141632080078,116.563841951798,4852.83105983768,11.454,27.2189903259277,16754962.0,7.524617925136673,4.961088215980676,523.0,511.0,Netherlands,,,,,,,,,,,,,,,,,,,,,,,,,,,,,,,,,,0.6781354729438165,0.2358686858316439,0.4188156926501527,0.2548831506490898,3945.3333,60759,22865,3945.3333,235.47253046590018,5.465832050936132,0.054304563249848344,8.280542148296867,8.28028871640319,16.634205011171268,22865,1364.6703585481125,7.219400692229839,0.3147196305842608,10.037406370101916,10.037362636092155,60759,3626.328725782846,8.196251768146164,0.8363022101320402,11.01468695670971,11.01467049837809
NLD,2013,517.6666666666666,0.636630464646792,0.6981301531836421,0.7009838966029734,1.6283573432219618,0.2262133375544924,55.0,1.2767849965046618,230274.55591148717,61.14,0.7701258819662854,2.13953,4887.39056,2315.0,31621.17,52602.2860520766,5.48417997360229,93.9564,24.6659051147577,77.26282501220703,114.73405856983,5668.32607017006,12.942,27.2189903259277,16804432.0,7.5404707394746815,4.9327550200335635,519.3333333333334,508.3333333333333,Netherlands,,,,,,,,,,,,,,,,,,,,,,,,,,,,,,,,,,0.6698816794847475,0.2586073464361589,0.4246636872856336,0.2630899307138904,4027.0806,62963,24080,4027.0806,239.6439582129286,5.483318489316891,0.049033109850940296,8.301045263568744,8.300796975550588,16.637153219105684,24080,1432.9553060763972,7.268191853363113,0.2931943515634235,10.089178426799686,10.089136899422757,62963,3746.8091751033303,8.228926728269027,0.7666277390983319,11.050318413474711,11.050302531257236
NLD,2014,513.3333333333334,0.6370625814074807,0.6966544008323158,0.6994208842005941,1.5174922372420392,0.1965713790796549,55.0,1.2733582139891877,233387.50074433265,60.59,0.8088655787143212,2.15067,4926.09272,2294.0,31939.52,53457.2234864322,5.40205001831055,91.6666666666667,24.5559687632591,78.71148681640626,114.867279906758,7204.7401341286,12.529,28.0117092132568,16865008.0,7.546886340726772,4.920136252891304,515.6666666666666,505.6666666666667,Netherlands,,,,,,,,,,,,,,,,,,,,,,,,,,,,,,,,,,0.6647511474598257,0.2612029260196272,0.4168062154501024,0.2618784063499886,4185.3027,65412,25240,4185.3027,248.16488079934504,5.518114849210558,0.050377630894317606,8.339573212861662,8.33933431005701,16.64075150083295,25240,1496.5898622757843,7.311612336386704,0.30380870749744726,10.136224935521659,10.13618531665515,65412,3878.5632357838194,8.263477858184102,0.7873508389391054,11.088476294450217,11.088461006852281
NLD,2015,509.0,0.6412633497183163,0.6951786484809893,0.6978578717982149,1.876319043870645,0.2452471052694672,55.0,1.269046580644935,198266.48915748036,61.58,0.7652861563257465,2.11792,4891.78146,2207.0,31744.65,45793.8135434697,5.27802991867065,91.7241379310345,24.074012919385,80.1601486206055,121.637501079209,9728.85177813382,11.104,28.8690700531006,16939923.0,7.536339830896911,4.877362498207013,512.0,503.0,Netherlands,522.0,,,0.6996059055349685,,,0.7025469090053527,,,523.0,,,511.0,,,75.8141632080078,,,27.2189903259277,,,25.4832942720764,,,221274.68279687397,,,1.2767516713899385,,,11.454,,,0.6598753005705105,0.2476516114037426,0.4222724035037046,0.2362838593363382,4426.9858,66714,25368,4426.9858,261.3344700563279,5.569620292864409,0.053423169492189025,8.395700086957984,8.395474225137207,16.645183701723305,25368,1497.5274681000617,7.312238216985823,0.3061313103100198,10.141283235182652,10.141243816218184,66714,3938.270557664282,8.27875084750323,0.8050790064657308,11.108185094176521,11.108170104931304
NLD,2016,507.0,0.6405924978058978,0.693702896129663,0.6962948593958357,1.6623369693873729,0.2291838946370634,55.0,1.2362058629075434,193810.13157581628,58.29,0.7755535847447245,2.11546,5109.20509,2290.0,31496.18,46808.5291492503,5.38952016830444,90.4109589041096,24.0087404866077,79.8454895019531,121.420358968335,24130.7940652181,10.64,29.4067401885986,17030314.0,7.523167179393089,4.908721465540976,514.3333333333334,497.0,Netherlands,517.6666666666666,,,0.6981301531836421,,,0.7009838966029734,,,519.3333333333334,,,508.3333333333333,,,77.26282501220703,,,27.2189903259277,,,24.6659051147577,,,230274.55591148717,,,1.2767849965046618,,,12.942,,,0.6554047969855767,0.2536848442746711,0.4347853365681322,0.2276663807333769,4765.5039,68098,25053,4765.5039,279.8247818566351,5.637730922732655,0.05476875109287013,8.469368380143726,8.469158560759467,16.650505490519393,25053,1471.082682327525,7.294433467770802,0.2879278980612471,10.128788774404137,10.12874885982134,68098,3998.6344350432996,8.293958244686419,0.7826333773270588,11.128717807741976,11.128703123130714
NLD,2017,505.0,0.6190404252871997,0.6922271437783366,0.6947318469934564,2.271435345514459,0.2119087807697547,55.0,1.2163018599901474,201096.9520747897,63.36,0.7915197102705506,2.14167,5273.17623,2241.0,31643.49,49513.6817346384,5.08747005462646,93.1972789115646,22.9219025245367,83.2009887695312,118.57673269471,70412.1276055238,8.716,31.5964205317811,17131296.0,7.52192199103075,4.881385923835148,516.6666666666666,491.0,Netherlands,513.3333333333334,522.0,,0.6966544008323158,0.6996059055349685,,0.6994208842005941,0.7025469090053527,,515.6666666666666,523.0,,505.6666666666667,511.0,,78.71148681640626,75.8141632080078,,28.0117092132568,27.2189903259277,,24.5559687632591,25.4832942720764,,233387.50074433265,221274.68279687397,,1.2733582139891877,1.2767516713899385,,12.529,11.454,,0.6610032489592478,0.262139760405735,0.4719476490164283,0.2160277059990618,4347.0332,69656,24205,4347.0332,253.74806436127193,5.5402750738846525,0.04812053557354216,8.377478883906521,8.377248868410742,16.656417524181034,24205,1412.9112006470498,7.2541150443763405,0.2679431027942432,10.094355815298549,10.094314502373795,69656,4066.0087829899153,8.310663065479497,0.7710739420878251,11.151338476670475,11.151324120508452
NLD,2018,503.0,0.6405497851567834,0.6907513914270103,0.6931688345910771,1.8322923323553408,0.1582724867350535,55.0,1.2237302376706949,206395.60973508836,63.32,0.8128790805540178,2.1027,5496.79039,2111.0,32093.15,53955.0770024266,5.26723003387451,91.8918918918919,22.5132061163246,83.652473449707,121.162164892591,100581.523830836,7.046,31.0932102203369,17231624.0,7.530188371602639,4.8163003900969485,519.0,485.0,Netherlands,509.0,517.6666666666666,,0.6951786484809893,0.6981301531836421,,0.6978578717982149,0.7009838966029734,,512.0,519.3333333333334,,503.0,508.3333333333333,,80.1601486206055,77.26282501220703,,28.8690700531006,27.2189903259277,,24.074012919385,24.6659051147577,,198266.48915748036,230274.55591148717,,1.269046580644935,1.2767849965046618,,11.104,12.942,,0.6531749211998346,0.2724998423445137,0.5038217249730946,0.2104387166550687,4005.0833,73718,23432,4005.0833,232.42634008262945,5.452866567309404,0.042284010048021764,8.29556930981886,8.295319658287411,16.66225685827024,23432,1359.8254000899742,7.215846706464459,0.24738534737723084,10.061900564278407,10.06185788850757,73718,4278.064563154349,8.361489704677457,0.7782841002882683,11.208015846851822,11.208002281735874
NLD,2019,499.25,0.6721724810797369,0.6892756390756839,0.6916058221886979,1.960802646287558,0.1843316804268194,55.0,1.22329533066541,204979.02673067752,61.44,0.7693525365981093,2.14036,5592.12175,2228.0,32282.4,53554.9007491475,5.0559401512146,93.2885906040269,23.0482346929973,84.49477767944336,124.08833250929,130279.470464876,6.606,34.2848460261818,17344874.0,7.529517594487764,4.863317391032431,512.5,478.5,Netherlands,507.0,513.3333333333334,522.0,0.693702896129663,0.6966544008323158,0.6996059055349685,0.6962948593958357,0.6994208842005941,0.7025469090053527,514.3333333333334,515.6666666666666,523.0,497.0,505.6666666666667,511.0,79.8454895019531,78.71148681640626,75.8141632080078,29.4067401885986,28.0117092132568,27.2189903259277,24.0087404866077,24.5559687632591,25.4832942720764,193810.13157581628,233387.50074433265,221274.68279687397,1.2362058629075434,1.2733582139891877,1.2767516713899385,10.64,12.529,11.454,0.6524604852157255,0.2752741314528587,0.530893008617591,0.2095958781299245,3950.8584,76688,20823,3950.8584,227.7824791347576,5.432771679365231,0.04073274676731736,8.281941228266335,8.281688150741063,16.66880757401829,20823,1200.527602564308,7.091349028332787,0.21468195011389155,9.9438614466744,9.943813424007693,76688,4421.363914203124,8.394429654323215,0.7906415689542389,11.247513561164176,11.247500521399413
NLD,2020,495.5,0.6295133140489777,0.6877998867243574,0.6900428097863187,1.8056988223300947,0.2147552226319974,55.0,1.216527909580184,208840.4760270896,58.76,0.7770940650046912,2.26514,5799.27532,2198.0,33060.81,53467.9277413737,5.29139995574951,91.33333333,23.1639760853804,85.3370819091797,121.422728509042,136862.999168649,8.879,34.7736282348633,17441500.0,7.54777886707309,4.844354561459615,506.0,472.0,Netherlands,505.0,509.0,517.6666666666666,0.6922271437783366,0.6951786484809893,0.6981301531836421,0.6947318469934564,0.6978578717982149,0.7009838966029734,516.6666666666666,512.0,519.3333333333334,491.0,503.0,508.3333333333333,83.2009887695312,80.1601486206055,77.26282501220703,31.5964205317811,28.8690700531006,27.2189903259277,22.9219025245367,24.074012919385,24.6659051147577,201096.9520747897,198266.48915748036,230274.55591148717,1.2163018599901474,1.269046580644935,1.2767849965046618,8.716,11.104,12.942,0.6410969798867313,0.283819699170395,0.5359423265488314,0.2213719371179275,3886.2922,80976,14980,3886.2922,222.8186910529484,5.4108363091597,0.038421816305998106,8.2654681016826,8.265210820111047,16.674362981920844,14980,858.8710833357222,6.7567824749129635,0.14809972555945528,9.614538010517382,9.61447125707121,80976,4642.719949545623,8.443271037284028,0.8005689837718591,11.301920442715682,11.301908093453859
NLD,2021,491.75,0.6560888897692144,0.6863241343730311,0.6884797973839394,2.305913763719146,0.2222576738344631,55.0,1.1853303631383163,221923.27768021033,58.6,0.7665454298453056,2.21542,6003.86605,2080.0,34933.42,60141.9880911492,5.37661981582642,92.05298013,22.0023211908273,89.3898620605469,123.447849713072,164133.506993994,9.335,35.4291463684265,17533044.0,7.597613687035891,4.784429863171861,499.5,465.5,Netherlands,503.0,507.0,513.3333333333334,0.6907513914270103,0.693702896129663,0.6966544008323158,0.6931688345910771,0.6962948593958357,0.6994208842005941,519.0,514.3333333333334,515.6666666666666,485.0,497.0,505.6666666666667,83.652473449707,79.8454895019531,78.71148681640626,31.0932102203369,29.4067401885986,28.0117092132568,22.5132061163246,24.0087404866077,24.5559687632591,206395.60973508836,193810.13157581628,233387.50074433265,1.2237302376706949,1.2362058629075434,1.2733582139891877,7.046,10.64,12.529,0.6335046419577608,0.2974357984366622,0.5675033618415093,0.221679579222782,3944.8667,82742,19371,3944.8667,224.99611020197062,5.420517787628461,0.037475204864367465,8.280423904967874,8.280170443101996,16.67959788700253,19371,1104.8281176959347,7.008349761050206,0.18401944821802524,9.87158400352312,9.871532381294577,82742,4719.203351112334,8.459607160514343,0.786027421633155,11.323494697516177,11.323482611828652
NLD,2022,488.0,0.6464849214245831,0.6848483820217047,0.6869167849815602,2.2679251021204374,0.2171833962298426,55.0,1.1801656013328576,203523.97260609033,58.0,0.8119539045050654,2.17529,6319.17518,2080.0,34311.17,59123.318556487,5.17918014526367,92.51968504,21.9578380124342,87.9918441772461,115.8205562749,181183.789690312,7.647,36.393924131785,17700982.0,7.570121880431789,,493.0,459.0,Netherlands,499.25,505.0,509.0,0.6892756390756839,0.6922271437783366,0.6951786484809893,0.6916058221886979,0.6947318469934564,0.6978578717982149,512.5,516.6666666666666,512.0,478.5,491.0,503.0,84.49477767944336,83.2009887695312,80.1601486206055,34.2848460261818,31.5964205317811,28.8690700531006,23.0482346929973,22.9219025245367,24.074012919385,204979.02673067752,201096.9520747897,198266.48915748036,1.22329533066541,1.2163018599901474,1.269046580644935,6.606,8.716,11.104,0.6218433623653007,0.3010480292919089,0.569920378233649,0.2043499207381632,3827.4082,79714,27742,3827.4082,216.2257551586686,5.38093715910854,0.0342174016385899,8.250204382206407,8.24994314292024,16.689130676231077,27742,1567.2576809580396,7.357720524754139,0.24801617874408088,10.230738835101377,10.230702789323235,79714,4503.365971447234,8.412802421280356,0.7126509145845888,11.286213052841466,11.286200508072321
NLD,2023,488.0,0.6681070085879622,0.6848483820217047,0.6869167849815602,2.194537380610418,0.1601597399551709,55.0,1.1842154422676334,219403.57824408,60.4,0.7929338836558691,2.26719,6563.33599,2080.0,34311.17,63515.6030780019,5.17918014526367,97.00680272,24.5106465274936,86.5938262939453,125.272736960305,194962.867894191,8.272,36.5573313987755,17877117.0,,,493.0,459.0,Netherlands,495.5,503.0,507.0,0.6877998867243574,0.6907513914270103,0.693702896129663,0.6900428097863187,0.6931688345910771,0.6962948593958357,506.0,519.0,514.3333333333334,472.0,485.0,497.0,85.3370819091797,83.652473449707,79.8454895019531,34.7736282348633,31.0932102203369,29.4067401885986,23.1639760853804,22.5132061163246,24.0087404866077,208840.4760270896,206395.60973508836,193810.13157581628,1.216527909580184,1.2237302376706949,1.2362058629075434,8.879,7.046,10.64,0.6211310656394285,0.3158284363713878,0.6053398217558026,0.2243804443256526,4128.0503,79772,23347,4128.0503,230.91252912871803,5.446360270955179,0.03518218928309322,8.325802707938312,8.32556049216468,16.699032073098078,23347,1305.971203298608,7.175467680710197,0.19897978791401294,10.058266606323683,10.058223775185438,79772,4462.240751682724,8.403630407087126,0.6798738870722851,11.286940380321361,11.286927844673112
NOR,2012,495.0,0.6323123612234276,0.5663142178002791,0.5417632084758599,1.239347088147792,0.2336032698300255,55.0,1.08227567926747,294687.3948322522,56.4,0.6429908333307608,1.61053,5584.13377,1009.0,10328.16,102175.919298374,7.32766008377075,94.6499780533304,21.1240532638067,71.7047576904297,115.523573177259,3000.05599201207,8.382,25.7266902923584,5018573.0,7.629969587535508,5.308530870206369,489.0,504.0,Norway,,,,,,,,,,,,,,,,,,,,,,,,,,,,,,,,,,0.4610660142822377,0.321983061991931,0.4848142659155883,0.2361480548778079,644.2,19817,7586,644.2,128.36318212368337,4.862623813943446,0.022987125203428528,6.469560346251054,6.468009236897099,15.428656188309334,7586,1511.5850661134152,7.321575430381928,0.27069284662093884,8.934191535338075,8.934059722248843,19817,3948.7320399643486,8.281403017610359,0.7071342132200297,9.894345894618844,9.894295434167212
NOR,2013,496.0,0.6005077875512752,0.5509690355782663,0.6160020850392992,1.589952813446826,0.2487091667191484,55.0,1.081611603864748,303392.01450503897,55.64,0.6715308806103999,1.64216,5605.02472,1101.0,10371.73,103553.840134417,7.43905019760132,95.0534,21.0205001240338,75.8635787963867,112.045532746838,3211.2619381399,9.043,25.7266902923584,5079623.0,7.622091705145141,5.383340125115484,493.3333333333333,507.0,Norway,,,,,,,,,,,,,,,,,,,,,,,,,,,,,,,,,,0.5018251099477701,0.3256061603652947,0.4861803424797253,0.2428862221210511,684.4894,20533,7924,684.4894,134.75200817068512,4.910829751858845,0.02404128704193924,6.530133035717241,6.5286731588525715,15.440747604202349,7924,1559.958288243045,7.353055198981634,0.2783142566127781,8.977777598745481,8.977651407818442,20533,4042.2291181845585,8.304798938375052,0.7211795344561046,9.92983732785891,9.9297886269555
NOR,2014,497.0,0.6534502613992201,0.5568658176162148,0.5820932081169585,1.504504442720303,0.221391330907111,55.0,1.0514082862795902,290767.4965638013,55.59,0.6548833151237163,1.70369,5722.57126,1106.0,10660.66,97666.6951838749,7.64402008056641,96.3005098242892,22.3154505616718,78.109977722168,111.690088069926,3571.3785166798,7.786,25.7266902923584,5137232.0,7.638282967280107,5.376624890152069,497.6666666666667,510.0,Norway,,,,,,,,,,,,,,,,,,,,,,,,,,,,,,,,,,0.4954951219806547,0.3212437599887874,0.4964339720856782,0.2318916754708961,668.6096,22347,8848,668.6096,130.14977715625847,4.876340007159769,0.022743233983993843,6.506694855990055,6.505200332243672,15.452024970975842,8848,1722.3282888528297,7.452012751665379,0.30097105140335634,9.08805973726735,9.087946723762116,22347,4350.007942020138,8.378162808051153,0.760149195943807,10.01449211057904,10.014447362844386
NOR,2015,498.0,0.6486819767968205,0.5359481406567549,0.6259890505373454,1.4606396062032154,0.2441964141555223,55.0,1.067288774317925,242666.41043602853,53.8,0.6574660542434813,1.92351,5929.85725,1153.0,10715.99,74809.9658049898,7.52335977554321,96.810325691365,22.2637499039318,79.206428527832,110.118346262292,4093.96973021853,9.804,26.650089263916,5188607.0,7.633511112883004,5.408147257546408,502.0,513.0,Norway,495.0,,,0.5663142178002791,,,0.5417632084758599,,,489.0,,,504.0,,,71.7047576904297,,,25.7266902923584,,,21.1240532638067,,,294687.3948322522,,,1.08227567926747,,,8.382,,,0.517954023981608,0.2979755647945164,0.4928601405036885,0.2198394700654591,664.3833,23274,8959,664.3833,128.04656432834477,4.860173303015536,0.02159353234487133,6.500363265583822,6.4988592419626725,15.461975818345426,8959,1726.6676778565036,7.454527614813633,0.29118199731646216,9.100525505968976,9.100413892597578,23274,4485.5970012760645,8.408849787205618,0.7564426616300189,10.055135102145268,10.055092136668023
NOR,2016,495.3333333333333,0.636997709518368,0.6146948636704659,0.5791639123343336,1.588814139153933,0.2420371754306258,55.0,1.0729099129013682,235365.09079560137,52.01,0.6696938005977625,2.03286,6120.84923,1227.0,11388.28,70867.3609970749,7.98443984985352,97.2982036675068,20.9563395259628,81.8827285766602,109.426806771527,7003.5088228737,11.044,27.325719833374,5234519.0,7.685524612119678,5.461309523774416,501.6666666666667,508.3333333333333,Norway,496.0,,,0.5509690355782663,,,0.6160020850392992,,,493.3333333333333,,,507.0,,,75.8635787963867,,,25.7266902923584,,,21.0205001240338,,,303392.01450503897,,,1.081611603864748,,,9.043,,,0.5354997380825101,0.2998565106399887,0.5111277998370484,0.218062250770866,639.6786,25006,9185,639.6786,122.2038930415574,4.813840649963461,0.019965185948806224,6.462527927119459,6.4609658627153435,15.470785516499024,9185,1754.6979961291574,7.4706217754230035,0.28667557886067346,9.12543586488574,9.125326997649227,25006,4777.134250539543,8.471805425134294,0.7804691916156778,10.126911064657653,10.126871075054945
NOR,2017,492.6666666666667,0.6373446568687239,0.6490674362624831,0.6482857467343279,1.8826956808394424,0.1696568023860587,55.0,1.08216530550679,247776.61519064853,53.14,0.705531733659417,2.08168,6396.1696,1152.0,11973.4,76131.8384032764,7.84599018096924,96.3576012951191,21.5970984465797,83.7353363037109,108.392640087689,14572.5727349493,10.275,28.0698204040527,5276968.0,7.727531738489376,5.390473392807536,501.3333333333333,503.6666666666667,Norway,497.0,495.0,,0.5568658176162148,0.5663142178002791,,0.5820932081169585,0.5417632084758599,,497.6666666666667,489.0,,510.0,504.0,,78.109977722168,71.7047576904297,,25.7266902923584,25.7266902923584,,22.3154505616718,21.1240532638067,,290767.4965638013,294687.3948322522,,1.0514082862795902,1.08227567926747,,7.786,8.382,,0.5892564296638881,0.3154510412788003,0.5096313440053614,0.2239456607348453,799.9333,26865,9562,799.9333,151.58956810046982,5.027751755442006,0.02370005449831565,6.685777672689784,6.684528349192039,15.478862248317874,9562,1812.0253903377848,7.502752215255676,0.28329852140534,9.165656764349542,9.165552189186048,26865,5090.991645202321,8.535424318906571,0.7959438169372997,10.198616825622958,10.198579603162921
NOR,2018,490.0,0.6330193548794516,0.6395598683041092,0.6687353802628007,1.8624405415632836,0.2488061140702024,55.0,1.1137228644573225,259812.45801036895,52.63,0.6487928758395759,2.03482,6484.23611,1082.0,12413.22,82792.8427113304,7.59564018249512,96.4916579887094,21.1178200437435,85.3883514404297,107.702543341632,20886.248954238,9.599,30.4479349491915,5311916.0,7.756992546484216,5.321511198404436,501.0,499.0,Norway,498.0,496.0,,0.5359481406567549,0.5509690355782663,,0.6259890505373454,0.6160020850392992,,502.0,493.3333333333333,,513.0,507.0,,79.206428527832,75.8635787963867,,26.650089263916,25.7266902923584,,22.2637499039318,21.0205001240338,,242666.41043602853,303392.01450503897,,1.067288774317925,1.081611603864748,,9.804,9.043,,0.5998151204435513,0.3260882429159948,0.5068916777129541,0.2289067608752861,761.5769,27760,9073,761.5769,143.37141249974584,4.972389232480721,0.022110763714886666,6.636703355855316,6.635391152134813,15.485463156760364,9073,1708.0465880861068,7.443690943180607,0.2634152364458096,9.113168460223909,9.11305824916963,27760,5225.986254300708,8.56159014896022,0.8059524924209936,10.231387437026681,10.231351414620741
NOR,2019,487.0,0.6537704790280006,0.5500174653412045,0.620504604148545,1.8024960907752268,0.1610473486929449,55.0,1.1014402755730686,242306.02612566765,51.87,0.6949971378611071,2.13599,6737.55318,957.0,12827.31,76430.5889473338,7.86455011367798,98.0000043853142,22.4920145628444,85.7633819580078,108.00526578567,36180.9578944692,9.813,29.2899303436279,5347896.0,7.783045386213615,5.192672811015446,492.75,493.5,Norway,495.3333333333333,497.0,495.0,0.6146948636704659,0.5568658176162148,0.5663142178002791,0.5791639123343336,0.5820932081169585,0.5417632084758599,501.6666666666667,497.6666666666667,489.0,508.3333333333333,510.0,504.0,81.8827285766602,78.109977722168,71.7047576904297,27.325719833374,25.7266902923584,25.7266902923584,20.9563395259628,22.3154505616718,21.1240532638067,235365.09079560137,290767.4965638013,294687.3948322522,1.0729099129013682,1.0514082862795902,1.08227567926747,11.044,7.786,8.382,0.5092508942511466,0.3251139963235337,0.534130070184874,0.2248150348630717,770.7167,29676,8160,770.7167,144.11587285915806,4.977532546458268,0.021389942165793496,6.64861751376329,6.647320861162136,15.492213770492821,8160,1525.8337110519724,7.330951400174071,0.2264670378530463,9.007121989469242,9.006999447958153,29676,5549.098187399306,8.621570898007286,0.8236073303096816,10.298127614005459,10.298093917309416
NOR,2020,484.0,0.6357844366107588,0.622545640146686,0.615892322557687,1.964865752769728,0.2066790194888775,55.0,1.0751660142193824,226691.21845795904,49.29,0.6457365767752379,2.24436,6766.01432,880.0,13480.21,68340.0181033702,8.37281036376953,94.60755647,22.0688842926826,87.1685333251953,108.296844518424,39030.0168696759,11.215,31.44152814946625,5379475.0,7.826786162234694,5.103425552647535,484.5,488.0,Norway,492.6666666666667,498.0,496.0,0.6490674362624831,0.5359481406567549,0.5509690355782663,0.6482857467343279,0.6259890505373454,0.6160020850392992,501.3333333333333,502.0,493.3333333333333,503.6666666666667,513.0,507.0,83.7353363037109,79.206428527832,75.8635787963867,28.0698204040527,26.650089263916,25.7266902923584,21.5970984465797,22.2637499039318,21.0205001240338,247776.61519064853,242666.41043602853,303392.01450503897,1.08216530550679,1.067288774317925,1.081611603864748,10.275,9.804,9.043,0.5438385706981937,0.3171000796649691,0.543502801502338,0.2189121050137657,682.0,32620,6451,682.0,126.77817073227405,4.850295719312405,0.018737496661442782,6.52649485957079,6.525029657843462,15.498101343733252,6451,1199.1876530702345,7.090233201108925,0.1772369368958466,8.772145439245099,8.771990436532242,32620,6063.788752619912,8.710254990205998,0.8962128168566914,10.392711531744357,10.392680876175005
NOR,2021,481.0,0.6509113974127979,0.6454631904977067,0.5913193087235006,1.7478632065419892,0.2365069606851551,55.0,1.105077384825071,243041.74734981736,50.4,0.6919454631645725,1.88764,7228.72168,946.0,14194.52,93072.8925119571,6.9602198600769,99.0000036,20.5863715899543,93.9243011474609,109.585637519783,43861.1250813561,12.848,33.5931259553046,5408320.0,7.873053687101561,5.170004820379575,476.25,482.5,Norway,490.0,495.3333333333333,497.0,0.6395598683041092,0.6146948636704659,0.5568658176162148,0.6687353802628007,0.5791639123343336,0.5820932081169585,501.0,501.6666666666667,497.6666666666667,499.0,508.3333333333333,510.0,85.3883514404297,81.8827285766602,78.109977722168,30.4479349491915,27.325719833374,25.7266902923584,21.1178200437435,20.9563395259628,22.3154505616718,259812.45801036895,235365.09079560137,290767.4965638013,1.1137228644573225,1.0729099129013682,1.0514082862795902,9.599,11.044,7.786,0.5461334855625737,0.3535021973955111,0.5163460504580742,0.2327062560739822,712.9167,33819,8667,712.9167,131.81851295781314,4.888983632129197,0.018235383625644468,6.570766288866833,6.5693645832945755,15.503449066552001,8667,1602.5309153304538,7.379963298854093,0.22168939215964584,9.067393362656249,9.067277989134345,33819,6253.1433051298745,8.740999451910982,0.8650413699604319,10.428807622452572,10.42877805371264
NOR,2022,478.0,0.666638687330389,0.5910957005778401,0.6540075939777447,1.9768555151090548,0.2066542654949512,55.0,1.08646083369256,229156.8095393074,48.8,0.7231016565521746,1.55081,7394.77328,946.0,14068.95,109269.520580298,5.43234014511108,98.99997764,23.8849460450338,97.6419830322266,111.657196221742,44150.8874541494,9.908,31.6725480402091,5457127.0,7.855190868911254,,468.0,477.0,Norway,487.0,492.6666666666667,498.0,0.5500174653412045,0.6490674362624831,0.5359481406567549,0.620504604148545,0.6482857467343279,0.6259890505373454,492.75,501.3333333333333,502.0,493.5,503.6666666666667,513.0,85.7633819580078,83.7353363037109,79.206428527832,29.2899303436279,28.0698204040527,26.650089263916,22.4920145628444,21.5970984465797,22.2637499039318,242306.02612566765,247776.61519064853,242666.41043602853,1.1014402755730686,1.08216530550679,1.067288774317925,9.813,10.275,9.804,0.5332012824335953,0.3708682740430892,0.4692819594586938,0.2219974846993074,782.5167,32596,12007,782.5167,143.3935292325064,4.972542414045429,0.019391200217095284,6.663792376182834,6.66251526403961,15.512433018758106,12007,2200.2419954675784,7.696777023446089,0.2975401560205208,9.393328373313297,9.393245092030718,32596,5973.10636164414,8.695189802709319,0.8077470580198964,10.391975538580404,10.39194486044011
NOR,2023,478.0,0.6409638691294882,0.6098434229195014,0.6505521819715517,2.044098349572971,0.1806762803506091,55.0,1.0912359532926297,217424.3815749926,50.7,0.7053733704893461,1.85142,7450.59492,946.0,14068.95,87497.2179649556,5.43234014511108,99.00000258,25.6746143774999,95.0573806762695,109.654228618195,37715.0449824181,10.975,32.1868255742863,5519601.0,,,468.0,477.0,Norway,484.0,490.0,495.3333333333333,0.622545640146686,0.6395598683041092,0.6146948636704659,0.615892322557687,0.6687353802628007,0.5791639123343336,484.5,501.0,501.6666666666667,488.0,499.0,508.3333333333333,87.1685333251953,85.3883514404297,81.8827285766602,31.44152814946625,30.4479349491915,27.325719833374,22.0688842926826,21.1178200437435,20.9563395259628,226691.21845795904,259812.45801036895,235365.09079560137,1.0751660142193824,1.1137228644573225,1.0729099129013682,11.215,9.599,11.044,0.5411091170234247,0.3485425733083323,0.4613980332759829,0.2281850742785681,675.5,34406,10219,675.5,122.38203449850813,4.8152855133400445,0.016425807041259486,6.516932447610842,6.515453157400254,15.523816133032069,10219,1851.4019401040039,7.524238421952196,0.24849048431477525,9.232101863757695,9.23200401161221,34406,6233.421582465834,8.737841084358633,0.836634074110398,10.446015311032632,10.445986246756984
NZL,2012,516.0,,0.7000141795378103,0.6576344903756259,,,,,122574.99459629416,56.6,,1.15275,4043.95577,1425.0,7759.43,40053.6991536369,5.88539981842041,81.644470179502,10.0832140526896,80.388542175293,111.567576585407,2862.4577482362,18.003,26.1462898254394,4408100.0,7.473788333799512,5.781571963864431,500.0,512.0,NZL,,,,,,,,,,,,,,,,,,,,,,,,,,,,,,,,,,0.6352491321166571,0.1795454630787168,0.395694951816824,0.1855428704429781,287.9677,14166,5348,287.9677,65.32694358113473,4.194596203493958,0.016154218121217166,5.66631491716041,5.662848321068575,15.298954315582971,5348,1213.2211156734193,7.101858093150801,0.3000085027323183,8.58466490653125,8.584477938221834,14166,3213.6294548671763,8.075467374933595,0.794674728815636,9.55867059537935,9.558600006313569
NZL,2013,515.0,,0.7000141795378103,0.6576344903756259,,,,,122574.99459629416,54.46,,1.15275,4043.95577,1614.0,7808.07,43000.4646849189,5.88539981842041,82.77999878,10.7264399315762,80.388542175293,107.008519144444,3193.98482699624,15.302,26.1462898254394,4442100.0,7.472354605242812,5.898092061261064,498.3333333333333,511.0,NZL,,,,,,,,,,,,,,,,,,,,,,,,,,,,,,,,,,0.6325354383386487,0.1841697910123791,0.3945874421782803,0.1721623599811945,292.5333,15095,5778,292.5333,65.85473087053421,4.202522069488774,0.0162847307478178,5.6819910910946,5.678578506345776,15.306637795564919,5778,1300.73613831296,7.17145414348465,0.3216494472967394,8.661985936317778,8.661812881026181,15095,3398.167533373855,8.131285837499945,0.8403077893638423,9.622185087048386,9.622118842140939
NZL,2014,514.0,,0.7000141795378103,0.6576344903756259,,,,,104601.31301901536,54.52,,1.18991,4760.42967,1636.0,7997.3,44618.266973847,5.8033299446106,84.0,9.91429177740434,80.7100067138672,112.757443483648,3485.66367762648,14.109,26.1462898254394,4516500.0,7.479686499779424,5.895029052651989,496.6666666666667,510.0,NZL,,,,,,,,,,,,,,,,,,,,,,,,,,,,,,,,,,0.6301335728665739,0.2031253334769123,0.4017504350530272,0.149574052780715,314.0833,15801,6184,314.0833,69.54130410716263,4.256198412121599,0.014608199034093204,5.752837048310808,5.749658237350183,15.323247915572034,6184,1369.2018155651501,7.222713318604521,0.2876214775724541,8.729882284826589,8.729720590267258,15801,3498.505479907008,8.160376946039786,0.7349138045152567,9.667891793282678,9.6678285081515
NZL,2015,513.0,,0.7000141795378103,0.6576344903756259,,,,,86627.63144173654,55.92,,1.22707,5476.90357,1184.0,7892.26,38665.3723018158,5.70350980758667,85.19999695,10.1125452318052,82.1818466186523,121.368981425995,3921.11771597171,13.872,25.8641300201416,4609400.0,7.4461239847407805,5.552441634670775,495.0,509.0,NZL,516.0,,,0.7000141795378103,,,0.6576344903756259,,,500.0,,,512.0,,,80.388542175293,,,26.1462898254394,,,10.0832140526896,,,122574.99459629416,,,,,,18.003,,,0.6277359075807057,0.2101363834935457,0.4113854743810023,0.1375769291677935,312.8012,16187,6220,312.8012,67.86158719139151,4.232098507185715,0.012390502466230476,5.748759664383399,5.745567844980933,15.343608254658527,6220,1349.4164099448951,7.208168275682029,0.24638308721307195,8.73568594451502,8.735525185733225,16187,3511.7368854948586,8.164150752078259,0.641190198186173,9.692025505995757,9.69196372993396
NZL,2016,511.3333333333333,,0.7000141795378103,0.6576344903756259,,,,,100796.97779831254,54.23,,1.287475,5256.23098,1075.0,8203.8,40113.7195382428,5.49972009658813,86.5,10.8777020288641,81.8633575439453,129.380648472778,6401.64612545343,13.474,28.0957508087158,4714100.0,7.4623691817689055,5.43389354515512,494.6666666666667,508.0,NZL,515.0,,,0.7000141795378103,,,0.6576344903756259,,,498.3333333333333,,,511.0,,,80.388542175293,,,26.1462898254394,,,10.7264399315762,,,122574.99459629416,,,,,,15.302,,,0.6338850270877799,0.2096265580035913,0.4191670657544887,0.1478366627982513,283.7452,16832,6309,283.7452,60.19074690821154,4.1139959837769995,0.01145131314381689,5.651594745293202,5.64807665235297,15.366068575660085,6309,1338.3254491843618,7.199921370067514,0.25461694021375786,8.749890955535259,8.74973246437081,16832,3570.564901041556,8.180759126358117,0.6793013691041325,9.731096524419081,9.731037115537436
NZL,2017,509.6666666666667,,0.7000141795378103,0.6576344903756259,,,,,114966.32415488854,52.87,,1.34788,5035.55839,1014.0,8178.13,42950.3841711138,5.27543020248413,87.69999695,9.2522910740142,81.2698593139648,132.980049668049,14919.1873026425,12.968,29.14263105392455,4813600.0,7.438361973241851,5.3549488471302835,494.3333333333333,507.0,NZL,514.0,516.0,,0.7000141795378103,0.7000141795378103,,0.6576344903756259,0.6576344903756259,,496.6666666666667,500.0,,510.0,512.0,,80.7100067138672,80.388542175293,,26.1462898254394,26.1462898254394,,9.91429177740434,10.0832140526896,,104601.31301901536,122574.99459629416,,,,,14.109,18.003,,0.635099579577029,0.2111150680591769,0.4268463900414871,0.1461339174956167,248.4262,17683,6338,248.4262,51.60923217550274,3.9628916209869587,0.01024895913787681,5.519163079853448,5.51514581953748,15.386955802888279,6338,1316.6860561741732,7.183632489552569,0.2614776662681441,8.754476306284166,8.754318540250866,17683,3673.5499418314776,8.209185939339749,0.7295218637771524,9.780415554946133,9.780359005054978
NZL,2018,508.0,,0.7000141795378103,0.6576344903756259,,,,,112862.9205668562,51.29,,1.40604,5350.47072,1017.0,8396.44,43257.0769238879,5.1896800994873,89.0,9.81175442917481,81.2513122558594,128.936896010016,17618.0467697833,11.83,30.1895112991333,4900600.0,7.446788920735627,5.340061859159682,494.0,506.0,NZL,513.0,515.0,,0.7000141795378103,0.7000141795378103,,0.6576344903756259,0.6576344903756259,,495.0,498.3333333333333,,509.0,511.0,,82.1818466186523,80.388542175293,,25.8641300201416,26.1462898254394,,10.1125452318052,10.7264399315762,,86627.63144173654,122574.99459629416,,,,,13.872,15.302,,0.6368718484810205,0.2202149660004761,0.4261151607843083,0.1405155004301537,261.0167,17717,5858,261.0167,53.262192384605974,3.9938277115860257,0.009954674115963758,5.568408242187775,5.564584389950091,15.404868204564183,5858,1195.3638330000408,7.08704209644266,0.22341283516079885,8.675734219544788,8.675563527387679,17717,3615.2715993959923,8.19319882914385,0.6756922500074894,9.782336350971978,9.782279909600437
NZL,2019,507.0,,0.7000141795378103,0.6576344903756259,,,,,110759.51697882384,49.55,,1.4642,5665.38305,324.0,8890.78,42855.831861632,5.1741099357605,89.86370087,9.86594609152879,77.5843734741211,120.475335425902,20156.9321771322,11.294,31.23639154434205,4970300.0,7.489848746841611,4.192487272674385,490.25,504.75,NZL,511.3333333333333,514.0,516.0,0.7000141795378103,0.7000141795378103,0.7000141795378103,0.6576344903756259,0.6576344903756259,0.6576344903756259,494.6666666666667,496.6666666666667,500.0,508.0,510.0,512.0,81.8633575439453,80.7100067138672,80.388542175293,28.0957508087158,26.1462898254394,26.1462898254394,10.8777020288641,9.91429177740434,10.0832140526896,100796.97779831254,104601.31301901536,122574.99459629416,,,,13.474,14.109,18.003,0.6331076630884762,0.227885168898612,0.4216383101241699,0.1361677433309038,233.625,19108,5357,233.625,47.004204977566744,3.8712886107702182,0.008296739084141318,5.457988494906673,5.453717265775727,15.418990758424128,5357,1077.802144739754,6.983606579342718,0.19024347254679524,8.586346050104554,8.58615939588096,19108,3844.435949540269,8.254642256407354,0.6785835866014865,9.857914707241372,9.857862374509853
NZL,2020,506.0,,0.7000141795378103,0.6576344903756259,,,,,128227.45558679104,47.01,,1.47512,5380.07232,348.0,8813.47,41997.7830324279,5.64268016815185,90.92099762,9.60874974217951,75.7348327636719,123.000574962598,20581.3815945115,12.442,32.2832717895508,5072400.0,7.460797796194188,4.242859056674876,486.5,503.5,NZL,509.6666666666667,513.0,515.0,0.7000141795378103,0.7000141795378103,0.7000141795378103,0.6576344903756259,0.6576344903756259,0.6576344903756259,494.3333333333333,495.0,498.3333333333333,507.0,509.0,511.0,81.2698593139648,82.1818466186523,80.388542175293,29.14263105392455,25.8641300201416,26.1462898254394,9.2522910740142,10.1125452318052,10.7264399315762,114966.32415488854,86627.63144173654,122574.99459629416,,,,12.968,13.872,15.302,0.6311063973768744,0.2208510430632219,0.4429239519960166,0.1531017330844426,288.5667,20493,4246,288.5667,56.88957889756329,4.0585373838817524,0.010574129029098867,5.668385667712298,5.664926255067069,15.439324636342882,4246,837.0790947086192,6.731112481121908,0.15558881831324883,8.353968130313271,8.353732642263202,20493,4040.099361249113,8.30427205305857,0.75093774227353,9.927887439359663,9.927838643399959
NZL,2021,505.0,,0.7000141795378103,0.6576344903756259,,,,,145695.39419475824,47.5,,1.48604,5094.76159,330.0,9152.02,49950.4251691316,5.5409197807312,91.99060059,9.76110781430146,79.4128875732422,114.454714130458,16145.0261574165,10.49,32.2832717895508,5084600.0,7.496068952324689,4.188166673583401,482.75,502.25,NZL,508.0,511.3333333333333,514.0,0.7000141795378103,0.7000141795378103,0.7000141795378103,0.6576344903756259,0.6576344903756259,0.6576344903756259,494.0,494.6666666666667,496.6666666666667,506.0,508.0,510.0,81.2513122558594,81.8633575439453,80.7100067138672,30.1895112991333,28.0957508087158,26.1462898254394,9.81175442917481,10.8777020288641,9.91429177740434,112862.9205668562,100796.97779831254,104601.31301901536,,,,11.83,13.474,14.109,0.6303423909435926,0.2273468382697505,0.4298847286937072,0.1531241102879433,361.1389,20831,5765,361.1389,71.02601974589938,4.277027439091808,0.01394098987581858,5.8920278398885735,5.889262648872922,15.441726921637192,5765,1133.815836053967,7.034225657766801,0.22254541572257688,8.659733878198347,8.65956043270316,20831,4096.880777248948,8.318225235464205,0.8041359158572419,9.944245545008295,9.944197540783914
NZL,2022,504.0,,0.7000141795378103,0.6576344903756259,,,,,142752.65725196677,47.2,,1.51726,5265.11129,330.0,9213.62,49099.7090423358,5.16741991043091,93.07289886,12.0543415422888,77.0104675292969,115.984187800849,18499.3210933349,9.362,32.2832717895508,5081700.0,7.503343641908162,,479.0,501.0,NZL,507.0,509.6666666666667,513.0,0.7000141795378103,0.7000141795378103,0.7000141795378103,0.6576344903756259,0.6576344903756259,0.6576344903756259,490.25,494.3333333333333,495.0,504.75,507.0,509.0,77.5843734741211,81.2698593139648,82.1818466186523,31.23639154434205,29.14263105392455,25.8641300201416,9.86594609152879,9.2522910740142,10.1125452318052,110759.51697882384,114966.32415488854,86627.63144173654,,,,11.294,12.968,13.872,0.6236801781910228,0.230692564033945,0.4246786721282855,0.1552293603858479,303.6667,19921,7613,303.6667,59.7569120569888,4.106880854464216,0.011349600942051277,5.719218392195224,5.715930718361327,15.441156409242582,7613,1498.1207076372082,7.312634020302365,0.2845373298153415,8.937743936942443,8.937612591306213,19921,3920.1448334218867,8.274138939488719,0.744551181827324,9.89957992770511,9.899529730681785
NZL,2023,504.0,,0.7000141795378103,0.6576344903756259,,,,,139809.92030917527,46.6,,1.54848,5435.46099,330.0,9213.62,49075.9562832927,5.21326017379761,93.32610321,12.6494857356401,76.3811416625977,126.854978584281,18993.6538461538,10.714,32.2832717895508,5200000.0,,,479.0,501.0,NZL,506.0,508.0,511.3333333333333,0.7000141795378103,0.7000141795378103,0.7000141795378103,0.6576344903756259,0.6576344903756259,0.6576344903756259,486.5,494.0,494.6666666666667,503.5,506.0,508.0,75.7348327636719,81.2513122558594,81.8633575439453,32.2832717895508,30.1895112991333,28.0957508087158,9.60874974217951,9.81175442917481,10.8777020288641,128227.45558679104,112862.9205668562,100796.97779831254,,,,12.442,11.83,13.474,0.6230697170192755,0.235268240323799,0.438653355787255,0.1643825882615262,266.1667,19013,5781,266.1667,51.18590384615384,3.9548124171594656,0.00941703085356038,5.587872808147554,5.5841228042217645,15.464169183551656,5781,1111.7307692307693,7.0145724255455635,0.20453293129618602,8.662504922576291,8.662331957082475,19013,3656.346153846154,8.20449306880964,0.6726837264719572,9.852930828918975,9.852878234709586
PER,2012,397.0,,0.6178555969711148,0.6727008534546143,,,,1.861503237401216,,34.1,,0.0553,,54.0,641.35,6519.37852981527,2.92276000976562,38.2,4.69465769063035,73.2223205566406,99.4508054485687,24.7374262640266,6.848,,29550366.0,3.122524510542335,1.0393535060800148,387.0,398.0,PER,,,,,,,,,,,,,,,,,,,,,,,,,,,,,,,,,,0.2922726073031892,0.0063672698490582,0.1570708638624124,0.1876340563125804,9.25,4317,1325,9.25,0.3130248877458912,0.2723335500122221,,2.327277705584417,2.224623551524334,17.20160668752648,1325,44.83870013657361,3.8251287154724407,,7.189922170745808,7.1891677384203225,4317,146.08956112421754,4.991041660604028,,8.370547611074752,8.370315995555478
PER,2013,397.0,,0.6109623818463623,0.6662407713799334,,,,1.861503237401216,,35.96,,0.08174,,73.0,667.12,6746.80025696601,3.29729008674622,39.2,5.00038314811373,73.2223205566406,99.9174254916985,29.2441601977656,7.008,,29817919.0,3.151586816404546,1.2378501256469394,387.0,398.0,PER,,,,,,,,,,,,,,,,,,,,,,,,,,,,,,,,,,0.2839377255335372,0.0078795519318552,0.1726242092605333,0.1900527652574641,13.5,5511,1506,13.5,0.4527478929699957,0.3734568615985934,,2.6741486494265287,2.6026896854443837,17.210620079486812,1506,50.50654272687507,3.941708842840674,,7.317876198626496,7.317212408359839,5511,184.82175097464045,5.224787886129918,,8.614682812693495,8.614501373883236
PER,2014,397.0,,0.6040691667216099,0.6597806893052527,,,,1.861503237401216,,34.73,,0.10805,,83.0,745.61,6667.13410360861,3.69599008560181,40.2446560091704,4.25218632647416,73.2223205566406,105.858105967274,37.5217999997742,7.55,,30115826.0,3.2487483264302797,1.323361488287555,387.0,398.0,PER,,,,,,,,,,,,,,,,,,,,,,,,,,,,,,,,,,0.2756028437638852,0.008823932313466,0.1947856072049211,0.1898097380308326,17.0,9836,2246,17.0,0.5644872566337713,0.44755813876526035,,2.8903717578961645,2.833213344056216,17.220561372275743,2246,74.57872814114413,4.325174869798064,,7.717351272185329,7.716906135298388,9836,326.6056856617514,5.791810707328161,,9.193906065512758,9.193804403336083
PER,2015,397.0,,0.5971759515968575,0.6533206072305718,,,,1.861503237401216,,34.87,,0.11702,,67.0,899.29,6231.71150338894,3.96933007240295,40.8526009090468,5.24340385328889,73.2223205566406,112.404818501786,46.3595293128809,6.877,,30457600.0,3.4185775989581786,1.1630818591201688,387.0,398.0,PER,397.0,,,0.6178555969711148,,,0.6727008534546143,,,387.0,,,398.0,,,73.2223205566406,,,,,,4.69465769063035,,,,,,1.861503237401216,,,6.848,,,0.2672679619942331,0.0084215577939806,0.212235961361665,0.1904055913896531,25.0,6864,1680,25.0,0.8208131960495902,0.5992832123146441,,3.258096538021482,3.2188758248682006,17.231846110468872,1680,55.158646774532464,4.028180663532168,,7.427144133408616,7.426549072397305,6864,225.3624711073755,5.4221375689287115,,8.834191318202071,8.834045641167798
PER,2016,398.57142857142856,,0.590282736472105,0.646860525155891,,,,1.861503237401216,,32.51,,0.12008,,72.0,1071.41,6217.03599995447,3.81316995620727,45.4617406869459,4.79971259913924,73.2223205566406,119.654538672257,72.667793109253,8.272,,30866494.0,3.575461601222694,1.2037607136953654,387.57142857142856,399.42857142857144,PER,397.0,,,0.6109623818463623,,,0.6662407713799334,,,387.0,,,398.0,,,73.2223205566406,,,,,,5.00038314811373,,,,,,1.861503237401216,,,7.008,,,0.2621459158444278,0.0086106700058555,0.2282691328784897,0.1967890638290767,22.8333,7524,1773,22.8333,0.7397438789128432,0.5537379063649377,,3.171083762429476,3.1282199967449897,17.245181816980168,1773,57.44092607343095,4.0680164333248925,,7.480992162869525,7.480428306074208,7524,243.75946293090496,5.50027594432369,,8.925986089617076,8.925853190420922
PER,2017,400.1428571428572,,0.5833895213473526,0.6404004430812102,,,,1.861503237401216,,32.9,,0.12085,,100.0,1389.87,6736.16693725487,3.93130993843079,50.4504121848143,5.12232328639173,71.2404708862305,124.232520236388,219.411959985362,8.319,,31324637.0,3.814848178041482,1.4332674901747844,388.1428571428572,400.8571428571428,PER,397.0,397.0,,0.6040691667216099,0.6178555969711148,,0.6597806893052527,0.6727008534546143,,387.0,387.0,,398.0,398.0,,73.2223205566406,73.2223205566406,,,,,4.25218632647416,4.69465769063035,,,,,1.861503237401216,1.861503237401216,,7.55,6.848,,0.2547810210761486,0.0098191983650482,0.2516303347407099,0.1986005692876435,33.0,8390,1996,33.0,1.053483875966384,0.719537802407211,,3.5263605246161616,3.4965075614664802,17.259915470490913,1996,63.71981261905765,4.170067377490446,,7.599401333415815,7.59890045687141,8390,267.84029452599884,5.594117502644979,,9.03491498187007,9.034795799461252
PER,2018,401.7142857142857,,0.5764963062226002,0.6339403610065294,,,,1.861503237401216,,31.8,,0.12683,,89.0,1700.86,6978.49121548627,3.71392011642456,55.0543342443197,4.68019992138913,71.2404708862305,132.156626658621,258.075972148862,8.342,,31897584.0,3.994939127400596,1.3324135037181564,388.7142857142857,402.2857142857143,PER,397.0,397.0,,0.5971759515968575,0.6109623818463623,,0.6533206072305718,0.6662407713799334,,387.0,387.0,,398.0,398.0,,73.2223205566406,73.2223205566406,,,,,5.24340385328889,5.00038314811373,,,,,1.861503237401216,1.861503237401216,,6.877,7.008,,0.2496589749263434,0.010672273106357,0.2663775610626824,0.1966494592362112,34.3333,9526,2257,34.3333,1.0763605168341277,0.730616609587934,,3.564825862047286,3.5361157286872684,17.27804082820979,2257,70.7577100510183,4.273295306023673,,7.722234744709607,7.721791776817535,9526,298.64330790695624,5.702592793622792,,9.161885151706779,9.161780181360806
PER,2019,403.2857142857143,,0.5764963062226002,0.6339403610065294,,,,1.861503237401216,,32.93,,0.15696,,137.0,2332.04,7037.00803692604,3.822429895401,59.9505036049006,4.07500438789898,71.2404708862305,122.790350843591,385.370372978427,7.405,,32449303.0,4.2886383743522005,1.65287482101619,389.2857142857143,403.7142857142857,PER,398.57142857142856,397.0,397.0,0.590282736472105,0.6040691667216099,0.6178555969711148,0.646860525155891,0.6597806893052527,0.6727008534546143,387.57142857142856,387.0,387.0,399.42857142857144,398.0,398.0,73.2223205566406,73.2223205566406,73.2223205566406,,,,4.79971259913924,4.25218632647416,4.69465769063035,,,,1.861503237401216,1.861503237401216,1.861503237401216,8.272,7.55,6.848,0.2528718105461903,0.0123556182140804,0.2746413376839517,0.1880901583633819,21.0,11789,2598,21.0,0.6471633612592541,0.4990546334408705,,3.091042453358316,3.044522437723423,17.295189521684925,2598,80.06335297864487,4.395230984502657,,7.8628820346414905,7.862497197230545,11789,363.30518408977844,5.897991934189904,,9.375006993531416,9.374922172292127
PER,2020,404.8571428571428,,0.5764963062226002,0.6339403610065294,,,,1.861503237401216,,28.79,,0.17229,,125.0,2892.98,6133.32552410183,4.25937986373901,65.25179796,4.79483390340119,71.2404708862305,119.854099046125,457.388853518905,12.659,,32838579.0,4.48972556333584,1.5699688456401135,389.8571428571428,405.1428571428572,PER,400.1428571428572,397.0,397.0,0.5833895213473526,0.5971759515968575,0.6109623818463623,0.6404004430812102,0.6533206072305718,0.6662407713799334,388.1428571428572,387.0,387.0,400.8571428571428,398.0,398.0,71.2404708862305,73.2223205566406,73.2223205566406,,,,5.12232328639173,5.24340385328889,5.00038314811373,,,,1.861503237401216,1.861503237401216,1.861503237401216,8.319,6.877,7.008,0.2560846461660371,0.0115359917390535,0.3013653668244896,0.2234397104596334,35.0,13972,3201,35.0,1.0658195654568365,0.7255270316738425,,3.58351893845611,3.5553480614894135,17.307114571210363,3201,97.47681225792383,4.5898211119161045,,8.07153089355666,8.071218539969863,13972,425.47517053036916,6.055554148426681,,9.544882175080447,9.544810605926722
PER,2021,406.42857142857144,,0.5764963062226002,0.6339403610065294,,,,1.861503237401216,,31.2,,0.13754,,94.0,4064.96,6826.20255614477,3.92765998840332,71.10782643,4.46164505002167,71.2404708862305,129.993736857913,597.239427984452,9.586,,33155882.0,4.817062469306055,1.3441936143311863,390.42857142857144,406.57142857142856,PER,401.7142857142857,398.57142857142856,397.0,0.5764963062226002,0.590282736472105,0.6040691667216099,0.6339403610065294,0.646860525155891,0.6597806893052527,388.7142857142857,387.57142857142856,387.0,402.2857142857143,399.42857142857144,398.0,71.2404708862305,73.2223205566406,73.2223205566406,,,,4.68019992138913,4.79971259913924,4.25218632647416,,,,1.861503237401216,1.861503237401216,1.861503237401216,8.342,8.272,7.55,0.259297481785884,0.0120647227313247,0.318480065145765,0.2031795732094818,30.3333,16935,4741,30.3333,0.9148693435451364,0.6496493923912124,,3.444681429771541,3.4122461189470377,17.316730694753694,4741,142.9912194765321,4.969752321859482,,8.464214266625351,8.464003362902119,16935,510.7690997331937,6.237873546235153,,9.737196812814702,9.737137765251871
PER,2022,408.0,,0.5764963062226002,0.6339403610065294,,,,1.861503237401216,,29.1,,0.16206,,94.0,4584.96,7350.63034300417,3.83975005149841,74.67495213,4.58946616439539,71.2404708862305,124.119322949561,701.589027752228,7.681,,33475438.0,4.926999301054475,,391.0,408.0,PER,403.2857142857143,400.1428571428572,397.0,0.5764963062226002,0.5833895213473526,0.5971759515968575,0.6339403610065294,0.6404004430812102,0.6533206072305718,389.2857142857143,388.1428571428572,387.0,403.7142857142857,400.8571428571428,398.0,71.2404708862305,71.2404708862305,73.2223205566406,,,,4.07500438789898,5.12232328639173,5.24340385328889,,,,1.861503237401216,1.861503237401216,1.861503237401216,7.405,8.319,6.877,0.2625103174057308,0.0143101832851262,0.3200911706743546,0.1922013535130803,29.0,16698,5696,29.0,0.86630681277419,0.6239615116177892,,3.4011973816621555,3.367295829986474,17.326322533847247,5696,170.15460708833743,5.142567283038308,,8.647694999480395,8.647519453091812,16698,498.81348826563527,6.214235005362902,,9.723104116372433,9.723044230753946
PER,2023,408.0,,0.5764963062226002,0.6339403610065294,,,,1.8273195017371868,,27.7,,0.17611,,94.0,4584.96,7887.54185920108,4.24538993835449,79.48484477,5.01572012821525,71.2404708862305,121.975084691173,749.75734671937,8.846,,33845617.0,,,391.0,408.0,PER,404.8571428571428,401.7142857142857,398.57142857142856,0.5764963062226002,0.5764963062226002,0.590282736472105,0.6339403610065294,0.6339403610065294,0.646860525155891,389.8571428571428,388.7142857142857,387.57142857142856,405.1428571428572,402.2857142857143,399.42857142857144,71.2404708862305,71.2404708862305,73.2223205566406,,,,4.79483390340119,4.68019992138913,4.79971259913924,,,,1.861503237401216,1.861503237401216,1.861503237401216,12.659,8.342,8.272,0.2625103174057308,0.0158879246387812,0.3451606696888786,0.1955649693467775,25.0,17964,4249,25.0,0.7386480796021536,0.5531078454862275,,3.258096538021482,3.2188758248682006,17.337320065925613,4249,125.54062760918202,4.8405634234755395,,8.354674261918463,8.354438940114811,17964,530.7629640789235,6.276197833809343,,9.79618069954762,9.796125034207629
POL,2012,526.0,,0.7539800708522323,0.7725767575841851,,,,1.366589088586587,66088.49838638656,40.4,,0.88476,1752.07893,4410.0,27711.05,13087.420943321,4.83311986923218,62.3099972714691,7.81151383868806,75.0382919311523,141.409735570098,399.283674893658,26.322,22.6315097808838,38063164.0,6.591712170300114,4.760977046059416,518.0,518.0,POL,,,,,,,,,,,,,,,,,,,,,,,,,,,,,,,,,,0.7308877837252321,0.0918475982957876,0.3336668954631792,0.1968782228828597,232.3889,58561,18549,232.3889,6.1053489930579605,1.960847879703474,0.0034846312506354726,5.452706160880929,5.448412261358607,17.454757548274017,18549,487.3215479406809,6.190974098581962,0.27813903791462236,9.82822506803558,9.828171158226679,58561,1538.521600568991,7.339226998165111,0.8781120383480618,10.977841301057458,10.977824224992123
POL,2013,517.6666666666666,,0.7539800708522323,0.7725767575841851,,,,1.3716551217389443,64211.98821024285,40.12,,0.8807,1868.31303,4237.0,29634.94,13621.9023794031,4.99779987335205,62.8492,8.74501767247922,73.317268371582,148.912446350899,517.741811845554,27.167,22.6315097808838,38040196.0,6.6593487628646475,4.721905393764757,513.3333333333334,514.0,POL,,,,,,,,,,,,,,,,,,,,,,,,,,,,,,,,,,0.7162722619299109,0.0956975155778066,0.3484892988401925,0.203780214319784,306.1385,70127,22555,306.1385,8.047763476297547,2.202517597479382,0.004307502729506493,5.727298785919261,5.724037613932475,17.454153948099272,22555,592.9254412884728,6.38675379176801,0.31735872509997576,10.023756384927072,10.023712049842496,70127,1843.497336343903,7.519962072928289,0.9867175932203947,11.158077422658591,11.158063162917404
POL,2014,509.3333333333333,,0.7539800708522323,0.7725767575841851,,,,1.355642920207924,65621.50959033165,40.64,,0.9454,2054.74753,3941.0,31104.41,14262.2841914116,4.93858003616333,66.5987360557248,10.0686277870269,70.2389678955078,148.713283559361,681.131761020643,23.732,23.7001991271973,38011735.0,6.708431283789861,4.650893831813977,508.6666666666667,510.0,POL,,,,,,,,,,,,,,,,,,,,,,,,,,,,,,,,,,0.7045507162941753,0.1031100638465733,0.3575181857017241,0.1914720259160484,325.2455,76512,25062,325.2455,8.556449738482076,2.2572162918222154,0.004164234103487194,5.787650165438329,5.7845802817857574,17.453405485806353,25062,659.3227065273395,6.492728664807569,0.3208777219103602,10.129147933974613,10.129108033725231,76512,2012.852083705203,7.607804626542237,0.9796104165192515,11.245215940017895,11.245202870258051
POL,2015,501.0,,0.7539800708522323,0.7725767575841851,,,,1.3474389051919893,58438.002070721275,40.16,,0.99807,2158.37831,4676.0,32723.75,12637.5220324406,4.78748989105225,67.9969871556415,10.7755213322015,69.3731994628906,142.520207198425,955.841788900726,20.686,24.3093259638662,37986412.0,6.759788023759224,4.821060684181775,504.0,506.0,POL,526.0,,,0.7539800708522323,,,0.7725767575841851,,,518.0,,,518.0,,,75.0382919311523,,,22.6315097808838,,,7.81151383868806,,,66088.49838638656,,,1.366589088586587,,,26.322,,,0.6931647330290305,0.1057022014421413,0.3505390235201983,0.1756115558819243,416.1667,83267,26110,416.1667,10.955672781098672,2.4812058754538784,0.005075881614608457,6.033485902107831,6.03108590114783,17.452739074796696,26110,687.351045421189,6.5342989482427285,0.3184571686235992,10.170111960461874,10.170073661693175,83267,2192.020662546386,7.693035170419277,1.0155868655603688,11.32981960068755,11.329807591200053
POL,2016,504.3333333333333,,0.7539800708522323,0.7725767575841851,,,,1.3083886892207688,52019.766352993,40.22,,0.9616,2304.00747,4261.0,34267.43,12464.0110508476,4.62726020812988,73.3007040962669,10.7154228014203,69.8503799438477,138.518696718641,2492.48836327396,17.592,24.9462203979492,37970087.0,6.806259392177235,4.7293320928185985,508.0,508.0,POL,517.6666666666666,,,0.7539800708522323,,,0.7725767575841851,,,513.3333333333334,,,514.0,,,73.317268371582,,,22.6315097808838,,,8.74501767247922,,,64211.98821024285,,,1.3716551217389443,,,27.167,,,0.7030841176586566,0.1077459228864197,0.3581439795293044,0.1532969389751692,305.8333,85283,25127,305.8333,8.054585179117446,2.203271279034485,0.003495902371843198,5.726304603368407,5.723040182268784,17.45230922348795,25127,661.7577673709308,6.49640956501133,0.287220321977051,10.131738041218483,10.131698244183356,85283,2246.057534711469,7.717376876980563,0.9748481999112047,11.353742142614896,11.35373041701733
POL,2017,507.6666666666667,,0.7539800708522323,0.7725767575841851,,,,1.3130829065318468,47876.72392525368,41.99,,1.03055,2994.85672,3924.0,33886.6,13913.3402919927,4.54246997833252,75.9853659493832,10.6673187252222,70.6174621582031,131.901471911132,6534.93448528243,14.762,25.9318225118886,37974826.0,6.794971485351563,4.647574406867102,512.0,510.0,POL,509.3333333333333,526.0,,0.7539800708522323,0.7539800708522323,,0.7725767575841851,0.7725767575841851,,508.6666666666667,518.0,,510.0,518.0,,70.2389678955078,75.0382919311523,,23.7001991271973,22.6315097808838,,10.0686277870269,7.81151383868806,,65621.50959033165,66088.49838638656,,1.355642920207924,1.366589088586587,,23.732,26.322,,0.7146585997491165,0.1264272971123627,0.3600435619618993,0.1388248467484192,310.7917,86934,23613,310.7917,8.184150731855887,2.217479251883282,0.0027327353182545196,5.742335336641401,5.739122912860195,17.452434024473796,23613,621.8066673959217,6.434236145419434,0.20762484670582892,10.069595035467055,10.06955268681056,86934,2289.253412247366,7.7364177507959075,0.7643949698693319,11.37291599196189,11.372904489048777
POL,2018,511.0,,0.7539800708522323,0.7725767575841851,,,,1.2658942806967484,60724.21466094709,41.67,,1.19426,3079.49249,4207.0,35457.24,15658.2120316794,4.55985021591187,77.5417345350006,10.3950333891095,71.0217437744141,126.266191655563,16227.0719359574,11.686,26.5329086902906,37974750.0,6.840231705421398,4.7165696853717405,516.0,512.0,POL,501.0,517.6666666666666,,0.7539800708522323,0.7539800708522323,,0.7725767575841851,0.7725767575841851,,504.0,513.3333333333334,,506.0,514.0,,69.3731994628906,73.317268371582,,24.3093259638662,22.6315097808838,,10.7755213322015,8.74501767247922,,58438.002070721275,64211.98821024285,,1.3474389051919893,1.3716551217389443,,20.686,27.167,,0.7243661885085483,0.136937498072257,0.3680536791551183,0.1240554981372502,288.9524,85922,21871,288.9524,7.609066550800203,2.1528158980211507,0.0024708832950588564,5.669716771577381,5.666261968664576,17.452432023145967,21871,575.9353254465138,6.357730172611452,0.18702280564630108,9.99296255896373,9.992916837362552,85922,2262.6087071014294,7.7247155918334345,0.7347342831485292,11.361206825334252,11.361195186939186
POL,2019,508.0,,0.7539800708522323,0.7725767575841851,,,,1.2788904290744547,65768.09158168318,41.31,,1.3088,3159.06604,3887.0,36493.83,15874.5220531254,4.62736988067627,80.4359068768673,9.8529348361967,70.9065017700195,126.597314882311,20606.063798754,9.835,27.3313870167182,37965475.0,6.869261075168828,4.638435639888778,509.25,506.25,POL,504.3333333333333,509.3333333333333,526.0,0.7539800708522323,0.7539800708522323,0.7539800708522323,0.7725767575841851,0.7725767575841851,0.7725767575841851,508.0,508.6666666666667,518.0,508.0,510.0,518.0,69.8503799438477,70.2389678955078,75.0382919311523,24.9462203979492,23.7001991271973,22.6315097808838,10.7154228014203,10.0686277870269,7.81151383868806,52019.766352993,65621.50959033165,66088.49838638656,1.3083886892207688,1.355642920207924,1.366589088586587,17.592,23.732,26.322,0.7159280075059237,0.1428206077220163,0.3830275718674408,0.1177464141971927,339.019,80235,19469,339.019,8.929665702852395,2.295526812118023,0.0028266790215162436,5.829001498401788,5.826056153007505,17.452187752074973,19469,512.8080183377134,6.241849690505186,0.16232899592618627,9.876630098366245,9.87657873597891,80235,2113.3674740010497,7.656510980084854,0.6689848984610178,11.292727570944589,11.29271510763346
POL,2020,505.0,,0.7539800708522323,0.7725767575841851,,,,1.2675288907437523,67933.72734219502,39.95,,1.37128,3260.15498,4010.0,38445.19,16150.9304813473,4.80081987380981,83.18488715,9.86616548997166,70.9730377197266,129.288487295019,25438.6771123423,10.836,28.0126800537109,37515748.0,6.933203426513966,4.6810977848509,502.5,500.5,POL,507.6666666666667,501.0,517.6666666666666,0.7539800708522323,0.7539800708522323,0.7539800708522323,0.7725767575841851,0.7725767575841851,0.7725767575841851,512.0,504.0,513.3333333333334,510.0,506.0,514.0,70.6174621582031,69.3731994628906,73.317268371582,25.9318225118886,24.3093259638662,22.6315097808838,10.6673187252222,10.7755213322015,8.74501767247922,47876.72392525368,58438.002070721275,64211.98821024285,1.3130829065318468,1.3474389051919893,1.3716551217389443,14.762,20.686,27.167,0.7072044529710054,0.1482844194239778,0.4038681524002011,0.1219669227879557,318.6012,81144,17711,318.6012,8.492465617372202,2.250498391033742,0.0026049269649666175,5.767073968578438,5.763940163947198,17.440271349454385,17711,472.09507857873444,6.159296380086134,0.14480755714832136,9.781997654948418,9.781941194456632,81144,2162.9316840490555,7.679682070174639,0.6634444366350509,11.303992956749982,11.303980633055831
POL,2021,502.0,,0.7539800708522323,0.7725767575841851,,,,1.2595688460726224,74138.66931615585,39.9,,1.41558,3558.20467,3377.0,41280.7,18635.5104895754,4.61998987197876,85.37490906,9.44556514280936,72.2060623168945,132.987203939653,31394.3768568545,11.817,27.7237205505371,36981559.0,7.018626429251495,4.525215118764515,495.75,494.75,POL,511.0,504.3333333333333,509.3333333333333,0.7539800708522323,0.7539800708522323,0.7539800708522323,0.7725767575841851,0.7725767575841851,0.7725767575841851,516.0,508.0,508.6666666666667,512.0,508.0,510.0,71.0217437744141,69.8503799438477,70.2389678955078,26.5329086902906,24.9462203979492,23.7001991271973,10.3950333891095,10.7154228014203,10.0686277870269,60724.21466094709,52019.766352993,65621.50959033165,1.2658942806967484,1.3083886892207688,1.355642920207924,11.686,17.592,23.732,0.695789687768993,0.160571169181861,0.4136548386712046,0.12692275719734,358.5833,81286,22735,358.5833,9.696273215523446,2.369895383183527,0.002725046509346368,5.88494586102964,5.882160990092194,17.425929940957836,22735,614.765862088183,6.422866797266791,0.17277417099454903,10.031704850336881,10.031660866259111,81286,2198.014421187598,7.695764548599469,0.6177313069480058,11.305741381151263,11.305729078985467
POL,2022,499.0,,0.7539800708522323,0.7725767575841851,,,,1.2758933868155249,73188.44924057314,37.5,,1.44162,3721.07204,3377.0,37368.15,18891.2121169279,4.31372976303101,86.94113479,11.6325877772755,75.2911071777344,137.002148115476,34772.62853538,10.56,27.7237205505371,36821749.0,6.923470232998126,,489.0,489.0,POL,508.0,507.6666666666667,501.0,0.7539800708522323,0.7539800708522323,0.7539800708522323,0.7725767575841851,0.7725767575841851,0.7725767575841851,509.25,512.0,504.0,506.25,510.0,506.0,70.9065017700195,70.6174621582031,69.3731994628906,27.3313870167182,25.9318225118886,24.3093259638662,9.8529348361967,10.6673187252222,10.7755213322015,65768.09158168318,47876.72392525368,58438.002070721275,1.2788904290744547,1.3130829065318468,1.3474389051919893,9.835,14.762,20.686,0.6873099084629396,0.1635903890806711,0.4155537658286654,0.1305466515037633,334.8667,75339,26306,334.8667,9.094263827609058,2.3119673246489283,0.002443990261368081,5.816714355056073,5.8137325421899355,17.42159923399901,26306,714.4147335315333,6.572862421429081,0.19199164269110286,10.177590342447465,10.177552329028725,75339,2046.0462103524742,7.6241531600779435,0.5498539636852808,11.229766481246033,11.229753207996275
POL,2023,499.0,,0.7539800708522323,0.7725767575841851,,,,1.2818760156424995,93716.62771607972,37.7,,1.55525,3675.06022,3377.0,37368.15,22145.2660647429,4.31372976303101,86.414744,12.1223189735947,76.8794097900391,135.146301442691,37340.960521191,11.176,27.7237205505371,36687353.0,,,489.0,489.0,POL,505.0,511.0,504.3333333333333,0.7539800708522323,0.7539800708522323,0.7539800708522323,0.7725767575841851,0.7725767575841851,0.7725767575841851,502.5,516.0,508.0,500.5,512.0,508.0,70.9730377197266,71.0217437744141,69.8503799438477,28.0126800537109,26.5329086902906,24.9462203979492,9.86616548997166,10.3950333891095,10.7154228014203,67933.72734219502,60724.21466094709,52019.766352993,1.2675288907437523,1.2658942806967484,1.3083886892207688,10.836,11.686,17.592,0.688850600058666,0.1711680005716443,0.4143945192006065,0.1456910938935866,336.2833,78432,20279,336.2833,9.166191412065078,2.3190676474983567,0.0024941608744754335,5.820923230020676,5.817953959469809,17.417942648730254,20279,552.7517888793993,6.316716551836112,0.1504061854201125,9.91739045770512,9.917341146824663,78432,2137.8484296754796,7.668022846204922,0.5817179315977249,11.27000003614456,11.269987286327838
PRT,2012,489.0,,,,,,,1.6829084249810424,70304.46142571564,45.3,,1.37661,4032.33558,621.0,13001.8,20593.4274224109,4.94226980209351,60.3399974868057,4.49299865197501,61.7960205078125,113.358650832529,358.255433937013,37.978,15.2353897094727,10514844.0,7.12086351063861,4.095333474356563,487.0,488.0,PRT,,,,,,,,,,,,,,,,,,,,,,,,,,,,,,,,,,0.4856934499188085,0.1585344638532615,0.3022198644149831,0.2800887074286685,127.5,25575,9451,127.5,12.125714846554072,2.5745732714939082,0.003007119473561789,4.855928904335275,4.848116364598481,16.168298531060238,9451,898.8245569786865,6.802199807631336,0.2229042050559409,9.1539816383068,9.153875834995056,25575,2432.2757427499637,7.796993670825268,0.6031927885203353,10.149409690739677,10.149370590819828
PRT,2013,493.0,,,,,,,1.628690198602955,79548.8996850275,45.1,,1.32325,3605.75824,647.0,13889.26,21676.4859642714,5.26528978347778,62.0956,4.70027794789762,61.7960205078125,114.655300508744,422.671446105326,38.452,15.8727903366089,10457295.0,7.192323959436303,4.141079990385756,488.6666666666667,491.3333333333333,PRT,,,,,,,,,,,,,,,,,,,,,,,,,,,,,,,,,,0.4988966528684124,0.149813653183911,0.3192400178843474,0.2805961693112796,143.0,27709,10142,143.0,13.674664432819386,2.686122498864599,0.0037924518291662795,4.969813299576001,4.962844630259907,16.162810378950716,10142,969.8492774661133,6.878171232212049,0.2689723528070238,9.224539091375995,9.224440496354964,27709,2649.729208174772,7.882590054023291,0.7348604736669122,10.229548637857024,10.22951254915098
PRT,2014,497.0,,,,,,,1.5683229239923095,77935.94588802636,45.63,,1.28892,3658.36239,722.0,14438.03,22120.6850127107,5.12005996704102,64.5924200648949,4.88070967963708,61.7960205078125,114.312891767686,535.522238017618,34.663,17.4849891662598,10401062.0,7.236433194302924,4.25442034650809,490.3333333333333,494.6666666666667,PRT,,,,,,,,,,,,,,,,,,,,,,,,,,,,,,,,,,0.5174767549343577,0.150797695366217,0.3216118476496867,0.2555874791888932,154.25,30635,10965,154.25,14.830216375981607,2.7619205425286015,0.004053785490611719,5.045036720813588,5.038574662785497,16.157418474282796,10965,1054.2192710705888,6.961503864191787,0.28816698803602914,9.302554855963994,9.302463660851988,30635,2945.3723090968983,7.988329966870869,0.805106765023598,10.329931067029484,10.329898425159755
PRT,2015,501.0,,,,,,,1.5370518883924675,64258.28015611616,46.61,,1.24552,3724.60014,925.0,14810.29,19215.7813014347,4.89425992965698,68.6328614804299,5.07995277461314,61.7960205078125,112.964237082806,901.325690215055,31.786,18.1825294494629,10358076.0,7.266010122419929,4.503162919660151,492.0,498.0,PRT,489.0,,,,,,,,,487.0,,,488.0,,,61.7960205078125,,,15.2353897094727,,,4.49299865197501,,,70304.46142571564,,,1.6829084249810424,,,37.978,,,0.5310116828119817,0.1467081209565181,0.3250875845603574,0.2326795773583911,158.0833,31947,11106,158.0833,15.261840133244823,2.7888212670427492,0.004097578145192472,5.069427964403938,5.0631221092877405,16.153277063262863,11106,1072.20684613629,6.978406497711415,0.2878716656377213,9.31533081916712,9.315240781801553,31947,3084.2600498393717,8.034391227710492,0.8280781651475134,10.37186486003728,10.371833558683493
PRT,2016,498.0,,,,,,,1.5073340923368723,64138.34274239099,46.45,,1.2815,3992.10969,724.0,14398.94,19980.2808866516,4.960555076599119,70.423567088723,5.80540001054449,63.2387504577637,111.846790353179,3180.29661074401,27.799,18.9961395263672,10325452.0,7.2410147976871375,4.264340410310715,492.0,496.0,PRT,493.0,,,,,,,,,488.6666666666667,,,491.3333333333333,,,61.7960205078125,,,15.8727903366089,,,4.70027794789762,,,79548.8996850275,,,1.628690198602955,,,38.452,,,0.5319328900644511,0.1543862262549662,0.3333836564784629,0.2132742234612438,181.7409,32992,11175,181.7409,17.601253678773578,2.923228980532338,0.00440901053467135,5.208069302588444,5.202582046384355,16.150122473092885,11175,1082.2770761028185,6.987746055556033,0.27110404276061323,9.321523900936798,9.32143441948177,32992,3195.211212061225,8.06972139107966,0.8003816177859644,10.40405069673561,10.404020386816686
PRT,2017,495.0,,,,,,,1.5036014701602531,65205.306469217634,46.05,,1.32224,4348.10903,644.0,14405.2,21442.3842768879,5.02685022354126,73.7912139515729,5.98812595371655,64.2040176391602,113.873619619075,12464.7825791482,23.802,19.2494506835938,10300300.0,7.243886295347742,4.151393399355839,492.0,494.0,PRT,497.0,489.0,,,,,,,,490.3333333333333,487.0,,494.6666666666667,488.0,,61.7960205078125,61.7960205078125,,17.4849891662598,15.2353897094727,,4.88070967963708,4.49299865197501,,77935.94588802636,70304.46142571564,,1.5683229239923095,1.6829084249810424,,34.663,37.978,,0.5291151284658269,0.1654140733114715,0.3558927443916715,0.1957375154729446,191.25,35039,10905,191.25,18.567420366397094,2.9738659570014456,0.004270228791019321,5.258796608385754,5.253581472706645,16.147683578989298,10905,1058.7070279506422,6.9657477601779005,0.24348677106439584,9.297068375486006,9.29697667863573,35039,3401.7455802258187,8.132337908328324,0.7823505705020968,10.464245545050328,10.464217005830303
PRT,2018,492.0,,,,,,,1.4774989688907778,68912.314513356,45.71,,1.35078,4614.40041,661.0,14906.3,23541.1401075289,4.6793999671936,74.6609681487507,5.28353269409281,65.1127395629883,114.858523480989,15977.3282734765,20.235,18.6540298461914,10283822.0,7.279656900373512,4.178620050332337,492.0,492.0,PRT,501.0,493.0,,,,,,,,492.0,488.6666666666667,,498.0,491.3333333333333,,61.7960205078125,61.7960205078125,,18.1825294494629,15.8727903366089,,5.07995277461314,4.70027794789762,,64258.28015611616,79548.8996850275,,1.5370518883924675,1.628690198602955,,31.786,38.452,,0.5215390472459953,0.1753904310700454,0.351384364014246,0.1754654361762175,246.6167,36310,10644,246.6167,23.981035455495046,3.2181169552192537,0.005196999246863157,5.511881986031923,5.5078353094429575,16.14608253877783,10644,1035.023748952481,6.9431453462559904,0.22430297698254598,9.27284557732758,9.27275163209758,36310,3530.7884558873147,8.169559666353521,0.7651673331676292,10.499876004651563,10.499848464408382
PRT,2019,490.0,,,,,,,1.460929387041375,67008.64534742605,44.65,,1.39487,4859.21726,703.0,16534.56,23343.3628970034,4.6275200843811,75.3463779408712,6.94181475443009,66.0920562744141,115.145564535894,19150.5894803584,18.326,20.7237701416016,10286263.0,7.38302061250051,4.2390735149619365,487.0,488.25,PRT,498.0,497.0,489.0,,,,,,,492.0,490.3333333333333,487.0,496.0,494.6666666666667,488.0,63.2387504577637,61.7960205078125,61.7960205078125,18.9961395263672,17.4849891662598,15.2353897094727,5.80540001054449,4.88070967963708,4.49299865197501,64138.34274239099,77935.94588802636,70304.46142571564,1.5073340923368723,1.5683229239923095,1.6829084249810424,27.799,34.663,37.978,0.5231900804868804,0.1824111924129194,0.3548752477868668,0.1696439197243101,200.9,40314,10086,200.9,19.530902525047242,3.021931191343056,0.0040193515704311684,5.307772525318792,5.302807271820889,16.146319873724327,10086,980.5310247268615,6.889113622719607,0.20178785435225868,9.219002745054835,9.21890360263667,40314,3919.2075878285436,8.273899887461095,0.8065512155816931,10.604478887119122,10.604454082148205
PRT,2020,488.0,,,,,,,1.4256304159812785,69955.72291264746,43.51,,1.60979,5131.43982,695.0,17269.64,22299.4044062173,4.86407995223999,78.26166044,7.1147115711238,68.1568908691406,114.276382888841,22178.9068183498,22.46,22.5076999664307,10297081.0,7.425440944193065,4.2267586485286515,482.0,484.5,PRT,495.0,501.0,493.0,,,,,,,492.0,492.0,488.6666666666667,494.0,498.0,491.3333333333333,64.2040176391602,61.7960205078125,61.7960205078125,19.2494506835938,18.1825294494629,15.8727903366089,5.98812595371655,5.07995277461314,4.70027794789762,65205.306469217634,64258.28015611616,79548.8996850275,1.5036014701602531,1.5370518883924675,1.628690198602955,23.802,31.786,38.452,0.524738778609732,0.1937480669086559,0.372919870825901,0.1860800913826744,249.5857,43383,8535,249.5857,24.238490500366073,3.2283702300353667,0.004723526213031974,5.523800977785127,5.519802343187376,16.147371014976795,8535,828.8756784568365,6.721275904579988,0.16152887055719897,9.05204779298159,9.05193063522854,43383,4213.135742061269,8.34619980600985,0.8210435842276466,10.677845988520897,10.677822938282901
PRT,2021,486.0,,,,,,,1.3746436084126308,75855.62047617209,44.2,,1.66711,5430.93667,711.0,19600.42,24711.4510062111,4.77341985702515,82.30902804,6.250331404512,72.5122375488281,119.768700781718,24123.9217277333,23.424,20.642879486084,10361831.0,7.545705828724204,4.243011898782641,477.0,480.75,PRT,492.0,498.0,497.0,,,,,,,492.0,492.0,490.3333333333333,492.0,496.0,494.6666666666667,65.1127395629883,63.2387504577637,61.7960205078125,18.6540298461914,18.9961395263672,17.4849891662598,5.28353269409281,5.80540001054449,4.88070967963708,68912.314513356,64138.34274239099,77935.94588802636,1.4774989688907778,1.5073340923368723,1.5683229239923095,20.235,27.799,34.663,0.5092718908313999,0.2065950801373002,0.3893278147326384,0.1838234167321428,257.881,47362,12051,257.881,24.88758984777883,3.253763697416938,0.004582559392610047,5.556368496656239,5.552498238207508,16.153639516631124,12051,1163.0183893174865,7.05963342654931,0.2141469252885776,9.396985900250192,9.396902923027392,47362,4570.813787640427,8.42766529522271,0.8416253153694807,10.765596612146298,10.765575498395966
PRT,2022,484.0,,,,,,,1.3495713600286725,73191.07652401639,42.1,,1.69051,5686.65428,711.0,19622.76,24620.5197587181,4.55160999298096,84.49690644,6.99049160072585,75.0714797973633,122.80130896654,27622.7553426515,19.183,23.1223938479372,10434332.0,7.539875477935248,,472.0,477.0,PRT,490.0,495.0,501.0,,,,,,,487.0,492.0,492.0,488.25,494.0,498.0,66.0920562744141,64.2040176391602,61.7960205078125,20.7237701416016,19.2494506835938,18.1825294494629,6.94181475443009,5.98812595371655,5.07995277461314,67008.64534742605,65205.306469217634,64258.28015611616,1.460929387041375,1.5036014701602531,1.5370518883924675,18.326,23.802,31.786,0.5153287928124669,0.2126432404459754,0.3948738425334813,0.1626761736561263,213.9583,45269,15686,213.9583,20.50522256719453,3.068295815737806,0.003605850040736876,5.37044405582788,5.365781136221127,16.160612081111356,15686,1503.3065844560056,7.316087329783879,0.26435695057868114,9.66058762285624,9.660523873772611,45269,4338.466516112388,8.375506696984104,0.7629207443418536,10.720399840430005,10.720377750501907
PRT,2023,484.0,,,,,,,1.367526864659538,78281.92228828791,44.9,,1.69491,5983.27041,711.0,19622.76,27634.6183139773,4.55160999298096,85.79012676,6.71084167998399,77.6778182983398,123.001507659381,28927.204260395,20.463,23.5028353899237,10578174.0,,,472.0,477.0,PRT,488.0,492.0,498.0,,,,,,,482.0,492.0,492.0,484.5,492.0,496.0,68.1568908691406,65.1127395629883,63.2387504577637,22.5076999664307,18.6540298461914,18.9961395263672,7.1147115711238,5.28353269409281,5.80540001054449,69955.72291264746,68912.314513356,64138.34274239099,1.4256304159812785,1.4774989688907778,1.5073340923368723,22.46,20.235,27.799,0.5209667692291948,0.223662879198759,0.4000540190635012,0.17222238824935,218.5345,46980,12395,218.5345,20.65900031517727,3.075421087007151,0.0034527940239253317,5.391509395563101,5.386943896808425,16.174303379707034,12395,1171.7523270084232,7.067108681438893,0.19583810302974808,9.42512911890764,9.42504844446929,46980,4441.220195470409,8.398909574470785,0.7422730197932687,10.757498543639837,10.757477258212903
RUS,2012,487.0,,0.7427454918369859,0.7578805867958943,,,,1.1249430281668742,51469.14016896988,37.9,,1.02766,3075.21492,28701.0,36531.93,15401.8515625,3.79310011863708,66.0,9.08148979631111,80.5323453975492,144.198197519265,57.505156266618,14.97,41.2176399230957,143378447.0,5.544371396246464,5.304182781417405,482.0,475.0,RUS,,,,,,,,,,,,,,,,,,,,,,,,,,,,,,,,,,0.7064957205121624,0.1482038168929112,0.3134093744307747,0.1121953626737662,907.9234,53558,18527,907.9234,6.332356215296432,1.9922969124438517,0.002059158914101663,6.812260822199852,6.8111600138092045,18.780998174973107,18527,129.21746878734152,4.869205889648221,0.04201900424811334,9.827038380372722,9.826984406550013,53558,373.54289379351417,5.925706332562766,0.12146887404978973,10.888539128981071,10.888520457808427
RUS,2013,485.5,,0.7427454918369859,0.7578805867958943,,,,1.1249430281668742,53690.08180356815,37.2,,1.02732,3050.2782,28765.0,38952.94,15941.4482421875,3.76382994651794,67.97,10.6336135964435,82.8009567260742,150.964167004451,79.5657260670128,14.201,41.2176399230957,143805638.0,5.605331858994166,5.303438869296701,486.0,481.6666666666667,RUS,,,,,,,,,,,,,,,,,,,,,,,,,,,,,,,,,,0.7154092924040486,0.1495516060466743,0.3252980557985345,0.1152591983496618,970.2667,62002,20926,970.2667,6.747069958411506,2.047314701996433,0.0022119523256637725,6.878601095871231,6.877570982159638,18.783973209714905,20926,145.5158524452289,4.987133630420341,0.04770576416447159,9.94879547024067,9.948747683940992,62002,431.1513850381861,6.068775955187578,0.14134821703744468,11.034938049953386,11.034921921571465
RUS,2014,484.0,,0.7427454918369859,0.7578805867958943,,,,1.1249430281668742,49051.51148514422,39.14,,1.07241,3072.93883,24072.0,44778.75,14055.47265625,4.01387977600098,70.5175682574413,12.1254086015011,84.5181387513356,152.512941154001,120.010629988349,14.053,41.2176399230957,144237223.0,5.741245581523317,5.123319320704871,490.0,488.3333333333333,RUS,,,,,,,,,,,,,,,,,,,,,,,,,,,,,,,,,,0.7237879646574189,0.1478914773750389,0.3425203886344329,0.1176510197824409,835.6139,75321,25156,835.6139,5.7933304775286745,1.9159413187429668,0.0018852736087586473,6.729362673739783,6.728166664297525,18.786969884039504,25156,174.4071292886719,5.1671097249995865,0.05675580899495871,10.132891466821151,10.132851715663394,75321,522.2022334692342,6.259968068997092,0.16993577235288937,11.229527535790833,11.229514259369093
RUS,2015,482.5,,0.7427454918369859,0.7578805867958943,,,,1.1249430281668742,32988.63293571044,39.32,,1.10085,3096.02745,29269.0,51956.58,9277.7138671875,3.83402991294861,70.0992412263947,15.992066533226,84.2355651240256,156.4185651494,320.19338178608,16.389,41.2176399230957,144640716.0,5.886690810863642,5.314960968805125,494.0,495.0,RUS,487.0,,,0.7427454918369859,,,0.7578805867958943,,,482.0,,,475.0,,,80.5323453975492,,,41.2176399230957,,,9.08148979631111,,,51469.14016896988,,,1.1249430281668742,,,14.97,,,0.7302268260060194,0.148589383775839,0.3397089315662059,0.1343146886873182,761.4452,91639,29308,761.4452,5.264390422403606,1.834881284716119,0.0017003694274104729,6.636530637046418,6.6352182065152725,18.789763404817126,29308,202.62620934481546,5.316286005982857,0.06544716176363859,10.285649915074456,10.285615795279854,91639,633.5629588559283,6.452936508167144,0.20463738422471942,11.425623136567431,11.425612224242506
RUS,2016,481.0,,0.7427454918369859,0.7578805867958943,,,,1.124011569510928,32406.179249463778,38.5,,1.10238,2946.99732,26795.0,61137.3,8663.158203125,3.76044011116028,73.091434617897,15.7901190501232,83.860044350614,157.173982310184,1158.54544060337,16.688,41.2176399230957,145015460.0,6.046406231195664,5.224527666405397,492.0,489.6666666666667,RUS,485.5,,,0.7427454918369859,,,0.7578805867958943,,,486.0,,,481.6666666666667,,,82.8009567260742,,,41.2176399230957,,,10.6336135964435,,,53690.08180356815,,,1.1249430281668742,,,14.201,,,0.723157594213369,0.1467516216453699,0.3476501930146967,0.1345652922161873,810.1771,102812,31444,810.1771,5.586832603916852,1.8850725962366324,0.0018957711858105294,6.698486402655414,6.69725286574312,18.792350915390923,31444,216.83205363069567,5.383724369691975,0.07357728225918295,10.355995266977605,10.355963464913646,102812,708.9726847054791,6.565226497049482,0.24057459431469014,11.540667083151886,11.540657356708119
RUS,2017,479.5,,0.7427454918369859,0.7578805867958943,,,,1.123080110854982,42062.63811953096,38.76,,1.10967,2811.96725,22777.0,68641.1,10658.9130859375,4.68990993499756,76.0081385339105,12.3246991949294,81.7051021681418,155.485765168167,3521.68435067119,16.329,41.2176399230957,145293260.0,6.1600070492638,5.061111038082956,490.0,484.3333333333333,RUS,484.0,487.0,,0.7427454918369859,0.7427454918369859,,0.7578805867958943,0.7578805867958943,,490.0,482.0,,488.3333333333333,475.0,,84.5181387513356,80.5323453975492,,41.2176399230957,41.2176399230957,,12.1254086015011,9.08148979631111,,49051.51148514422,51469.14016896988,,1.1249430281668742,1.1249430281668742,,14.053,14.97,,0.7143622810122034,0.1476031798099366,0.386687061188304,0.1251504160311153,936.2766,110935,31870,936.2766,6.444047025994186,2.007414656061795,0.0022916508099424648,6.842978436114865,6.841910945642792,18.794264740678653,31870,219.34947292118022,5.395214799277785,0.07800569971829516,10.369451784390096,10.369420407411383,110935,763.5247498748394,6.6392543987820964,0.2715268998509279,11.6167087374337,11.616699723186683
RUS,2018,478.0,,0.7427454918369859,0.7578805867958943,,,,1.1075840090146492,40033.665634366465,37.9,,0.99001,2772.63667,24926.0,77629.6,11211.8876953125,4.67819023132324,80.8647218726954,11.3552822642706,81.5681115998523,156.682905991229,5157.77007439148,16.99,41.2176399230957,145398106.0,6.282099758533762,5.150007418806929,488.0,479.0,RUS,482.5,485.5,,0.7427454918369859,0.7427454918369859,,0.7578805867958943,0.7578805867958943,,494.0,486.0,,495.0,481.6666666666667,,84.2355651240256,82.8009567260742,,41.2176399230957,41.2176399230957,,15.992066533226,10.6336135964435,,32988.63293571044,53690.08180356815,,1.1249430281668742,1.1249430281668742,,16.389,14.201,,0.7075244292346154,0.1490657286234727,0.4032830178347422,0.1218029546242325,913.681,131305,33588,913.681,6.283995198671983,1.9856795027042413,0.00226643298296707,6.81857537060882,6.8174814952168425,18.794986096844053,33588,231.0071356775445,5.446768128424111,0.08331677142448835,10.421953911398072,10.421924139303453,131305,903.0722862373461,6.806909319847265,0.32570884458415034,11.785285756124198,11.785278140296985
RUS,2019,478.0,,0.7427454918369859,0.7578805867958943,,,,1.0920879071743164,43339.23045208308,37.62,,1.03531,2734.68619,23337.0,90819.89,11447.701171875,3.69561429198336,82.6421618670668,12.9053155381414,80.9520697471091,163.646302441755,9269.6974453469,15.209,41.2176399230957,145453291.0,6.4383788589865345,5.084153741751115,488.0,479.0,RUS,481.0,484.0,487.0,0.7427454918369859,0.7427454918369859,0.7427454918369859,0.7578805867958943,0.7578805867958943,0.7578805867958943,492.0,490.0,482.0,489.6666666666667,488.3333333333333,475.0,83.860044350614,84.5181387513356,80.5323453975492,41.2176399230957,41.2176399230957,41.2176399230957,15.7901190501232,12.1254086015011,9.08148979631111,32406.179249463778,49051.51148514422,51469.14016896988,1.124011569510928,1.1249430281668742,1.1249430281668742,16.688,14.053,14.97,0.7069268538747412,0.1545688009900661,0.3876267531122375,0.1188146484620905,1051.8,160683,34921,1051.8,7.231187364471526,2.1079302770009605,0.0026442475889606647,6.959208560571053,6.958258261155244,18.795365568981588,34921,240.0839455739781,5.485145194724398,0.08779213733988912,10.460872282082073,10.460843646427818,160683,1104.7051523914986,7.008238557383296,0.4039604823511756,11.987194982363015,11.987188758948662
RUS,2020,478.0,,0.7427454918369859,0.7578805867958943,,,,1.10136366008611,40691.58083487984,35.63,,1.09099,2710.16353,23759.0,94909.93,10108.3271484375,4.01641864383637,84.99466978,9.19363897787208,57.2232854739754,163.101112466044,13239.9190367447,16.986,41.2176399230957,145245148.0,6.483789802321385,5.103388352703009,488.0,479.0,RUS,479.5,482.5,485.5,0.7427454918369859,0.7427454918369859,0.7427454918369859,0.7578805867958943,0.7578805867958943,0.7578805867958943,490.0,494.0,486.0,484.3333333333333,495.0,481.6666666666667,81.7051021681418,84.2355651240256,82.8009567260742,41.2176399230957,41.2176399230957,41.2176399230957,12.3246991949294,15.992066533226,10.6336135964435,42062.63811953096,32988.63293571044,53690.08180356815,1.123080110854982,1.1249430281668742,1.1249430281668742,16.329,16.389,14.201,0.6839093644975919,0.1558019708429132,0.4079334940514416,0.1136501024849523,946.5476,183007,39239,946.5476,6.516896523111395,2.017153356384393,0.0024046137625914387,6.853877173161741,6.852821259928961,18.79393354866331,39239,270.15704510831574,5.6026981552778246,0.09968293135001922,10.5774519136793,10.577426429154775,183007,1259.9870117520209,7.139650035953128,0.46491180248153546,12.117285146715043,12.117279682458113
RUS,2021,478.0,,0.7427454918369859,0.7578805867958943,,,,1.1106394129979036,45331.44234463082,36.6,,0.96602,2647.79283,19569.0,100841.94,12425.029296875,3.99480697864774,88.21384578,9.72984772707015,54.9542479280814,169.07261384221,16210.0206428107,16.144,41.2176399230957,144746762.0,6.547758226297375,4.914085729950776,488.0,479.0,RUS,478.0,481.0,484.0,0.7427454918369859,0.7427454918369859,0.7427454918369859,0.7578805867958943,0.7578805867958943,0.7578805867958943,488.0,492.0,490.0,479.0,489.6666666666667,488.3333333333333,81.5681115998523,83.860044350614,84.5181387513356,41.2176399230957,41.2176399230957,41.2176399230957,11.3552822642706,15.7901190501232,12.1254086015011,40033.665634366465,32406.179249463778,49051.51148514422,1.1075840090146492,1.124011569510928,1.1249430281668742,16.99,16.688,14.053,0.6817083437032775,0.153697422091753,0.4255686640276318,0.1151050029200541,897.5929,201376,53283,897.5929,6.201125936067572,1.9742373938053155,0.0023419981600552838,6.8008300954252325,6.799716624754973,18.790496304564414,53283,368.11186145911853,5.911099745686269,0.13902593031008342,10.883391377471353,10.883372609935437,201376,1391.2297395640533,7.23866187006657,0.5254299822105242,12.212934052149386,12.21292908632666
RUS,2022,478.0,,0.7427454918369859,0.7578805867958943,,,,1.1106394129979036,53767.30867661912,34.3,,0.91494,2657.93662,19569.0,84251.73,15619.6142578125,4.05402755323777,90.41799163,9.72984772707015,53.9151941239211,168.475831268436,19939.0332294434,14.388,41.2176399230957,144236933.0,6.371817578791766,,488.0,479.0,RUS,478.0,479.5,482.5,0.7427454918369859,0.7427454918369859,0.7427454918369859,0.7578805867958943,0.7578805867958943,0.7578805867958943,488.0,490.0,494.0,479.0,484.3333333333333,495.0,80.9520697471091,81.7051021681418,84.2355651240256,41.2176399230957,41.2176399230957,41.2176399230957,12.9053155381414,12.3246991949294,15.992066533226,43339.23045208308,42062.63811953096,32988.63293571044,1.0920879071743164,1.123080110854982,1.1249430281668742,15.209,16.329,16.389,0.6807004366135482,0.1501138756491782,0.4366976998718036,0.111143313156843,650.5833,176149,52580,650.5833,4.510518120903195,1.7066586515758093,0.001696999878388069,6.479405247179075,6.477869345096219,18.78696787346078,52580,364.53908791862625,5.901373217161576,0.13715115897632887,10.870110116741285,10.870091098283872,176149,1221.2475427496784,7.10844669102489,0.4594720331403833,12.079091183769384,12.079085506773422
RUS,2023,478.0,,0.7427454918369859,0.7578805867958943,,,,1.1106394129979036,49911.98419066397,33.3,,0.93518,2652.98533,19569.0,84251.73,14159.3876953125,4.16454853394225,92.24496346,9.72984772707015,93.7277679443359,180.841776534047,23603.5969263721,11.147,41.2176399230957,143826130.0,,,488.0,479.0,RUS,478.0,478.0,481.0,0.7427454918369859,0.7427454918369859,0.7427454918369859,0.7578805867958943,0.7578805867958943,0.7578805867958943,488.0,488.0,492.0,479.0,479.0,489.6666666666667,57.2232854739754,81.5681115998523,83.860044350614,41.2176399230957,41.2176399230957,41.2176399230957,9.19363897787208,11.3552822642706,15.7901190501232,40691.58083487984,40033.665634366465,32406.179249463778,1.10136366008611,1.1075840090146492,1.124011569510928,16.986,16.99,16.688,0.7193195872805264,0.1484343023870332,0.4617988832124339,0.094514892658413,604.85,160813,38699,604.85,4.205424980843189,1.6497013473108502,0.0015851670694474547,6.406632430677532,6.404980493405858,18.78411569745315,38699,269.0679364034894,5.598673543657521,0.10142081577341001,10.563594879017874,10.563569038890739,160813,1118.1069809776568,7.020286307832992,0.42145237982814504,11.988003696613712,11.987997478230303
SGP,2012,556.0,0.6886332088847303,0.7054055125668829,0.7264890009258659,1.5028115790441892,0.2614527944557571,55.0,1.6376436781609196,163581.3791471856,63.5,0.8412331746142453,1.91833,6514.09973,1081.0,10823.23,55547.5553077786,3.07084989547729,72.0,48.4626199153623,101.99681244982,152.410387392459,1898.94016625515,8.529,25.6777305603027,5312437.0,7.619890069892977,5.320493478972646,564.0,535.0,Singapore,,,,,,,,,,,,,,,,,,,,,,,,,,,,,,,,,,0.7869836704982507,0.2809631147627235,0.3178299042709521,0.3407980920928978,755.8833,18474,7190,755.8833,142.28560263397006,4.964839859681782,0.021842711737845938,6.629209080390912,6.6278869991846525,15.485561233320963,7190,1353.4278147674975,7.211134367205437,0.207768973590384,8.880585523102495,8.880446450715093,18474,3477.5000625889775,8.15435646335679,0.533842005300244,9.824173745816402,9.824119617152556
SGP,2013,556.0,0.7063034098545733,0.7004229126061983,0.7236304584376032,1.4502875413369265,0.2532007498358067,55.0,1.6437246963562753,162490.3927443671,59.41,0.8058102820900777,1.92104,6734.96456,1143.0,11085.5,56967.4257940383,2.85435009002686,80.90209961,50.3271857168025,97.4828537932812,156.679270675737,2549.46971400377,8.903,27.3384494781494,5399162.0,7.627636399344538,5.359880462193164,564.0,535.0,Singapore,,,,,,,,,,,,,,,,,,,,,,,,,,,,,,,,,,0.7849351934603229,0.2880513181766107,0.3419744554399946,0.3493592182022548,897.4333,19209,7508,897.4333,166.21714629047992,5.119293244976962,0.024679735848599612,6.800652468632235,6.799538800052002,15.50175431430685,7508,1390.5861687424826,7.238199504124113,0.2064726779709265,8.923857580099885,8.9237243977064,19209,3557.774336091416,8.177171476950718,0.5282543515108586,9.863186255762603,9.863134198186913
SGP,2014,556.0,0.6917573527416145,0.6954403126455136,0.7207719159493404,1.7682369910319868,0.2753288975347082,55.0,1.679310344827586,177415.09852852882,59.24,0.8298236100556259,2.08228,6756.24778,1303.0,11333.21,57564.8023114977,3.01358665503678,79.0292358633435,50.6403255755208,92.9688951367424,148.478352479892,2544.00404846753,8.378,27.74241065979,5469724.0,7.636746985926131,5.477385425635804,564.0,535.0,Singapore,,,,,,,,,,,,,,,,,,,,,,,,,,,,,,,,,,0.7779351717672851,0.2947504903039971,0.3331029200512048,0.3597120355072921,954.45,21050,8316,954.45,174.49692159970047,5.1676215020096326,0.025827489944381592,6.86218243368738,6.861135258346911,15.514738716086773,8316,1520.3692178983802,7.327366009611296,0.22503159555500793,9.026056891868688,9.025936648977904,21050,3848.4574358779346,8.255687491604872,0.569614608758167,9.954703343920398,9.954655839110528
SGP,2015,556.0,0.7008402187473151,0.690457712684829,0.7179133734610778,1.547979768626919,0.2187312136537868,55.0,1.728285641934667,169586.13465081723,59.36,0.8635374858473966,2.17445,7134.93412,1469.0,11536.92,55645.6068614606,2.99161870509909,79.0129570025584,52.2174549984101,88.4549364802036,149.006215002154,3585.18388972579,8.894,28.2105293273926,5535002.0,7.642695328413859,5.5850060386924465,564.0,535.0,Singapore,556.0,,,0.7054055125668829,,,0.7264890009258659,,,564.0,,,535.0,,,101.99681244982,,,25.6777305603027,,,48.4626199153623,,,163581.3791471856,,,1.6376436781609196,,,8.529,,,0.7711879264427937,0.303009984269002,0.3338310834909868,0.3700675036924175,923.9262,22063,8593,923.9262,166.9242757274523,5.123513138072031,0.023395349266021295,6.829713950545746,6.828632198322025,15.526602485461757,8593,1552.4836305388867,7.348255191628494,0.21758906311231457,9.058819564334941,9.058703197313223,22063,3986.0870872314044,8.290816189939745,0.5586718840273475,10.001702600033083,10.001657276308372
SGP,2016,556.7142857142857,0.7020767485127513,0.6854751127241443,0.7150548309728151,1.7709226321377844,0.2034170149730282,55.0,1.656311637080868,167223.02863032464,59.16,0.8465064633773423,2.06892,7052.85651,1601.0,12074.78,57005.5887176547,2.94466258946576,84.4522678893074,52.2327295013631,83.9409778236648,151.681717052742,19060.746532679,8.723,29.1279201507568,5607283.0,7.675272242334552,5.657813668413746,565.5714285714286,536.1428571428571,Singapore,556.0,,,0.7004229126061983,,,0.7236304584376032,,,564.0,,,535.0,,,97.4828537932812,,,27.3384494781494,,,50.3271857168025,,,162490.3927443671,,,1.6437246963562753,,,8.903,,,0.7687422702468547,0.3002938784955529,0.3650092465999078,0.3591511515160269,873.95,22755,8432,873.95,155.85979876528438,5.055352404889935,0.022098818903276453,6.774166741867757,6.773023165781096,15.539576846455615,8432,1503.7585939571804,7.31638776163083,0.21321270209099724,9.039907859574642,9.039789270781144,22755,4058.1151334790843,8.308720281422843,0.5753860336907782,10.032584125870539,10.032540180450741
SGP,2017,557.4285714285714,0.6971691996116358,0.6804925127634597,0.7121962884845523,1.6624629238143314,0.2081132978300976,55.0,1.647211720226843,167126.5643472659,58.69,0.8458587716136176,1.89683,6950.10748,1609.0,12189.62,61236.251270627,2.87916382421742,84.4522678893074,53.0720442885638,84.7929138455372,149.567868255938,58690.3334543186,9.338,30.7051792144775,5612253.0,7.683848112213852,5.661897872617355,567.1428571428571,537.2857142857143,Singapore,556.0,556.0,,0.6954403126455136,0.7054055125668829,,0.7207719159493404,0.7264890009258659,,564.0,564.0,,535.0,535.0,,92.9688951367424,101.99681244982,,27.74241065979,25.6777305603027,,50.6403255755208,48.4626199153623,,177415.09852852882,163581.3791471856,,1.679310344827586,1.6376436781609196,,8.378,8.529,,0.7741014989053507,0.299119430692548,0.3964153861365581,0.3637412674192861,904.3333,23386,8230,904.3333,161.13551901526893,5.0884325226615,0.023184608220658615,6.808303163191625,6.807197987131256,15.54046280115554,8230,1466.4342466385604,7.291270744319241,0.21099447035293337,9.015662792972645,9.015541293671115,23386,4166.953984433702,8.335180543169212,0.5995524524512393,10.05993559141207,10.059892831700264
SGP,2018,558.1428571428571,0.691383563437407,0.6755099128027751,0.7093377459962896,1.7890622230229218,0.2382088513309687,55.0,1.5821501014198782,172719.4036430329,59.83,0.8881176372062595,1.80836,7002.45715,1575.0,12072.15,66881.6067035265,2.85314011573792,88.1656360313447,51.57228009959,88.8864453410769,152.07381696158,84713.8583596575,8.437,31.5955905914307,5638676.0,7.669474111930973,5.635934983482017,568.7142857142857,538.4285714285714,Singapore,556.0,556.0,,0.690457712684829,0.7004229126061983,,0.7179133734610778,0.7236304584376032,,564.0,564.0,,535.0,535.0,,88.4549364802036,97.4828537932812,,28.2105293273926,27.3384494781494,,52.2174549984101,50.3271857168025,,169586.13465081723,162490.3927443671,,1.728285641934667,1.6437246963562753,,8.894,8.903,,0.7798990171414975,0.3059205801677557,0.43253746162639,0.3488077613997408,930.7857,24046,7703,930.7857,165.07167640063022,5.1124194807099546,0.023573393291043587,6.837102852624025,6.836029068181631,15.545159844142681,7703,1366.10083643749,7.220447598771195,0.1950887820052551,8.949494953477961,8.949365142352965,24046,4264.476270670632,8.35830912325055,0.6089971247693579,10.08776552762847,10.087723941534854
SGP,2019,558.8571428571429,0.7492830523158381,0.6705273128420904,0.7064792035080268,1.932525479638008,0.2319584586853876,55.0,1.549200087661626,165850.2652190271,58.37,0.8431542570723238,1.88845,7509.61271,1727.0,12086.28,65952.0378959293,2.72783994674683,88.9492526850762,51.8165690079601,91.0889904414776,159.347378272364,122481.379641414,7.629,32.3696517944336,5703569.0,7.65920587781884,5.716346105058457,570.2857142857143,539.5714285714286,Singapore,556.7142857142857,556.0,556.0,0.6854751127241443,0.6954403126455136,0.7054055125668829,0.7150548309728151,0.7207719159493404,0.7264890009258659,565.5714285714286,564.0,564.0,536.1428571428571,535.0,535.0,83.9409778236648,92.9688951367424,101.99681244982,29.1279201507568,27.74241065979,25.6777305603027,52.2327295013631,50.6403255755208,48.4626199153623,167223.02863032464,177415.09852852882,163581.3791471856,1.656311637080868,1.679310344827586,1.6376436781609196,8.723,8.378,8.529,0.783403821056545,0.3179387208524183,0.4723878182613995,0.338548674943545,1433.4595,25027,6945,1433.4595,251.32675698321523,5.5307249022760105,0.03346733935407106,7.268543402189126,7.267846032395538,15.556602677211574,6945,1217.6586274313504,7.105506047137468,0.16214666114670384,8.845921233304018,8.845777255188445,25027,4387.9542791539825,8.386846272489747,0.5843116614137591,10.127750477118255,10.127710521069902
SGP,2020,559.5714285714286,0.6989609804029298,0.6655447128814058,0.7036206610197642,1.8026166425513133,0.2210451331929483,55.0,1.5127922364358182,176768.70749547743,56.61,0.8521369328449034,2.15983,7503.32643,1778.0,12347.41,61410.0792630788,2.69227004051208,92.00434653,55.2615580095711,93.134767179468,150.259334715266,128377.730724944,10.558,32.9779891967773,5685807.0,7.683688913639776,5.748464110842249,571.8571428571429,540.7142857142857,Singapore,557.4285714285714,556.0,556.0,0.6804925127634597,0.690457712684829,0.7004229126061983,0.7121962884845523,0.7179133734610778,0.7236304584376032,567.1428571428571,564.0,564.0,537.2857142857143,535.0,535.0,84.7929138455372,88.4549364802036,97.4828537932812,30.7051792144775,28.2105293273926,27.3384494781494,53.0720442885638,52.2174549984101,50.3271857168025,167126.5643472659,169586.13465081723,162490.3927443671,1.647211720226843,1.728285641934667,1.6437246963562753,9.338,8.894,8.903,0.7861036147868423,0.3196798328538176,0.47607128503073,0.3647796062774563,1548.0833,28230,5347,1548.0833,272.2715174820391,5.61046587045965,0.03628677494203582,7.345418615601042,7.344772864071402,15.553483627599066,5347,940.411800822645,6.847380664285378,0.12533265207050906,8.584477938221834,8.584290934948731,28230,4964.99441504082,8.510368841428095,0.6617057729475352,10.24817594392868,10.248140521247535
SGP,2021,560.2857142857143,0.6976824457775912,0.6655447128814058,0.7036206610197642,2.071483232674761,0.1935408590178574,55.0,1.4895299145299146,194959.51844404865,57.8,0.8763277295009655,1.93761,7956.39818,2024.0,12611.05,80056.1288247844,2.82732009887695,96.92468156,54.9722752514087,97.0989103061521,157.977675166643,176692.094677134,9.499,36.0645790100098,5453566.0,7.746491336083264,5.919252149857195,573.4285714285714,541.8571428571429,Singapore,558.1428571428571,556.7142857142857,556.0,0.6755099128027751,0.6854751127241443,0.6954403126455136,0.7093377459962896,0.7150548309728151,0.7207719159493404,568.7142857142857,565.5714285714286,564.0,538.4285714285714,536.1428571428571,535.0,88.8864453410769,83.9409778236648,92.9688951367424,31.5955905914307,29.1279201507568,27.74241065979,51.57228009959,52.2327295013631,50.6403255755208,172719.4036430329,167223.02863032464,177415.09852852882,1.5821501014198782,1.656311637080868,1.679310344827586,8.437,8.723,8.378,0.8046413797015661,0.350839433428874,0.54646581443269,0.364721387366857,1769.6167,28313,6628,1769.6167,324.48799556106957,5.7853255809718265,0.04078327758617399,7.479083182963487,7.478518248444426,15.511780264597313,6628,1215.3515699635798,7.103611140774808,0.15275147654357082,8.79920924224139,8.799058378546453,28313,5191.648913756613,8.554999233963331,0.6525124555489018,10.251111660954443,10.251076342113603
SGP,2022,561.0,0.7226801964690021,0.6655447128814058,0.7036206610197642,1.822945318434028,0.2283373458665812,55.0,1.4895299145299146,185930.82767876395,57.3,0.8839090986410777,1.80821,8781.74332,2024.0,12700.34,90299.0694637269,2.47478008270264,95.95386476,56.8269189876243,98.02222650098,173.005291258141,212649.338604675,7.924,36.193660736084,5637022.0,7.720471881510893,,575.0,543.0,Singapore,558.8571428571429,557.4285714285714,556.0,0.6705273128420904,0.6804925127634597,0.690457712684829,0.7064792035080268,0.7121962884845523,0.7179133734610778,570.2857142857143,567.1428571428571,564.0,539.5714285714286,537.2857142857143,535.0,91.0889904414776,84.7929138455372,88.4549364802036,32.3696517944336,30.7051792144775,28.2105293273926,51.8165690079601,53.0720442885638,52.2174549984101,165850.2652190271,167126.5643472659,169586.13465081723,1.549200087661626,1.647211720226843,1.728285641934667,7.629,9.338,8.894,0.8085770779646386,0.3798556258096008,0.5802364948570644,0.3597873998372032,1680.7928,27998,9459,1680.7928,298.170345973459,5.701013130137224,0.03395343442735229,7.42761564626227,7.427020865847175,15.544866469841265,9459,1678.0136745962673,7.42596180153292,0.19107979058949168,9.154827662045925,9.15472194821317,27998,4966.80694167949,8.510733762487758,0.5655832516042486,10.239924074233857,10.23988835803477
SGP,2023,561.0,0.7220370883059001,0.6655447128814058,0.7036206610197642,2.066188926383757,0.1855059044469892,55.0,1.4895299145299146,185930.82767876395,61.5,0.8900268606868147,1.80821,8781.74332,2024.0,12700.34,85412.230345235,2.1037700176239,94.28518987,56.1383758562278,97.2886546863037,173.199932977376,228648.442759691,8.515,36.193660736084,5917648.0,,,575.0,543.0,Singapore,559.5714285714286,558.1428571428571,556.7142857142857,0.6655447128814058,0.6755099128027751,0.6854751127241443,0.7036206610197642,0.7093377459962896,0.7150548309728151,571.8571428571429,568.7142857142857,565.5714285714286,540.7142857142857,538.4285714285714,536.1428571428571,93.134767179468,88.8864453410769,83.9409778236648,32.9779891967773,31.5955905914307,29.1279201507568,55.2615580095711,51.57228009959,52.2327295013631,176768.70749547743,172719.4036430329,167223.02863032464,1.5127922364358182,1.5821501014198782,1.656311637080868,10.558,8.437,8.723,0.8078654957252228,0.3724331949819667,0.5779485044727299,0.3600401679532223,1748.1333,29105,8148,1748.1333,295.4101528174707,5.691744146605429,0.03363912403869608,7.466875687094377,7.466303811889179,15.59344963061941,8148,1376.898389360097,7.228314711090035,0.15679100825280068,9.00565049932022,9.005527777346696,29105,4918.3391779977455,8.500929487050406,0.5600641010306534,10.278699617473272,10.278665259705836
SVK,2012,471.0,,0.6633004808423552,0.6664658837351588,,,,1.1644963595735385,49181.86585908579,41.4,,0.79377,2827.14865,168.0,4189.34,17516.9691054078,3.85490989685059,76.7099901181121,9.56862397042366,57.0384407043457,112.758768895687,357.646185104277,34.102,13.7725574976928,5407579.0,6.653786957142389,3.4678432835031816,482.0,463.0,SVK,,,,,,,,,,,,,,,,,,,,,,,,,,,,,,,,,,0.4622430810767182,0.1056869381584749,0.314435251705481,0.2050481337853917,30.3333,7901,2883,30.3333,5.609404874159027,1.8884936156437144,0.0019841209531585922,3.444681429771541,3.4122461189470377,15.503312046041517,2883,533.1406161611324,6.280659130440394,0.18857891188747092,7.96693349840484,7.9665866976384025,7901,1461.097470790533,7.287627307574781,0.5168095674030203,8.974871170971337,8.974744612722734
SVK,2013,467.6666666666667,,0.6633004808423552,0.6664658837351588,,,,1.1843529006721083,55036.18712990683,42.25,,0.8184,2723.15005,184.0,4390.13,18312.7805149823,4.06078004837036,77.8826,11.0149736185922,55.253978729248,114.749126777911,493.775345702778,33.711,14.7576264787918,5413393.0,6.699470373212301,3.555055822856972,479.6666666666667,459.6666666666667,SVK,,,,,,,,,,,,,,,,,,,,,,,,,,,,,,,,,,0.4575500485913747,0.1055651254745765,0.3267361343611819,0.2137019063886532,39.2333,8921,3186,39.2333,7.2474509055595995,2.10990417145779,0.002661421799198909,3.694695010934619,3.669525875980088,15.50438662613644,3186,588.5403110396751,6.379343099386193,0.21612481876996645,8.066835314417336,8.066521490469993,8921,1647.9498163166797,7.407893889298864,0.6051630597133932,9.09627541568821,9.096163326913784
SVK,2014,464.3333333333333,,0.6633004808423552,0.6664658837351588,,,,1.211182664669561,60276.84197951199,41.89,,0.87462,2723.67121,211.0,4941.0,18770.9289896545,4.20446014404297,79.9843017656729,11.14773596298,53.8843002319336,117.780685215586,657.728522367845,26.745,18.0583992004394,5418649.0,6.8165725660659735,3.687368199244565,477.3333333333333,456.3333333333333,SVK,,,,,,,,,,,,,,,,,,,,,,,,,,,,,,,,,,0.4623830898277687,0.1083111127422256,0.3408578378024753,0.1882967282885705,55.5333,10632,3864,55.5333,10.248550884177956,2.4202393100583777,0.003762770941863411,4.034829845066878,4.016982840824356,15.505357080352276,3864,713.0928761025118,6.571013032455046,0.26181312688711494,8.259716961021523,8.259458195332408,10632,1962.112696356601,7.582286602896818,0.7203926410620616,9.271717651651086,9.271623600393081
SVK,2015,461.0,,0.6633004808423552,0.6664658837351588,,,,1.1661102105328078,71339.87231091464,42.99,,1.15366,2658.90096,228.0,5066.29,16442.0760860018,4.56416988372803,77.6346820339875,11.1586996928016,52.7206687927246,123.158867497202,1068.43890474595,26.571,18.9221496582031,5423801.0,6.840637206102867,3.762058828628817,475.0,453.0,SVK,471.0,,,0.6633004808423552,,,0.6664658837351588,,,482.0,,,463.0,,,57.0384407043457,,,13.7725574976928,,,9.56862397042366,,,49181.86585908579,,,1.1644963595735385,,,34.102,,,0.457814290660092,0.1123340800439565,0.3515709952134029,0.1871760286025773,35.0,10568,3688,35.0,6.453039114082541,2.008621883984879,0.00242695730723364,3.58351893845611,3.5553480614894135,15.506307419138757,3688,679.9659500781831,6.5235123050142825,0.25573195854507613,8.213110697596676,8.212839584676484,10568,1948.449067360694,7.575302082080179,0.7328024235098602,9.265680467009346,9.26558584620216
SVK,2016,462.0,,0.6633004808423552,0.6664658837351588,,,,1.211632279515689,50060.30112269271,41.7,,0.78513,2609.14992,220.0,5485.35,16636.0769133073,3.88375997543335,80.475857275668,10.7371880441488,50.3014488220215,128.792489910653,3240.77603328277,22.274,19.6366405487061,5430798.0,6.918739661774877,3.725927144887245,478.6666666666667,454.6666666666667,SVK,467.6666666666667,,,0.6633004808423552,,,0.6664658837351588,,,479.6666666666667,,,459.6666666666667,,,55.253978729248,,,14.7576264787918,,,11.0149736185922,,,55036.18712990683,,,1.1843529006721083,,,33.711,,,0.4628809835927964,0.1000269749661226,0.345691650168514,0.1616088293555434,44.1333,11017,3679,44.1333,8.126485278959002,2.211180656519785,0.003114610324484154,3.809620333257355,3.7872145995475037,15.507596642438328,3679,677.4326719572335,6.519785243632341,0.2596373120473022,8.210668031162976,8.210396255104774,11017,2028.615315833879,7.615601554489295,0.7775004802460257,9.307285578032662,9.307194813340065
SVK,2017,463.0,,0.6633004808423552,0.6664658837351588,,,,1.2280395810612093,55493.32477368032,43.43,,0.88153,2803.05136,183.0,5691.88,17645.5298716761,3.91876006126404,81.6256675172655,11.7654202302728,49.1256103515625,130.944551759663,6963.66692944886,18.962,20.6823902130127,5439232.0,6.9541131585857565,3.545137703824788,482.3333333333333,456.3333333333333,SVK,464.3333333333333,471.0,,0.6633004808423552,0.6633004808423552,,0.6664658837351588,0.6664658837351588,,477.3333333333333,482.0,,456.3333333333333,463.0,,53.8843002319336,57.0384407043457,,18.0583992004394,13.7725574976928,,11.14773596298,9.56862397042366,,60276.84197951199,49181.86585908579,,1.211182664669561,1.1644963595735385,,26.745,34.102,,0.470458924641527,0.1088070399082202,0.3557936136355876,0.1548232781962937,46.0,10897,3404,46.0,8.457076293123736,2.246763275371431,0.0030170964448984396,3.8501476017100584,3.828641396489095,15.509148432395202,3404,625.8236456911565,6.440665234229724,0.22326513692248454,8.133000218583613,8.132706489693264,10897,2003.4078340471597,7.603103951502977,0.7147239121751804,9.296334565143043,9.296242800976886
SVK,2018,464.0,,0.6633004808423552,0.6664658837351588,,,,1.2375442023830996,54211.81480139112,42.88,,0.83184,3003.38839,217.0,5237.95,19573.3717031314,3.93534994125366,80.4489224826099,10.6364834767426,47.8138313293457,133.040480361667,12993.3863567974,14.971,21.8907604217529,5446771.0,6.869701850012529,3.70966488549817,486.0,458.0,SVK,461.0,467.6666666666667,,0.6633004808423552,0.6633004808423552,,0.6664658837351588,0.6664658837351588,,475.0,479.6666666666667,,453.0,459.6666666666667,,52.7206687927246,55.253978729248,,18.9221496582031,14.7576264787918,,11.1586996928016,11.0149736185922,,71339.87231091464,55036.18712990683,,1.1661102105328078,1.1843529006721083,,26.571,33.711,,0.4785457145838926,0.1142423521520939,0.3604911674229011,0.1332009154242838,44.8667,11071,3192,44.8667,8.237302431110102,2.223249898344393,0.0027426697321388067,3.8257393635750554,3.803695871484292,15.510533513991314,3192,586.0352858601913,6.375084930219372,0.19512470908239452,8.068716192714781,8.068402958569699,11071,2032.5804040595795,7.617553264304763,0.6767624230110244,9.31217467785745,9.312084355859467
SVK,2019,463.5,,0.6633004808423552,0.6664658837351588,,,,1.1438648444257409,51140.985289124816,42.05,,0.82138,3116.82472,206.0,5845.98,19406.0589683582,4.26779985427856,82.8536605021784,9.91238882702626,48.1902389526367,135.755672834643,20091.3176707558,16.12,22.8579196929932,5454147.0,6.978065826758619,3.657631939172198,480.5,455.25,SVK,462.0,464.3333333333333,471.0,0.6633004808423552,0.6633004808423552,0.6633004808423552,0.6664658837351588,0.6664658837351588,0.6664658837351588,478.6666666666667,477.3333333333333,482.0,454.6666666666667,456.3333333333333,463.0,50.3014488220215,53.8843002319336,57.0384407043457,19.6366405487061,18.0583992004394,13.7725574976928,10.7371880441488,11.14773596298,9.56862397042366,50060.30112269271,60276.84197951199,49181.86585908579,1.211632279515689,1.211182664669561,1.1644963595735385,22.274,26.745,34.102,0.476427850364271,0.116315771303721,0.3875373900554797,0.1226105012912437,39.75,11982,2981,39.75,7.288032390766146,2.1148125936617763,0.002338287534746627,3.7074558396868715,3.6826098411003407,15.511886794719723,2981,546.556592625758,6.305465821875306,0.17535685889508668,8.000349495324684,8.000014093678072,11982,2196.860480658112,7.69523965736115,0.7048392765115493,9.391244257682517,9.39116080264387
SVK,2020,463.0,,0.6633004808423552,0.6664658837351588,,,,1.1534922313848943,55418.80217641893,39.7,,0.88944,3167.43232,206.0,5671.55,19735.4858280801,4.720290184021,89.92090413,9.99741446798114,48.3790016174316,133.632904273198,25918.3886941279,19.438,23.620490640406,5458827.0,6.946945826528449,3.656796376628999,475.0,452.5,SVK,463.0,461.0,467.6666666666667,0.6633004808423552,0.6633004808423552,0.6633004808423552,0.6664658837351588,0.6664658837351588,0.6664658837351588,482.3333333333333,475.0,479.6666666666667,456.3333333333333,453.0,459.6666666666667,49.1256103515625,52.7206687927246,55.253978729248,20.6823902130127,18.9221496582031,14.7576264787918,11.7654202302728,11.1586996928016,11.0149736185922,55493.32477368032,71339.87231091464,55036.18712990683,1.2280395810612093,1.1661102105328078,1.1843529006721083,18.962,26.571,33.711,0.4733219011999757,0.1199812903922135,0.4259821576000324,0.1413058029413971,38.3429,12682,2844,38.3429,7.024018163609141,2.0824393143172344,0.0022175748221225262,3.6723155265632665,3.646569373776313,15.512744489475873,2844,520.991048076812,6.257650438457451,0.16448371912704737,7.953318346560431,7.952966790923131,12682,2323.209729855883,7.751135359104717,0.7334678361354483,9.448017793067429,9.447938944259977
SVK,2021,462.5,,0.6633004808423552,0.6664658837351588,,,,1.2411709263041937,62070.262969874966,40.2,,0.90093,3211.13115,146.0,5844.28,22123.3342114545,4.71766996383667,88.92560523,9.00138940151075,50.7342491149902,135.268252737261,31322.794798914,21.211,24.5144290300275,5447247.0,6.979039971259016,3.325127016256168,469.5,449.75,SVK,464.0,462.0,464.3333333333333,0.6633004808423552,0.6633004808423552,0.6633004808423552,0.6664658837351588,0.6664658837351588,0.6664658837351588,486.0,478.6666666666667,477.3333333333333,458.0,454.6666666666667,456.3333333333333,47.8138313293457,50.3014488220215,53.8843002319336,21.8907604217529,19.6366405487061,18.0583992004394,10.6364834767426,10.7371880441488,11.14773596298,54211.81480139112,50060.30112269271,60276.84197951199,1.2375442023830996,1.211632279515689,1.211182664669561,14.971,22.274,26.745,0.4728350735144053,0.1249343405387155,0.4295477096945524,0.160081793118474,38.819,13280,3866,38.819,7.126352082070081,2.0951121244721094,0.002219265345817495,3.684344185312175,3.658909817491504,15.510620901399763,3866,709.7163025653142,6.566273338313695,0.22101753849739653,8.260234291607297,8.259975659768276,13280,2437.9287372134954,7.799314179754418,0.7592118239124226,9.49408972140025,9.494014423030425
SVK,2022,462.0,,0.6633004808423552,0.6664658837351588,,,,1.1881193371269154,61475.010463950406,34.3,,0.97686,3387.47411,146.0,5390.39,21317.7943982363,4.65688991546631,89.06766196,8.49041601420597,52.4959106445312,136.029289645522,36900.6169648393,19.924,25.7726848924658,5431752.0,6.901118449585386,,464.0,447.0,SVK,463.5,463.0,461.0,0.6633004808423552,0.6633004808423552,0.6633004808423552,0.6664658837351588,0.6664658837351588,0.6664658837351588,480.5,482.3333333333333,475.0,455.25,456.3333333333333,453.0,48.1902389526367,49.1256103515625,52.7206687927246,22.8579196929932,20.6823902130127,18.9221496582031,9.91238882702626,11.7654202302728,11.1586996928016,51140.985289124816,55493.32477368032,71339.87231091464,1.1438648444257409,1.2280395810612093,1.1661102105328078,16.12,18.962,26.571,0.4732078406279139,0.1296791528389272,0.4338158104625568,0.1454388481859834,43.3333,11585,4204,43.3333,7.9777758631100975,2.194752174923368,0.0023550809848433343,3.7917360876736623,3.7689213925564076,15.507772291802878,4204,773.967589094642,6.652821207955802,0.22847926329823431,8.344029572407049,8.343791731996841,11585,2132.829333887114,7.665673453915241,0.629622327618945,9.35755275165657,9.357466436866476
SVK,2023,462.0,,0.6633004808423552,0.6664658837351588,,,,1.1446531009849552,72553.30486734018,36.2,,1.03359,3506.62001,146.0,5390.39,24614.8734642794,4.65688991546631,87.2131343,9.7184584659913,53.417610168457,138.232946210214,39911.9913612961,19.867,25.2886278348116,5426740.0,,,464.0,447.0,SVK,463.0,464.0,462.0,0.6633004808423552,0.6633004808423552,0.6633004808423552,0.6664658837351588,0.6664658837351588,0.6664658837351588,475.0,486.0,478.6666666666667,452.5,458.0,454.6666666666667,48.3790016174316,47.8138313293457,50.3014488220215,23.620490640406,21.8907604217529,19.6366405487061,9.99741446798114,10.6364834767426,10.7371880441488,55418.80217641893,54211.81480139112,50060.30112269271,1.1534922313848943,1.2375442023830996,1.211632279515689,19.438,14.971,22.274,0.4721947575774408,0.1390219158927447,0.4333776011093425,0.1493781240016599,50.8667,12276,3345,50.8667,9.373343849161744,2.3392394243782393,0.0026730423662761635,3.948676965749497,3.929208485490027,15.506849143292765,3345,616.3921617766837,6.425504416452458,0.17577957121641008,8.11552088154677,8.11522197256233,12276,2262.1315928163135,7.724504793662887,0.6451031438722422,9.41548287218084,9.415401415739627
SVN,2012,514.0,,,,,,,1.4127372259427144,133874.7983033672,49.9,,2.58339,4330.67354,255.0,3561.91,22442.1417859955,5.6702299118042,68.3499745287825,6.66177191299701,89.0215606689453,109.148058194505,967.353520073072,20.649,18.2173099517822,2057159.0,7.457303669183705,,501.0,481.0,SVN,,,,,,,,,,,,,,,,,,,,,,,,,,,,,,,,,,0.5728360448555887,0.2018021640254753,0.3454784017270897,0.2052486231045438,108.5,6660,2291,108.5,52.74264167232577,3.9842067585167116,0.012178854209436846,4.695924549256556,4.686750172980514,14.536836462682349,2291,1113.6718163253302,7.016315305434899,0.25715903220110425,7.73718007783463,7.736743682453495,6660,3237.474594817416,8.082857693854644,0.7475683782013769,8.804024902413179,8.803874763534434
SVN,2013,513.6666666666666,,,,,,,1.39600110110647,142293.34480967835,47.32,,2.59426,4236.51087,255.0,3573.94,23236.9655321695,5.46767997741699,72.6756,6.73818283854427,87.8572082519531,111.044907196462,1215.56171427212,21.665,18.2173099517822,2059953.0,7.459316956142997,,504.0,489.0,SVN,,,,,,,,,,,,,,,,,,,,,,,,,,,,,,,,,,0.5824488413024547,0.2013595518655344,0.3538122291839348,0.2120842214368001,124.7857,7282,2448,124.7857,60.576964620066576,4.1202878496294275,0.014298786543669737,4.834579665309107,4.826597866036822,14.538193724971505,2448,1188.3766280104448,7.081184606844386,0.2805083391678976,7.803435056952168,7.803026643632217,7282,3535.0321099559064,8.170760504586186,0.8344206396326103,8.893298144217916,8.893160828735379
SVN,2014,513.3333333333334,,,,,,,1.369809122181208,137647.7265991248,47.23,,2.38854,4166.88131,255.0,3516.41,24013.0682060959,5.34328985214233,71.5862515855601,6.41719007974407,84.3780288696289,113.019086174171,1558.2110398743,20.236,18.2173099517822,2061980.0,7.44211539152735,,507.0,497.0,SVN,,,,,,,,,,,,,,,,,,,,,,,,,,,,,,,,,,0.5889180250694788,0.1944941001799827,0.3489475496850031,0.1989050983295969,145.1667,7721,2630,145.1667,70.4016042832617,4.268320338046361,0.01689551466568212,4.984747751194273,4.9778827372455465,14.539177244190956,2630,1275.4730889727348,7.15185615457348,0.3060977729103436,7.875119281040293,7.874739125171811,7721,3744.4592091096906,8.228299507689117,0.8986239181143585,8.951828676824181,8.951699168308815
SVN,2015,513.0,,,,,,,1.3662768271003278,119554.17333896068,48.49,,2.21611,3836.54008,255.0,3602.54,20697.2748530619,4.95528984069824,73.0986599745829,7.00769445649105,82.1997833251953,114.271192414174,2188.96638819577,16.299,18.8112297058106,2063531.0,7.465548473023073,,510.0,505.0,SVN,514.0,,,,,,,,,501.0,,,481.0,,,89.0215606689453,,,18.2173099517822,,,6.66177191299701,,,133874.7983033672,,,1.4127372259427144,,,20.649,,,0.600429928521798,0.1769939404144943,0.3426924014631027,0.1739240885815037,71.4667,8322,2682,71.4667,34.63320880568308,3.5732780346612665,0.009027198487050102,4.283127146000495,4.269231606946339,14.539929151081072,2682,1299.7139369362517,7.170668574962895,0.3387724120781899,7.894690850425624,7.894318063841624,8322,4032.8931331780336,8.302487226635742,1.0511797215938465,9.026778045746095,9.026657889542886
SVN,2016,511.0,,,,,,,1.3743916363905986,110467.56597843516,45.97,,2.02922,3939.83347,255.0,3440.93,21447.8377796036,4.84419012069702,75.4985042610791,7.14418674805758,79.4747467041016,115.736307790972,5630.87820974101,15.243,19.643310546875,2065042.0,7.418946458125038,,509.6666666666667,501.6666666666667,SVN,513.6666666666666,,,,,,,,,504.0,,,489.0,,,87.8572082519531,,,18.2173099517822,,,6.73818283854427,,,142293.34480967835,,,1.39600110110647,,,21.665,,,0.5951421158240933,0.1743181134893771,0.3507649869117622,0.1662559204615297,68.25,8315,2603,68.25,33.050175250672865,3.5278351794449154,0.008388723914940716,4.237723145067448,4.223177434065069,14.540661123153487,2603,1260.5070502198018,7.140062356824751,0.31993916997202465,7.86480400332846,7.864419904994565,8315,4026.552486583808,8.300914147016817,1.022010833007063,9.025936648977904,9.025816391627028
SVN,2017,509.0,,,,,,,1.3720204885721443,97234.84290127912,45.8,,1.88219,4510.81305,255.0,3502.91,23303.077705959,4.82381010055542,78.8854263554775,6.50844824804584,79.2703475952148,118.461993493049,19594.093655209,11.24,20.681209564209,2066388.0,7.436136907202385,,509.3333333333333,498.3333333333333,SVN,513.3333333333334,514.0,,,,,,,,507.0,501.0,,497.0,481.0,,84.3780288696289,89.0215606689453,,18.2173099517822,18.2173099517822,,6.41719007974407,6.66177191299701,,137647.7265991248,133874.7983033672,,1.369809122181208,1.4127372259427144,,20.236,20.649,,0.5944126879625728,0.1846183479715557,0.3754680281928819,0.1391018562372785,88.8667,8046,2433,88.8667,43.00581497763247,3.784321783768641,0.009533938671573292,4.498327461289855,4.487137494170201,14.541312713545977,2433,1177.4168258816835,7.071927143629038,0.2610209762254908,7.797291273547472,7.796880342783522,8046,3893.7508347899816,8.267384985729759,0.8632037709454577,8.993054630146133,8.992930352509733
SVN,2018,507.0,,,,,,,1.354136783857432,104159.75017817132,46.87,,1.96365,4880.49036,255.0,3390.46,25888.0481065655,4.97948980331421,79.7499765956562,6.83053982321457,77.3015975952148,119.153401263409,33018.0809626721,8.817,20.7278361425149,2073894.0,7.399904382988262,4.819935569326523,509.0,495.0,SVN,513.0,513.6666666666666,,,,,,,,510.0,504.0,,505.0,489.0,,82.1997833251953,87.8572082519531,,18.8112297058106,18.2173099517822,,7.00769445649105,6.73818283854427,,119554.17333896068,142293.34480967835,,1.3662768271003278,1.39600110110647,,16.299,21.665,,0.5858194428764655,0.1989407976265735,0.3958674528773168,0.1302658256691435,122.5,8768,2481,122.5,59.067628335874446,4.095471066409175,0.012102806066371258,4.816241156068032,4.808111029984782,14.544938557497325,2481,1196.3002930718735,7.087824545500078,0.2451188722503436,7.8168199657645525,7.816416983691801,8768,4227.7956346852825,8.34967251156735,0.866264519101577,9.078978053779355,9.078864009187797
SVN,2019,505.25,,,,,,,1.322868377019967,104941.14830000086,45.25,,2.05725,5060.56961,243.5,3765.7,25814.1687167572,4.93479013442993,83.1083578026717,7.35392450360767,76.4720077514648,120.568876746571,42529.9932723133,8.136,21.5090999603271,2088385.0,7.497852433029358,,503.0,488.5,SVN,511.0,513.3333333333334,514.0,,,,,,,509.6666666666667,507.0,501.0,501.6666666666667,497.0,481.0,79.4747467041016,84.3780288696289,89.0215606689453,19.643310546875,18.2173099517822,18.2173099517822,7.14418674805758,6.41719007974407,6.66177191299701,110467.56597843516,137647.7265991248,133874.7983033672,1.3743916363905986,1.369809122181208,1.4127372259427144,15.243,20.236,20.649,0.5742400614641452,0.2057814807425416,0.4143243406591693,0.1254566973270869,84.0,9009,2169,84.0,40.222468558239974,3.718983461059721,0.007948209719071522,4.442651256490317,4.430816798843313,14.551901597960658,2169,1038.6015988431252,6.946592840706827,0.20523412953173964,7.682482446534506,7.682021510826875,9009,4313.859752871237,8.369820100757856,0.8524454923704207,9.106090350602384,9.10597935665144
SVN,2020,503.5,,,,,,,1.296308075148951,105519.9186595686,42.91,,2.15559,5187.16109,232.0,3964.77,25392.0651093612,5.41901016235352,86.60130109,7.79985278570807,75.8166809082031,121.331428226248,49112.4747255423,14.179,23.7546282692119,2102419.0,7.542644672864393,4.712670121076388,497.0,482.0,SVN,509.0,513.0,513.6666666666666,,,,,,,509.3333333333333,510.0,504.0,498.3333333333333,505.0,489.0,79.2703475952148,82.1997833251953,87.8572082519531,20.681209564209,18.8112297058106,18.2173099517822,6.50844824804584,7.00769445649105,6.73818283854427,97234.84290127912,119554.17333896068,142293.34480967835,1.3720204885721443,1.3662768271003278,1.39600110110647,11.24,16.299,21.665,0.5709740861464334,0.2110329669933441,0.4469851769792836,0.1515304416725693,78.6667,10235,1973,78.6667,37.41723224533264,3.6485061153215175,0.00721343170110274,4.377851681673356,4.365219940086225,14.558599144522308,1973,938.4428127789942,6.845286947154142,0.1809164582507682,7.587817219993427,7.587310506022615,10235,4868.20181895236,8.490685305098248,0.9385098581837874,9.23366619727968,9.23356849809539
SVN,2021,501.75,,,,,,,1.2533358492821156,119247.11892745722,44.1,,2.13847,5235.17998,222.0,4471.29,29192.8401933019,5.39167022705078,89.00399524,6.20930603257085,82.2400436401367,123.362924143622,55445.2655711669,12.846,26.5944067545062,2108079.0,7.660126489191064,4.6663513247694794,491.0,475.5,SVN,507.0,511.0,513.3333333333334,,,,,,,509.0,509.6666666666667,507.0,495.0,501.6666666666667,497.0,77.3015975952148,79.4747467041016,84.3780288696289,20.7278361425149,19.643310546875,18.2173099517822,6.83053982321457,7.14418674805758,6.41719007974407,104159.75017817132,110467.56597843516,137647.7265991248,1.354136783857432,1.3743916363905986,1.369809122181208,8.817,15.243,20.236,0.580599039225282,0.2174894722404126,0.4609734498454425,0.1409860312454716,93.2333,10792,2858,93.2333,44.22666323226027,3.811686807437839,0.00844797378527954,4.545773622299501,4.5351049540138195,14.561287664222007,2858,1355.736668312715,7.212837586702287,0.2589665825228639,7.958227192322312,7.957877358489813,10792,5119.352737729469,8.540978609748251,0.977875212941479,9.286653054825347,9.286560397887591
SVN,2022,500.0,,,,,,,1.2723669186613662,110898.4816998115,40.6,,2.1,5370.37458,222.0,4073.69,28360.3041467268,5.28065013885498,88.91248552,8.56978643924213,82.3922576904297,126.45918075971,61863.7776292141,10.14,26.0893187512836,2112076.0,7.565151484727979,,485.0,469.0,SVN,505.25,509.0,513.0,,,,,,,503.0,509.3333333333333,510.0,488.5,498.3333333333333,505.0,76.4720077514648,79.2703475952148,82.1997833251953,21.5090999603271,20.681209564209,18.8112297058106,7.35392450360767,6.50844824804584,7.00769445649105,104941.14830000086,97234.84290127912,119554.17333896068,1.322868377019967,1.3720204885721443,1.3662768271003278,8.136,11.24,16.299,0.5632575796154651,0.2177057289373328,0.4661145225899394,0.1354098192273038,114.3333,10058,3507,114.3333,54.13313725453061,4.009750937467707,0.010079955587479823,4.747826197372231,4.739117866952598,14.563181908009335,3507,1660.45161253667,7.415446964612023,0.3091872992845632,8.162801353492073,8.162516250140179,10058,4762.1392412015475,8.468662234302078,0.8867424739675325,9.216223035134337,9.21612361673191
SVN,2023,500.0,,,,,,,1.2541715605279398,124088.7286006814,42.2,,2.13385,5616.34857,222.0,4073.69,32660.4753581346,5.28065013885498,90.37794678,8.20345582131026,80.0806884765625,129.227963043737,63978.5405154822,9.948,22.0416035512248,2120461.0,,,485.0,469.0,SVN,503.5,507.0,511.0,,,,,,,497.0,509.0,509.6666666666667,482.0,495.0,501.6666666666667,75.8166809082031,77.3015975952148,79.4747467041016,23.7546282692119,20.7278361425149,19.643310546875,7.79985278570807,6.83053982321457,7.14418674805758,105519.9186595686,104159.75017817132,110467.56597843516,1.296308075148951,1.354136783857432,1.3743916363905986,14.179,8.817,15.243,0.5377915584754394,0.2305391366939622,0.4752010769528897,0.1372712785654195,88.8333,9958,2741,88.8333,41.89339016374269,3.7587177386258985,0.007459186274071071,4.497955730623359,4.486761579703198,14.567144075838945,2741,1292.6434393275802,7.1652178878843,0.2301572673448899,7.91644286012226,7.916078096302786,9958,4696.148620512237,8.454710927108747,0.8361569019410483,9.20623194393164,9.206131527202128
SWE,2012,485.0,0.6186396443020851,0.5922680173118997,0.5910686812132028,2.1297692032820423,0.1335069387188927,55.0,1.175241266519468,360758.2350992524,64.8,0.7842618511892726,3.24636,5196.71759,2288.0,19421.58,57749.5615420853,7.57456016540527,93.1799880065108,17.9838317924104,68.742301940918,124.465204900222,2392.48925402027,23.608,22.0398502349854,9519374.0,7.621301031698198,5.486256196499753,478.0,483.0,Sweden,,,,,,,,,,,,,,,,,,,,,,,,,,,,,,,,,,0.4518809778464971,0.3030014553544928,0.4972428994892207,0.3378292385370445,3534.4441,37517,14624,3534.4441,371.28955118267237,5.919671914899739,0.07144693640792443,8.170594199860043,8.170311309953334,16.068839648302987,14624,1536.2354709458837,7.337740933460818,0.29561650105867765,9.590487672100057,9.590419293693932,37517,3941.1204980495568,8.27947405499017,0.7583865064427249,10.532576096795353,10.532549442567325
SWE,2013,487.6666666666667,0.626063631596264,0.6121891218692319,0.6118208742696946,2.116406971291699,0.1121679256942119,55.0,1.1772923822407857,296680.6181699741,61.36,0.8456565889354667,3.27557,6717.6193,2332.0,20023.76,60843.9888799369,7.6465802192688,94.7836,18.0253832958642,65.7820892333984,125.141584605994,2690.51878056064,23.518,22.0398502349854,9600379.0,7.64335160502638,5.496787320371629,483.3333333333333,488.6666666666667,Sweden,,,,,,,,,,,,,,,,,,,,,,,,,,,,,,,,,,0.4809230006475305,0.3412272901314046,0.5052542825869407,0.307092271366677,3871.8337,39019,15665,3871.8337,403.3000884652575,6.002157395457628,0.06003616317841314,8.261741740302147,8.261483498093952,16.07731313482545,15665,1631.7064149238274,7.3979942941522845,0.24289950681245473,9.659248037927183,9.659184203386292,39019,4064.3187107508984,8.310247422537264,0.6050236741982236,10.571829614177101,10.571803985965566
SWE,2014,490.3333333333333,0.669330506142808,0.5983728450207072,0.6120947397668519,2.5031737522978044,0.1402008473507483,55.0,1.165022573269613,269445.9027901197,62.29,0.7995304044013339,3.12457,6909.46438,1984.0,21042.01,59583.4584491714,7.62924003601074,92.5236065037579,17.8774672401497,64.9541931152344,126.980024510044,3148.78853478354,22.821,22.5353202819824,9696110.0,7.683012112035325,5.326020762553673,488.6666666666667,494.3333333333333,Sweden,,,,,,,,,,,,,,,,,,,,,,,,,,,,,,,,,,0.4848696921309284,0.3387833633587735,0.5003830979738596,0.2887831852228361,3841.8667,41928,16887,3841.8667,396.2276314934546,5.984509495444928,0.05734563631883932,8.253973903520372,8.253713647255491,16.08723533211137,16887,1741.62628105498,7.4631486112024445,0.25206386273533116,9.734358589528156,9.734299374132137,41928,4324.208368098135,8.372215595800421,0.6258384341071217,10.643732990607813,10.643709140482002
SWE,2015,493.0,0.6177245444291752,0.628573445480042,0.641944772238228,2.453013231154102,0.1315339664285723,55.0,1.157543950916575,242318.80024884405,62.4,0.8011211185706272,3.24088,6846.13413,2038.0,21197.56,51188.1652120493,7.49442005157471,90.6101966398616,18.1290954128906,66.4283218383789,128.974452830716,4207.90053377903,20.363,22.9988498687744,9799186.0,7.679804210836766,5.34222160663862,494.0,500.0,Sweden,485.0,,,0.5922680173118997,,,0.5910686812132028,,,478.0,,,483.0,,,68.742301940918,,,22.0398502349854,,,17.9838317924104,,,360758.2350992524,,,1.175241266519468,,,23.608,,,0.5304118094578507,0.3284869581251697,0.4934286207153144,0.264515443965818,3782.9182,42909,16866,3782.9182,386.04412652234583,5.95853870855133,0.05638863031191382,8.238515312601958,8.23825100134876,16.097809878966537,16866,1721.1633701003327,7.451336552787429,0.2514066095430608,9.733114329258015,9.733055040134587,42909,4378.8330989941405,8.384765897391988,0.6396066766799002,10.666860177985571,10.66683687312301
SWE,2016,495.0,0.6396457803825072,0.5899510406822198,0.6005976772134795,2.4987490063518307,0.1371205732952731,55.0,1.1338148173669478,235697.06830442208,63.57,0.825218021575669,3.25643,7143.443,2032.0,21161.98,51703.5088332851,7.63991022109985,89.6509476102355,17.8376016375053,68.306037902832,126.401633330915,6205.93293315536,18.894,23.4782295227051,9923085.0,7.66556639460608,5.32678347065849,496.6666666666667,502.0,Sweden,487.6666666666667,,,0.6121891218692319,,,0.6118208742696946,,,483.3333333333333,,,488.6666666666667,,,65.7820892333984,,,22.0398502349854,,,18.0253832958642,,,296680.6181699741,,,1.1772923822407857,,,23.518,,,0.4963597217884737,0.336061415892269,0.4944508347008059,0.2506207219371429,3589.8167,44509,16838,3589.8167,361.7641791841952,5.893752979033999,0.05064283136075912,8.18613494864592,8.185856421682974,16.110374418817567,16838,1696.8513320202335,7.437118808279749,0.2375397034763536,9.73145290361031,9.73139351589761,44509,4485.399449868664,8.40880575477821,0.6279044222608993,10.7034691620099,10.703446694896137
SWE,2017,497.0,0.6555692413448859,0.5848349441048298,0.5997328314157095,2.645081713171367,0.1346545690327651,55.0,1.13702521328653,246809.2946425224,63.82,0.8281961517324523,3.39374,7316.6476,1992.0,21174.66,53210.2233318965,7.63849020004272,93.0062669652127,15.1103424459526,70.4342498779297,124.472904877796,13619.1203991212,17.873,23.9369201660156,10057698.0,7.652697025962417,5.2935924681907744,499.3333333333333,504.0,Sweden,490.3333333333333,485.0,,0.5983728450207072,0.5922680173118997,,0.6120947397668519,0.5910686812132028,,488.6666666666667,478.0,,494.3333333333333,483.0,,64.9541931152344,68.742301940918,,22.5353202819824,22.0398502349854,,17.8774672401497,17.9838317924104,,269445.9027901197,360758.2350992524,,1.165022573269613,1.175241266519468,,22.821,23.608,,0.5019644525482851,0.3463735694870519,0.5089317226615996,0.2420247193730666,3817.7917,45719,16643,3817.7917,379.5890172880514,5.941720098134745,0.05188018311665733,8.247689342663886,8.247427445437511,16.12384886941319,16643,1654.7524095473934,7.4120108126244215,0.22616264989274504,9.719805070102831,9.719744986586726,45719,4545.672379504734,8.422150899217865,0.6212780262240227,10.730291117908747,10.730269245403578
SWE,2018,499.0,0.6391600382819876,0.6779195532183816,0.6447289192154478,2.9298973872358083,0.1335601370685335,55.0,1.135602270912435,243408.14712082924,63.08,0.8159498698711343,3.34602,7425.66896,1838.0,21255.37,54018.4554391861,7.69825983047485,89.2469631588137,14.1643140590828,73.4083786010742,124.086284526267,18608.4538369414,17.398,30.9924607148911,10175214.0,7.644888683341809,5.201999297429223,502.0,506.0,Sweden,493.0,487.6666666666667,,0.628573445480042,0.6121891218692319,,0.641944772238228,0.6118208742696946,,494.0,483.3333333333333,,500.0,488.6666666666667,,66.4283218383789,65.7820892333984,,22.9988498687744,22.0398502349854,,18.1290954128906,18.0253832958642,,242318.80024884405,296680.6181699741,,1.157543950916575,1.1772923822407857,,20.363,23.518,,0.6119106260930012,0.3483300780212518,0.5039280024036137,0.2346928066955951,3917.05,46927,15805,3917.05,384.95996251282776,5.955733640025087,0.05184178887942612,8.273349360036125,8.273094098455436,16.135465321012795,15805,1553.284284733471,7.348770451605511,0.20917769067010372,9.668144893764921,9.668081624649718,46927,4611.893174924871,8.436610525892084,0.6210744378409337,10.756369791217232,10.756348481750502
SWE,2019,497.75,0.6869569023834433,0.6106271294832609,0.662028778540997,2.3016160844134763,0.1110318212635223,55.0,1.1463614247776683,228377.87426585183,63.65,0.8319005356257381,3.39847,7685.83827,1802.0,21466.94,51648.9892820514,7.66307020187378,94.4934434072202,14.5057835745267,75.1148529052734,125.456729050381,25688.2870684346,20.092,25.07958984375,10278887.0,7.644656080022726,5.172248400224649,497.0,501.25,Sweden,495.0,490.3333333333333,485.0,0.5899510406822198,0.5983728450207072,0.5922680173118997,0.6005976772134795,0.6120947397668519,0.5910686812132028,496.6666666666667,488.6666666666667,478.0,502.0,494.3333333333333,483.0,68.306037902832,64.9541931152344,68.742301940918,23.4782295227051,22.5353202819824,22.0398502349854,17.8376016375053,17.8774672401497,17.9838317924104,235697.06830442208,269445.9027901197,360758.2350992524,1.1338148173669478,1.165022573269613,1.175241266519468,18.894,22.821,23.608,0.5546280060447725,0.3519914124681401,0.5259959488565834,0.2423343305279943,3946.7334,49149,13920,3946.7334,383.96505380397707,5.953152560827679,0.049957472472807705,8.280896870411055,8.28064352841072,16.145602543647346,13920,1354.2322237806488,7.211728101493383,0.17619837631330337,9.541153770388567,9.54108193388841,49149,4781.548819439304,8.47272890919525,0.6221245687803554,10.802632125575313,10.802611779488373
SWE,2020,496.5,0.6356392141653705,0.5792155536206436,0.6599759693929292,2.4972435128684336,0.1579228680526734,55.0,1.1598066515682368,237386.98689175968,62.47,0.8665875143530022,3.50181,7754.64384,1764.0,21766.86,52568.5726980146,7.95333003997803,94.53943122,15.1359508380239,79.1196365356445,123.548656971054,32739.7400787101,23.891,32.541038761967,10353442.0,7.651300422351223,5.143872352711374,492.0,496.5,Sweden,497.0,493.0,487.6666666666667,0.5848349441048298,0.628573445480042,0.6121891218692319,0.5997328314157095,0.641944772238228,0.6118208742696946,499.3333333333333,494.0,483.3333333333333,504.0,500.0,488.6666666666667,70.4342498779297,66.4283218383789,65.7820892333984,23.9369201660156,22.9988498687744,22.0398502349854,15.1103424459526,18.1290954128906,18.0253832958642,246809.2946425224,242318.80024884405,296680.6181699741,1.13702521328653,1.157543950916575,1.1772923822407857,17.873,20.363,23.518,0.5616335461315606,0.3582367846013106,0.5399037335531539,0.2679062845745756,4104.0679,52245,10217,4104.0679,396.3964737524004,5.98493445678293,0.051117302345687156,8.319977562553628,8.319733931548049,16.152829582776178,10217,986.8215806878525,6.895502095091863,0.12725556467179444,9.231906149890744,9.231808278591423,52245,5046.147938048042,8.526578597986765,0.6507259446293335,10.863718611872649,10.86369947146821
SWE,2021,495.25,0.6526817844464009,0.581972087132558,0.6317163881270802,2.565573737373821,0.117188622329642,55.0,1.146429393906612,253867.55861878907,63.1,0.8298801278233642,3.41565,8159.79705,1771.0,22723.69,60647.5416365347,7.60224008560181,94.6703163,13.9348317468926,85.9426193237305,124.96149481991,38601.5068821813,24.555,32.6151400648583,10415811.0,7.688296594401852,5.141838786421541,487.0,491.75,Sweden,499.0,495.0,490.3333333333333,0.6779195532183816,0.5899510406822198,0.5983728450207072,0.6447289192154478,0.6005976772134795,0.6120947397668519,502.0,496.6666666666667,488.6666666666667,506.0,502.0,494.3333333333333,73.4083786010742,68.306037902832,64.9541931152344,30.9924607148911,23.4782295227051,22.5353202819824,14.1643140590828,17.8376016375053,17.8774672401497,243408.14712082924,235697.06830442208,269445.9027901197,1.135602270912435,1.1338148173669478,1.165022573269613,17.398,18.894,22.821,0.5471002656814637,0.3767859877980087,0.535671232352967,0.2728945965601828,4117.7915,53685,13380,4117.7915,395.34045884665153,5.982273586448069,0.04844979065339027,8.32331507407259,8.32307225493147,16.158835498104573,13380,1284.5855209930364,7.158969551908914,0.15742861165806035,9.50159106930499,9.50151633368222,53685,5154.183385239998,8.547757970064675,0.6316558308567242,10.890907538871803,10.890888911868236
SWE,2022,494.0,0.6332238851021403,0.5765196025640598,0.6823245452627418,2.580377056642596,0.0722503049475041,55.0,1.134125538696243,220407.0893049678,61.6,0.8221265503126767,3.47239,8639.24439,1771.0,22353.75,54836.8907235124,7.31909990310669,95.00970335,17.2566541363702,83.8976135253906,140.781664517726,45805.4450768818,21.597,33.6641523203769,10486941.0,7.665087628017621,,482.0,487.0,Sweden,497.75,497.0,493.0,0.6106271294832609,0.5848349441048298,0.628573445480042,0.662028778540997,0.5997328314157095,0.641944772238228,497.0,499.3333333333333,494.0,501.25,504.0,500.0,75.1148529052734,70.4342498779297,66.4283218383789,25.07958984375,23.9369201660156,22.9988498687744,14.5057835745267,15.1103424459526,18.1290954128906,228377.87426585183,246809.2946425224,242318.80024884405,1.1463614247776683,1.13702521328653,1.157543950916575,20.092,17.873,20.363,0.564756347559086,0.3797937674237778,0.5504390883216213,0.253592052070111,4185.9014,51185,18918,4185.9014,399.1537093610043,5.991848746696378,0.046202386614161324,8.339716216661373,8.339477348022365,16.165641326787558,18918,1803.9578939177784,7.498292543025517,0.20880968432909194,9.84792198708642,9.847869128773116,51185,4880.832265576778,8.493275892635664,0.5649605503956322,10.84322133613675,10.84320179935387
SWE,2023,494.0,0.6451695052971341,0.6348970806757036,0.6456841721871309,2.596362512859443,0.0864524850846756,55.0,1.1501807970854965,221989.3764484377,64.2,0.8728518724179959,3.59978,8910.73864,1771.0,22353.75,54950.2834725622,7.31909990310669,95.70327461,17.6238520277113,81.3998184204102,140.265691285045,52996.3464606147,21.941,34.883027208531,10536632.0,,,482.0,487.0,Sweden,496.5,499.0,495.0,0.5792155536206436,0.6779195532183816,0.5899510406822198,0.6599759693929292,0.6447289192154478,0.6005976772134795,492.0,502.0,496.6666666666667,496.5,506.0,502.0,79.1196365356445,73.4083786010742,68.306037902832,32.541038761967,30.9924607148911,23.4782295227051,15.1359508380239,14.1643140590828,17.8376016375053,237386.98689175968,243408.14712082924,235697.06830442208,1.1598066515682368,1.135602270912435,1.1338148173669478,23.891,17.398,18.894,0.579665406735242,0.3897841952307758,0.5584209651659634,0.2592425000349218,4041.3389,52072,15863,4041.3389,383.5512998840616,5.952077199770557,0.04304371560875021,8.304578739080172,8.304331326941826,16.170368505420207,15863,1505.5095404299968,7.317550691394643,0.16895451670771897,9.671807670199632,9.671744632408455,52072,4941.996645607438,8.50572703469201,0.5546113341741374,10.860401859246654,10.860382655252224
TUR,2012,463.0,,0.6782114699941383,0.7097216122233182,,,,1.7764421338893592,88412.44481569683,34.1,,0.82595,1100.18611,4434.0,27961.75,11776.7593362033,4.38721990585327,45.13,2.15485262575385,70.1044998168945,90.0040810031246,222.584847653222,17.342,20.4976116552789,75175827.0,5.921447970055345,4.094039942526369,448.0,475.0,TUR,,,,,,,,,,,,,,,,,,,,,,,,,,,,,,,,,,0.5119373534816452,0.0742597812008237,0.2151957920793937,0.1981476671117211,493.1389,36378,13568,493.1389,6.559806784699555,2.022845632285417,0.005962451920702357,6.202816651754965,6.20079087878209,18.135340287776028,13568,180.48354825547847,5.201165006376057,0.1640481974958568,9.515543058145953,9.515469358031684,36378,483.90555118203093,6.183954132142357,0.4398397205560347,10.501746964063756,10.501719475299785
TUR,2013,450.3333333333333,,0.6782114699941383,0.7097216122233182,,,,1.7774743117418668,87259.25765972072,36.03,,0.81206,1175.90164,4392.0,30007.39,12635.5570016068,4.34479999542236,46.25,3.13055257636753,79.6469573974609,91.1758435342703,263.251812032901,18.442,20.4976116552789,76147624.0,5.979059501050891,4.072055322651201,438.6666666666667,459.3333333333333,TUR,,,,,,,,,,,,,,,,,,,,,,,,,,,,,,,,,,0.4925415480434972,0.0775692111226747,0.2183645523460412,0.2062014419085488,755.0833,42901,15939,755.0833,9.916045443519026,2.3902337658567587,0.008432716739402648,6.628151555294776,6.626828074288822,18.14818443524283,15939,209.3171022644121,5.348616402580478,0.1780056215113469,9.676586952344206,9.676524215119054,42901,563.3924966588584,6.335749925522567,0.4791153252059912,10.666673723876048,10.666650414667744
TUR,2014,437.6666666666667,,0.6782114699941383,0.7097216122233182,,,,1.756647702106162,89864.94935920769,38.2,,0.8564,1163.53689,4766.0,30611.18,12209.3862327674,4.41256999969482,51.0373665521645,3.37973172045524,86.9976806640625,92.1219361989572,298.865469518728,17.698,20.4976116552789,77181884.0,5.985474003694895,4.139162431477736,429.3333333333333,443.6666666666667,TUR,,,,,,,,,,,,,,,,,,,,,,,,,,,,,,,,,,0.4710197077984867,0.0785779814882189,0.2356277572812725,0.2023213810276307,820.6667,50250,18230,820.6667,10.63289281717974,2.4538366731052355,0.009138423464321567,6.711334838376631,6.7101170586936725,18.16167532424485,18230,236.1953227262501,5.4688839482371225,0.20299770875872283,9.810878720803466,9.810823867672708,50250,651.0595154686818,6.4801358391544435,0.559552104504982,10.824785726220822,10.824765825921322
TUR,2015,425.0,,0.6782114699941383,0.7097216122233182,,,,1.7247836083953292,94202.10052254352,37.81,,0.96732,1136.18026,5352.0,32539.53,11064.6494504662,4.30550003051758,53.7449791423583,3.43610443571744,95.5645065307617,92.0327105332494,364.977692803257,18.299,20.4976116552789,78218479.0,6.033105927093086,4.240228723678214,420.0,428.0,TUR,463.0,,,0.6782114699941383,,,0.7097216122233182,,,448.0,,,475.0,,,70.1044998168945,,,20.4976116552789,,,2.15485262575385,,,88412.44481569683,,,1.7764421338893592,,,17.342,,,0.4506775162180291,0.0809982749220447,0.2400751935777968,0.2033322439565076,974.6333,57401,20028,974.6333,12.460396986241575,2.599751817558883,0.010966919092786891,6.883086798600582,6.882061297689437,18.175016481947893,20028,256.0520257623521,5.549278499281011,0.22536214963139045,9.904936502301233,9.904886573449835,57401,733.8547199313349,6.599672819718165,0.6458963826139127,10.957834424906222,10.957817003758691
TUR,2016,439.3333333333333,,0.6782114699941383,0.7097216122233182,,,,1.6413946504074353,97327.80803146953,39.03,,1.11979,1263.789,6230.0,34932.25,10984.3643169061,4.62773990631104,58.3477340145685,3.03814599740941,103.71558380127,91.9286950751339,1310.01097127093,19.369,20.4976116552789,79277962.0,6.0904724732498,4.376816338078544,431.3333333333333,440.6666666666667,TUR,450.3333333333333,,,0.6782114699941383,,,0.7097216122233182,,,438.6666666666667,,,459.3333333333333,,,79.6469573974609,,,20.4976116552789,,,3.13055257636753,,,87259.25765972072,,,1.7774743117418668,,,18.442,,,0.4876044769133184,0.0900431030454577,0.2647653519950498,0.1978052579407258,1019.9167,63736,21072,1019.9167,12.865072136945194,2.629372881863092,0.010179762711137061,6.928456228156565,6.927476236276746,18.188470741298378,21072,265.79896188552374,5.5864954230501045,0.21031909748029437,9.955747879197213,9.955700423983062,63736,803.9560855512406,6.690787723820283,0.6361473992503817,11.062520520657214,11.062504831060203
TUR,2017,453.6666666666667,,0.6782114699941383,0.7097216122233182,,,,1.6259581294288246,89067.94313634034,38.9,,1.17632,1420.59574,8175.0,33087.1,10756.3877677883,4.32369995117188,64.6846176835371,3.23291293505096,110.534072875977,93.6407569517097,3384.80721940135,20.469,20.4976116552789,80312698.0,6.023395387176487,4.632684495011062,442.6666666666667,453.3333333333333,TUR,437.6666666666667,463.0,,0.6782114699941383,0.6782114699941383,,0.7097216122233182,0.7097216122233182,,429.3333333333333,448.0,,443.6666666666667,475.0,,86.9976806640625,70.1044998168945,,20.4976116552789,20.4976116552789,,3.37973172045524,2.15485262575385,,89864.94935920769,88412.44481569683,,1.756647702106162,1.7764421338893592,,17.698,17.342,,0.5232387951247828,0.0953612220528156,0.2771708990852878,0.1976081839796501,1149.0,65689,20344,1149.0,14.30657951498529,2.728282769619585,0.010070830928287375,7.047517221357296,7.046647277848756,18.201438298420424,20344,253.30988133408243,5.538553528669159,0.1783124320322701,9.92059046043579,9.920541307101956,65689,817.9154932635932,6.70798089570102,0.5757552766303475,11.092701985886519,11.092686762753445
TUR,2018,468.0,,0.6782114699941383,0.7097216122233182,,,,1.622981077562552,77647.88448504034,37.42,,1.27093,1585.08328,7156.0,33902.25,9684.11819884721,4.29729986190796,71.0427608433809,2.67353129854845,115.462463378906,94.9085818111026,4383.72751384509,20.011,20.4976116552789,81407204.0,6.0341712472476345,4.487554529923656,454.0,466.0,TUR,425.0,450.3333333333333,,0.6782114699941383,0.6782114699941383,,0.7097216122233182,0.7097216122233182,,420.0,438.6666666666667,,428.0,459.3333333333333,,95.5645065307617,79.6469573974609,,20.4976116552789,20.4976116552789,,3.43610443571744,3.13055257636753,,94202.10052254352,87259.25765972072,,1.7247836083953292,1.7774743117418668,,18.299,18.442,,0.5570396724276488,0.0998903684081581,0.2971982369580154,0.1876837362262072,1337.3094,74344,21464,1337.3094,16.42740856202358,2.8580441716008353,0.010363751084437394,7.199162454613872,7.198414963942509,18.21497432828527,21464,263.6621692596149,5.57845417971279,0.16633963185809073,9.97417898065866,9.97413239210546,74344,913.2361307974661,6.818088886881574,0.5761439429210723,11.216471700131324,11.216458249237176
TUR,2019,470.0,,0.6782114699941383,0.7097216122233182,,,,1.608660003943696,71351.98113759886,36.95,,1.3196,1737.57621,7871.0,37976.86,9395.23378001368,4.44776010513306,73.9767022871511,3.02817669225913,117.005470275879,94.6498130829997,5494.176274385,25.039,20.4976116552789,82579440.0,6.133143673286006,4.567616611212135,453.75,463.5,TUR,439.3333333333333,437.6666666666667,463.0,0.6782114699941383,0.6782114699941383,0.6782114699941383,0.7097216122233182,0.7097216122233182,0.7097216122233182,431.3333333333333,429.3333333333333,448.0,440.6666666666667,443.6666666666667,475.0,103.71558380127,86.9976806640625,70.1044998168945,20.4976116552789,20.4976116552789,20.4976116552789,3.03814599740941,3.37973172045524,2.15485262575385,97327.80803146953,89864.94935920769,88412.44481569683,1.6413946504074353,1.756647702106162,1.7764421338893592,19.369,17.698,17.342,0.5580207197493333,0.1064488871629445,0.3114150727828625,0.2070482425590989,1630.25,88177,21837,1630.25,19.741596697676805,3.032141186225584,0.011361571702041667,7.397101871071004,7.396488656273312,18.229271297096247,21837,264.4362809919757,5.581374815614536,0.15218686781627594,9.99140685057401,9.991361057786367,88177,1067.7839423469086,6.97427677866775,0.6145249550504083,11.387112777774695,11.387101437013163
TUR,2020,472.0,,0.6782114699941383,0.7097216122233182,,,,1.5553607412541497,61238.436271046165,34.9,,1.36748,1964.65668,7920.0,40923.32,8798.11791709313,4.03382015228271,77.6695605,3.15277011329118,118.883682250977,95.3960853737199,6837.08326277681,24.919,20.4976116552789,83384680.0,6.198026261652055,4.564155216741247,453.5,461.0,TUR,453.6666666666667,425.0,450.3333333333333,0.6782114699941383,0.6782114699941383,0.6782114699941383,0.7097216122233182,0.7097216122233182,0.7097216122233182,442.6666666666667,420.0,438.6666666666667,453.3333333333333,428.0,459.3333333333333,110.534072875977,95.5645065307617,79.6469573974609,20.4976116552789,20.4976116552789,20.4976116552789,3.23291293505096,3.43610443571744,3.13055257636753,89067.94313634034,94202.10052254352,87259.25765972072,1.6259581294288246,1.7247836083953292,1.7774743117418668,20.469,18.299,18.442,0.5593269240295917,0.1131698834806153,0.310836512596421,0.1953851253820734,1520.2667,102369,26061,1520.2667,18.231966591465,2.9565738212186448,0.009279975874189378,7.327298622055778,7.32664105897524,18.23897515740978,26061,312.5394257074561,5.747925111998266,0.1590809370864003,10.168233593704851,10.16819522292803,102369,1227.6715578928886,7.113688830475782,0.6248784178887116,11.536348979913816,11.536339211379243
TUR,2021,474.0,,0.6782114699941383,0.7097216122233182,,,,1.5086706092604083,63335.91426306758,38.3,,1.40209,2209.69913,8234.0,47600.4,9981.76398411336,3.53787994384766,81.40843745,3.28362739970141,125.763786315918,99.5415432248525,7755.87404936661,22.36,20.4976116552789,84147318.0,6.339793620322849,4.5936257824226505,453.25,458.5,TUR,468.0,439.3333333333333,437.6666666666667,0.6782114699941383,0.6782114699941383,0.6782114699941383,0.7097216122233182,0.7097216122233182,0.7097216122233182,454.0,431.3333333333333,429.3333333333333,466.0,440.6666666666667,443.6666666666667,115.462463378906,103.71558380127,86.9976806640625,20.4976116552789,20.4976116552789,20.4976116552789,2.67353129854845,3.03814599740941,3.37973172045524,77647.88448504034,97327.80803146953,89864.94935920769,1.622981077562552,1.6413946504074353,1.756647702106162,20.011,19.369,17.698,0.5654850835014174,0.1243149798969124,0.3108890188385961,0.1793102676063249,1667.875,119062,38845,1667.875,19.820893162631755,3.0359569615285276,0.008969951109421741,7.419905025710259,7.419305640062585,18.24807960643542,38845,461.6308745574042,6.136929488939459,0.2089111898946189,10.567360390392079,10.567334647384522,119062,1414.923289652559,7.255537098812021,0.6403239565255018,11.687408043769405,11.687399644819275
TUR,2022,476.0,,0.6782114699941383,0.7097216122233182,,,,1.5344417081760993,58185.97190448327,38.1,,1.32342,2478.67633,8234.0,52657.73,10897.8397861365,3.09571003913879,83.43716576,3.66403554879462,127.577972412109,103.720593629066,9166.00138199718,19.289,20.9415740107689,84979913.0,6.430765930170452,,453.0,456.0,TUR,470.0,453.6666666666667,425.0,0.6782114699941383,0.6782114699941383,0.6782114699941383,0.7097216122233182,0.7097216122233182,0.7097216122233182,453.75,442.6666666666667,420.0,463.5,453.3333333333333,428.0,117.005470275879,110.534072875977,95.5645065307617,20.4976116552789,20.4976116552789,20.4976116552789,3.02817669225913,3.23291293505096,3.43610443571744,71351.98113759886,89067.94313634034,94202.10052254352,1.608660003943696,1.6259581294288246,1.7247836083953292,25.039,20.469,18.299,0.5684783642730237,0.1310618745859038,0.3081406837386605,0.1674285718200954,1719.0833,127104,43724,1719.0833,20.229289949967352,3.0553818295584554,0.008161327763987385,7.450127998867351,7.449546462614829,18.257925468880117,43724,514.5215905316354,6.245179185279542,0.20757917615311858,10.685675299886803,10.685652429413727,127104,1495.69463550757,7.311014379315122,0.6034247462667182,11.752768795506851,11.75276092796479
TUR,2023,476.0,,0.6782114699941383,0.7097216122233182,,,,1.5424440479315429,71928.3921072044,38.6,,1.42224,2644.6573,8234.0,52657.73,13375.0947282864,3.09571003913879,85.96074155,4.51829098986852,105.88606262207,105.684032912794,9881.98609883873,17.306,21.8643391177776,85325965.0,,,453.0,456.0,TUR,472.0,468.0,439.3333333333333,0.6782114699941383,0.6782114699941383,0.6782114699941383,0.7097216122233182,0.7097216122233182,0.7097216122233182,453.5,454.0,431.3333333333333,461.0,466.0,440.6666666666667,118.883682250977,115.462463378906,103.71558380127,20.4976116552789,20.4976116552789,20.4976116552789,3.15277011329118,2.67353129854845,3.03814599740941,61238.436271046165,77647.88448504034,97327.80803146953,1.5553607412541497,1.622981077562552,1.6413946504074353,24.919,20.011,19.369,0.5510723271318162,0.1414926609227538,0.3182350452192565,0.1690138774977026,1837.3333,130609,32866,1837.3333,21.533108942863993,3.1149857361743027,0.008142116917327623,7.516614624887127,7.51607050588315,18.261989362391304,32866,385.18169703676955,5.956307976423841,0.14564522104121755,10.400224393859018,10.400193967741235,130609,1530.7063916593268,7.334137681580341,0.5787919635785426,11.779971062571567,11.779963406160663
USA,2012,497.0,0.6301599098691386,0.711813450972729,0.6889234119799339,2.292405120980422,0.1603871611939981,55.0,1.4443484650782998,370052.8643809831,57.7,0.8219380935548435,2.67272,3734.6577,268782.0,430163.93,51708.4011556577,4.93064022064209,74.7,20.174250704896,88.7264175415039,96.1284261999864,3836.05795090734,16.211,31.0561865240495,314339099.0,7.222179786971474,6.752352396061413,481.0,498.0,United States,,,,,,,,,,,,,,,,,,,,,,,,,,,,,,,,,,0.6465149604293627,0.5989839245804387,0.3292182569981893,0.3501902771431003,50152.656,742675,265262,50152.656,159.54953157131752,5.078602502881423,0.0427213266616958,10.822846692029023,10.82282675310434,19.56598289428526,265262,843.8721140445848,6.73918527157753,0.22595701717043162,12.488477065642838,12.488473295792218,742675,2362.655496445258,7.767964638822404,0.6326297310849285,13.51801515860719,13.518013812124101
USA,2013,496.6666666666667,0.6314536629922148,0.711813450972729,0.6889234119799339,2.098009252541135,0.1401355630898818,55.0,1.4336245030782813,375774.4677542726,60.31,0.8049019840742783,2.69591,3815.20951,287831.0,432033.06,53179.0127634561,4.93064022064209,71.4,20.188635370966,88.7264175415039,97.0595305732914,4294.07370746707,15.558,31.6606597900391,316726282.0,7.218952292915996,6.813190628933923,477.3333333333333,497.6666666666667,United States,,,,,,,,,,,,,,,,,,,,,,,,,,,,,,,,,,0.6458654531870486,0.6173585727509028,0.3209122745278192,0.3486581244128762,55715.148,768516,277825,55715.148,175.90945610254093,5.1756380542455265,0.04610741707407332,10.928025294132917,10.928007345853826,19.573548495119628,277825,877.1769688503463,6.777848132379884,0.22991580581647958,12.534750297435474,12.534746698053848,768516,2426.435833323109,7.794590766581557,0.6359901931894453,13.552217962731087,13.552216661522849
USA,2014,496.3333333333333,0.6512117278292768,0.711813450972729,0.6889234119799339,2.3867416667782195,0.1857076236705822,55.0,1.422698581262778,380362.2277709296,60.09,0.8016879432399676,2.70882,3915.0339,285096.0,434412.33,54973.4207515712,4.93064022064209,73.0,20.4843982208576,88.6268692016602,99.839569071329,5115.54683309614,13.411,31.9557991027832,319257560.0,7.216485904397838,6.795702267728772,473.6666666666667,497.3333333333333,United States,,,,,,,,,,,,,,,,,,,,,,,,,,,,,,,,,,0.6439006257878567,0.6217708617356636,0.3292395974012571,0.3407419745530876,59813.523,804282,289665,59813.523,187.35193929315253,5.238312230305658,0.04785448710754523,10.999003769984894,10.998987051497323,19.581508733097717,289665,907.3081934222638,6.811583741079906,0.23174976682124354,12.576483814080799,12.576480361822936,804282,2519.226169616782,7.832103926326122,0.6434749312430684,13.59770647627689,13.597705232932666
USA,2015,496.0,0.6435384876178708,0.711813450972729,0.6889234119799339,2.4011613599326807,0.1442675162543172,55.0,1.4198671699068657,397230.134121723,60.1,0.7755442408890142,2.77328,3949.66371,288335.0,436908.38,56572.9188996063,4.93064022064209,74.5542024462761,21.3904480368657,88.8894119262695,101.831958781319,6337.61084209589,11.634,32.5007591247559,321815121.0,7.214237875410522,6.799016548270476,470.0,497.0,United States,497.0,,,0.711813450972729,,,0.6889234119799339,,,481.0,,,498.0,,,88.7264175415039,,,31.0561865240495,,,20.174250704896,,,370052.8643809831,,,1.4443484650782998,,,16.211,,,0.6432713129259725,0.6302362355334351,0.3369747634243628,0.343586040197227,55171.281,825282,290052,55171.281,171.43781444626404,5.150036675513437,0.04340567375703589,10.918215950345639,10.918197825137755,19.589487780231543,290052,901.3000977042344,6.804947167283985,0.2281966678383954,12.577818943885024,12.577815496233306,825282,2564.4599838427107,7.849893072459831,0.6492856537000491,13.623481636798406,13.623480425092112
USA,2016,498.0,0.5879741901654003,0.711813450972729,0.6889234119799339,2.69787761554546,0.1668205811036827,55.0,1.4164409804305584,419557.1467329634,61.4,0.7696360073768975,2.83677,3897.11007,295327.0,437546.04,57638.1018367192,4.78327989578247,85.5444212887222,22.4192942002286,88.8350524902344,102.751864866695,11389.9150845803,10.432,33.4396896362305,324353340.0,7.207844762829281,6.815102701621528,472.6666666666667,499.6666666666667,United States,496.6666666666667,,,0.711813450972729,,,0.6889234119799339,,,477.3333333333333,,,497.6666666666667,,,88.7264175415039,,,31.6606597900391,,,20.188635370966,,,375774.4677542726,,,1.4336245030782813,,,15.558,,,0.6524072100338593,0.6377614588482585,0.3699742616201367,0.3520311160253853,54584.91,824286,282035,54584.91,168.28841657681096,5.131603867287506,0.04318287488780397,10.907531069822086,10.907512749908394,19.597344035088433,282035,869.5301241541092,6.7691023641857155,0.22312177704390815,12.54979000134693,12.549786455693988,824286,2541.3211407041467,7.840832777642547,0.6521040194033182,13.622274049219781,13.62227283604936
USA,2017,500.0,0.6228244150568801,0.711813450972729,0.6889234119799339,2.249499739562723,0.1432284082545993,55.0,1.3981974529104988,427640.81140388624,61.4,0.8070781576676648,2.88315,4020.59227,293904.0,440417.99,59635.0984397965,5.09296989440918,87.2748891687657,19.2659699620243,88.1673889160156,102.380562632686,30199.9571603454,9.238,32.0158805847168,326608609.0,7.207458305535516,6.803356582226961,475.3333333333333,502.3333333333333,United States,496.3333333333333,497.0,,0.711813450972729,0.711813450972729,,0.6889234119799339,0.6889234119799339,,473.6666666666667,481.0,,497.3333333333333,498.0,,88.6268692016602,88.7264175415039,,31.9557991027832,31.0561865240495,,20.4843982208576,20.174250704896,,380362.2277709296,370052.8643809831,,1.422698581262778,1.4443484650782998,,13.411,16.211,,0.6516391455066982,0.6451454192289544,0.4016535352079782,0.33698262098506,54929.496,837233,269791,54929.496,168.18140883726676,5.130971564286915,0.041830008502022696,10.91382395597003,10.913805750980536,19.60427309761435,269791,826.0376259708452,6.717850190930508,0.20545172713343676,12.505406570722402,12.505402864156405,837233,2563.4137525137926,7.849485174957009,0.637571178664628,13.637858880291706,13.637857685881782
USA,2018,502.0,0.6442841025870656,0.711813450972729,0.6889234119799339,2.335889913539936,0.1515281461978651,55.0,1.3847916213155531,432237.5128960796,59.81,0.7732867747153128,2.98956,4322.78826,285095.0,447164.41,62499.8744390068,4.89502000808716,88.498903165152,18.4842699258676,88.2991790771484,103.935307364,65494.8762801956,8.607,34.9924697875977,328529577.0,7.216789168689717,6.7671025544333645,478.0,505.0,United States,496.0,496.6666666666667,,0.711813450972729,0.711813450972729,,0.6889234119799339,0.6889234119799339,,470.0,477.3333333333333,,497.0,497.6666666666667,,88.8894119262695,88.7264175415039,,32.5007591247559,31.6606597900391,,21.3904480368657,20.188635370966,,397230.134121723,375774.4677542726,,1.4198671699068657,1.4336245030782813,,11.634,15.558,,0.6689838563814059,0.656191914408757,0.4322696780635096,0.3318500679259335,54372.656,865192,256073,54372.656,165.50307736828213,5.115013791942081,0.0382861864643544,10.90363505084413,10.90361665941583,19.610137428365576,256073,779.4518908719137,6.659873099198481,0.1803122993750135,12.453221744191184,12.453217839062383,865192,2633.5284874518316,7.876459502819889,0.6092198666820269,13.670707882413424,13.67070672660128
USA,2019,501.25,0.6406204022776042,0.711813450972729,0.6889234119799339,2.4160821427310073,0.1375848310786712,55.0,1.3886961872960264,465963.7745838322,61.73,0.7945312729803939,3.14297,4367.20971,285113.0,451480.17,64746.4506778863,4.95746994018555,89.4302848575712,18.6853939276571,87.8887100219727,105.32074052965,123268.08312533,8.375,36.0551531503778,330226227.0,7.221239937483784,6.762020475003501,474.75,504.75,United States,498.0,496.3333333333333,497.0,0.711813450972729,0.711813450972729,0.711813450972729,0.6889234119799339,0.6889234119799339,0.6889234119799339,472.6666666666667,473.6666666666667,481.0,499.6666666666667,497.3333333333333,498.0,88.8350524902344,88.6268692016602,88.7264175415039,33.4396896362305,31.9557991027832,31.0561865240495,22.4192942002286,20.4843982208576,20.174250704896,419557.1467329634,380362.2277709296,370052.8643809831,1.4164409804305584,1.422698581262778,1.4443484650782998,10.432,13.411,16.211,0.6697584700923773,0.6672655827957927,0.4905470538295799,0.3481722088792167,56032.676,914104,227290,56032.676,169.67966629737134,5.139788503181793,0.03885310703281326,10.933708146117393,10.933690299547354,19.61528851391572,227290,688.2857308604989,6.535655888764093,0.1576030867683015,12.333986413808152,12.333982014152205,914104,2768.11447807869,7.926282865067797,0.6338405210403074,13.725700723488016,13.725699629521188
USA,2020,500.5,0.6570722145951354,0.711813450972729,0.6889234119799339,2.438466677494184,0.1563756926380712,55.0,1.3409057238601043,475262.1409719448,60.56,0.8010044410199616,3.41788,4567.79267,269586.0,457586.9,63515.9491807833,5.39530992507935,90.34470367,19.4939761609452,87.5676574707031,103.855170008567,140775.773474768,14.891,37.5242881774902,331577720.0,7.230584219389538,6.702009692054107,471.5,504.5,United States,500.0,496.0,496.6666666666667,0.711813450972729,0.711813450972729,0.711813450972729,0.6889234119799339,0.6889234119799339,0.6889234119799339,475.3333333333333,470.0,477.3333333333333,502.3333333333333,497.0,497.6666666666667,88.1673889160156,88.8894119262695,88.7264175415039,32.0158805847168,32.5007591247559,31.6606597900391,19.2659699620243,21.3904480368657,20.188635370966,427640.81140388624,397230.134121723,375774.4677542726,1.3981974529104988,1.4198671699068657,1.4336245030782813,9.238,11.634,15.558,0.6722212133723448,0.6704696986021926,0.5216692628759291,0.3791995522598707,57041.07,999413,193508,57041.07,172.02926059085033,5.153460716559134,0.03766135484228322,10.95154434475228,10.951526813678013,19.619372789583306,193508,583.5977157934495,6.370923945371273,0.12776361756223265,12.173079301998248,12.173074134266598,999413,3014.113855418271,8.011392871439417,0.659862229565308,13.814924386199168,13.814923385612325
USA,2021,499.75,0.6663073311133941,0.711813450972729,0.6889234119799339,2.42849688753546,0.127118787002648,55.0,1.3528002596450053,496930.50718977186,61.3,0.8391582417824561,3.4689,4900.77179,262244.0,472448.44,70205.050916026,5.42038011550903,91.2684021,19.9014614131792,84.8550872802734,106.324514306135,156949.432905341,9.704,35.0492286682129,332099760.0,7.260951178958334,6.672860817138887,468.25,504.25,United States,502.0,498.0,496.3333333333333,0.711813450972729,0.711813450972729,0.711813450972729,0.6889234119799339,0.6889234119799339,0.6889234119799339,478.0,472.6666666666667,473.6666666666667,505.0,499.6666666666667,497.3333333333333,88.2991790771484,88.8350524902344,88.6268692016602,34.9924697875977,33.4396896362305,31.9557991027832,18.4842699258676,22.4192942002286,20.4843982208576,432237.5128960796,419557.1467329634,380362.2277709296,1.3847916213155531,1.4164409804305584,1.422698581262778,8.607,10.432,13.411,0.6568242544210481,0.690648625494741,0.5423397466756701,0.3688806446482005,57787.887,941905,240566,57787.887,174.00761445898064,5.164829484171104,0.03550616554193409,10.964551769738922,10.964534465224089,19.62094596367282,240566,724.3787228271409,6.586693894776962,0.14780911127207186,12.390753916008588,12.39074975915383,941905,2836.2110228565057,7.950576814438285,0.5787274217999254,13.755660760893603,13.755659699215972
USA,2022,499.0,0.6656890347285935,0.711813450972729,0.6889234119799339,2.1975986741489386,0.1329224141617757,55.0,1.3387626560520034,541431.3440602795,61.8,0.8042060539408065,3.48736,4937.49441,262244.0,457335.25,76657.2488844403,5.42038011550903,92.72850037,20.5789833007379,79.361930847168,108.785640656159,180213.052484185,8.105,37.6611289978027,334017321.0,7.22270922757261,,465.0,504.0,United States,501.25,500.0,496.0,0.711813450972729,0.711813450972729,0.711813450972729,0.6889234119799339,0.6889234119799339,0.6889234119799339,474.75,475.3333333333333,470.0,504.75,502.3333333333333,497.0,87.8887100219727,88.1673889160156,88.8894119262695,36.0551531503778,32.0158805847168,32.5007591247559,18.6853939276571,19.2659699620243,21.3904480368657,465963.7745838322,427640.81140388624,397230.134121723,1.3886961872960264,1.3981974529104988,1.4198671699068657,8.375,9.238,11.634,0.6587723547896767,0.6954141691978513,0.5701557411997138,0.3835685473261677,57493.75,905716,307571,57493.75,172.12804961093622,5.154031491867679,0.034861416604811145,10.95944891826912,10.959431525225467,19.626703408877766,307571,920.8235042397697,6.82635377816026,0.18649611073479064,12.636464485162197,12.636461233885663,905716,2711.583930104032,7.905656939343858,0.5491821772217524,13.716482174199031,13.716481070100784
USA,2023,499.0,0.6522345011489107,0.711813450972729,0.6889234119799339,2.59679507894153,0.1273266586730008,55.0,1.3564999135796867,541431.3440602795,63.5,0.7665150072285477,3.44716,4937.49441,262244.0,457335.25,81032.262117545,5.42038011550903,93.52559662,21.8459878355521,79.361930847168,112.410910606372,186692.908896926,7.953,38.601131439209,336806231.0,,,465.0,504.0,United States,500.5,502.0,498.0,0.711813450972729,0.711813450972729,0.711813450972729,0.6889234119799339,0.6889234119799339,0.6889234119799339,471.5,478.0,472.6666666666667,504.5,505.0,499.6666666666667,87.5676574707031,88.2991790771484,88.8350524902344,37.5242881774902,34.9924697875977,33.4396896362305,19.4939761609452,18.4842699258676,22.4192942002286,475262.1409719448,432237.5128960796,419557.1467329634,1.3409057238601043,1.3847916213155531,1.4164409804305584,14.891,8.607,10.432,0.6624759039546785,0.7007811079843207,0.5821057718104958,0.3896015844514207,54258.77,981687,246423,54258.77,161.09788063867498,5.088200354249466,0.032627455802765146,10.901538347353958,10.901519917323474,19.635018340755135,246423,731.646202828118,6.596662915279527,0.14818167719771008,12.41480890849558,12.414804850441051,981687,2914.693701138801,7.977863046849653,0.590318379953123,13.79702881791231,13.797027799258206
